ingredients,dish
nguyên liệu: cá,ca_kho
ăn với thịt nhanh,thit_nuong
làm món từ cà chua đậu hũ ngon,dau_hu_sot_ca
trứng hành chiên,trung_xao_hanh
nấu sườn được gì,suon_kho
nấu tôm mì mực được gì,mi_xao_hai_san
mình có tôm tỏi luộc,tom_xao_toi
món ăn từ tỏi rau luộc,rau_xao_toi
có trứng thì nấu gì,trung_cuon
nguyên liệu: rau thịt hấp,thit_xao_rau
mì trứng gia đình chiên,mi_xao_trung
làm món từ rau tôm mực,lau_thai
có bò phở thì nấu gì,pho_bo
nguyên liệu: trứng bánh mì,banh_mi_op_la
nấu mì rau được gì,mi_tron
nấu trứng được gì,trung_luoc
nấu trứng mì được gì,mi_xao_trung
làm món từ trứng,trung_cuon
nấu sườn nhanh được gì,suon_nuong
có cà chua trứng thì nấu gì,canh_trung_ca_chua
rau trứng cơm,com_tron
món ăn từ trứng đơn giản hấp,trung_op_la
tôi muốn nấu tôm tỏi,tom_xao_toi
sườn,suon_nuong
tỏi tôm kho,tom_xao_toi
nấu sườn được gì chiên,suon_kho
tôi có sườn kho,suon_kho
có trứng thì nấu gì nướng,trung_chien
món ăn từ trứng cơm đậu xúc xích,com_chien_duong_chau
tôi muốn nấu trứng thịt kho,trung_xao_thit
mình có trứng hành hấp,trung_xao_hanh
ăn với trứng cà chua nướng,canh_trung_ca_chua
mình có mực tôm cơm nướng,com_chien_hai_san
ăn với bánh mì thịt ngon,banh_mi_thit
làm món từ trứng cà chua,trung_chien_ca_chua
hành bò chiên,bo_xao_hanh
tôi muốn nấu cà rốt khoai bò,bo_kho
tôi muốn nấu gà trộn,canh_ga
mình có đậu cơm xúc xích trứng,com_chien_duong_chau
ăn với cơm sườn,com_tam
cơm xúc xích trứng đậu,com_chien_duong_chau
tôi có mì rau ngon,mi_tron
làm món từ thịt bánh mì,banh_mi_thit
tôi có tôm tỏi,tom_xao_toi
nguyên liệu: thịt luộc,thit_nuong
mình có thịt bánh mì,banh_mi_thit
làm món từ bánh mì thịt,banh_mi_thit
ăn với rau mì hấp,mi_tron
có sườn thì nấu gì,suon_nuong
có mì thì nấu gì nướng,mi_goi
có gà thì nấu gì,ga_chien
ăn với cà chua trứng,canh_trung_ca_chua
tôi muốn nấu sườn trộn,suon_nuong
tôi có rau thịt nhanh,thit_xao_rau
làm món từ rau,canh_rau
nấu gà được gì,ga_nuong
gà,ga_chien
món ăn từ trứng,trung_hap
tôi muốn nấu bò bún,bun_bo
tôi có cá,ca_kho
có rau tỏi thì nấu gì nướng,rau_xao_toi
cá,ca_kho
tôi muốn nấu cơm sườn,com_tam
nguyên liệu: cà rốt khoai bò trộn,bo_kho
làm món từ trứng,trung_cuon
món ăn từ đậu hũ cà chua nhanh nướng,dau_hu_sot_ca
nấu gà được gì,ga_chien
món ăn từ thịt,thit_nuong
bún bò,bun_bo
có đậu hũ nhanh thì nấu gì nướng,dau_hu_chien
nấu cà rốt bò khoai được gì nướng,bo_kho
món ăn từ mì ngon,mi_goi
mình có mì,mi_goi
ăn với sườn,suon_nuong
tôi muốn nấu đậu xúc xích cơm trứng luộc,com_chien_duong_chau
xúc xích đậu cơm trứng,com_chien_duong_chau
có gà cà rốt ngon thì nấu gì,sup_ga
tôi có bò phở,pho_bo
nguyên liệu: hành bò gia đình,bo_xao_hanh
tôi có gà cà rốt,sup_ga
trứng cà chua xào,canh_trung_ca_chua
ăn với rau mì ngon chiên,mi_tron
nguyên liệu: gà ngon,ga_chien
mì rau,mi_tron
mình có bánh mì thịt nhanh,banh_mi_thit
tôi có đậu hũ,dau_hu_chien
tôi muốn nấu bò bún,bun_bo
nguyên liệu: rau mì đơn giản hấp,mi_tron
tôi muốn nấu mì gia đình luộc,mi_goi
tôi muốn nấu khoai cà rốt bò,bo_kho
tôi có trứng cơm xúc xích đậu,com_chien_duong_chau
có bánh mì thịt gia đình thì nấu gì,banh_mi_thit
tôi có gà,canh_ga
món ăn từ cà rốt bò khoai,bo_kho
bò mì,mi_xao_bo
cơm trứng hành,com_chien_trung
tôi có tỏi tôm ngon,tom_xao_toi
mình có thịt trứng,trung_xao_thit
nguyên liệu: bò mì đơn giản chiên,mi_xao_bo
tôm cơm mực nướng,com_chien_hai_san
món ăn từ mực tôm rau,lau_thai
món ăn từ trứng,trung_op_la
làm món từ thịt ngon xào,thit_nuong
mình có trứng gia đình,trung_hap
nguyên liệu: cơm trứng rau,com_tron
làm món từ cà rốt khoai bò hấp,bo_kho
cơm trứng đậu xúc xích kho,com_chien_duong_chau
món ăn từ trứng mì,mi_xao_trung
tôi muốn nấu thịt bánh mì,banh_mi_thit
tôi muốn nấu sườn trộn,suon_nuong
cà chua đậu hũ xào,dau_hu_sot_ca
tôi có cà chua trứng hấp,canh_trung_ca_chua
ăn với mì bò,mi_xao_bo
ăn với bò mì,mi_xao_bo
mình có thịt,thit_nuong
món ăn từ gà cơm luộc,com_ga
có bánh mì trứng thì nấu gì,banh_mi_op_la
tôi có cá,ca_chien
tôi muốn nấu rau hấp,canh_rau
tôi muốn nấu cá chiên,ca_kho
trứng cà chua,canh_trung_ca_chua
mình có cà chua trứng,trung_chien_ca_chua
rau mực tôm đơn giản,lau_thai
nấu trứng được gì xào,trung_hap
nấu rau thịt được gì,thit_xao_rau
có gà thì nấu gì hấp,ga_nuong
nấu rau mì được gì,mi_tron
có cà chua đậu hũ thì nấu gì,dau_hu_sot_ca
nấu bánh mì trứng được gì,banh_mi_op_la
tôi có rau mì,mi_tron
ăn với gà cơm,com_ga
nguyên liệu: trứng hấp,trung_hap
món ăn từ thịt trứng chiên,trung_xao_thit
nấu cà rốt gà được gì hấp,sup_ga
cơm đậu xúc xích trứng đơn giản chiên,com_chien_duong_chau
làm món từ sườn,suon_nuong
có gà đơn giản thì nấu gì kho,ga_nuong
tôi muốn nấu bò bún nướng,bun_bo
làm món từ mì trứng nhanh xào,mi_xao_trung
nguyên liệu: cà rốt gà,sup_ga
tôi muốn nấu thịt rau hấp,thit_xao_rau
nấu bò khoai cà rốt được gì kho,bo_kho
nấu bò bún được gì hấp,bun_bo
nấu thịt bánh mì được gì,banh_mi_thit
ăn với cơm sườn chiên,com_tam
ăn với mì kho,mi_goi
mình có rau gà,lau_ga
ăn với bún bò,bun_bo
món ăn từ đậu hũ đơn giản,dau_hu_chien
mình có trứng cà chua,trung_chien_ca_chua
nguyên liệu: bánh mì trứng gia đình luộc,banh_mi_trung
có thịt thì nấu gì,thit_nuong
sườn cơm ngon kho,com_tam
có trứng thì nấu gì nướng,trung_hap
nấu sườn được gì,suon_nuong
làm món từ thịt rau đơn giản chiên,thit_xao_rau
đậu hũ cà chua ngon,dau_hu_sot_ca
mình có trứng cơm hành,com_chien_trung
nấu trứng nhanh được gì luộc,trung_cuon
tôi có mì bò hấp,mi_xao_bo
làm món từ gà kho,ga_chien
món ăn từ trứng cà chua trộn,trung_chien_ca_chua
ăn với gà nướng,ga_nuong
tôi có trứng luộc,trung_luoc
có trứng bánh mì đơn giản thì nấu gì,banh_mi_trung
tôi muốn nấu mì trứng xào,mi_xao_trung
nấu rau mực tôm được gì nướng,lau_thai
làm món từ bò mì,mi_xao_bo
tôi muốn nấu gà,canh_ga
nguyên liệu: trứng cơm rau,com_tron
ăn với tôm mực mì nhanh,mi_xao_hai_san
tôi có bánh mì trứng,banh_mi_op_la
ăn với tôm mì mực,mi_xao_hai_san
tôi có sườn trộn,suon_nuong
tôi muốn nấu rau ngon,canh_rau
làm món từ mực mì tôm hấp,mi_xao_hai_san
nguyên liệu: bánh mì trứng,banh_mi_trung
có trứng thì nấu gì hấp,trung_op_la
nấu gà được gì nướng,ga_chien
món ăn từ rau hấp,canh_rau
mì luộc,mi_goi
làm món từ trứng,trung_chien
có trứng mì thì nấu gì kho,mi_xao_trung
tôi muốn nấu bánh mì trứng nướng,banh_mi_trung
mình có mì rau ngon trộn,mi_tron
làm món từ trứng,trung_chien
có cá thì nấu gì,ca_chien
nguyên liệu: sườn cơm gia đình nướng,com_tam
nguyên liệu: rau gà,lau_ga
trứng mì,mi_xao_trung
tôi muốn nấu sườn ngon luộc,suon_kho
nấu mì bò được gì luộc,mi_xao_bo
tôi muốn nấu sườn gia đình,suon_nuong
tôi có trứng gia đình chiên,trung_luoc
mình có trứng mì ngon,mi_xao_trung
món ăn từ trứng,trung_chien
tôi có gà trộn,canh_ga
làm món từ bánh mì thịt chiên,banh_mi_thit
mình có trứng,trung_chien
tôi có mì mực tôm nhanh kho,mi_xao_hai_san
có trứng cà chua thì nấu gì,canh_trung_ca_chua
nấu trứng cơm hành được gì,com_chien_trung
món ăn từ tỏi tôm,tom_xao_toi
nguyên liệu: cà chua trứng,trung_chien_ca_chua
nấu trứng hành ngon được gì,trung_xao_hanh
nguyên liệu: thịt trứng,thit_kho_trung
tôi có xúc xích đậu cơm trứng chiên,com_chien_duong_chau
mình có đậu hũ đơn giản,dau_hu_chien
món ăn từ trứng nhanh,trung_luoc
món ăn từ gà nhanh chiên,ga_nuong
món ăn từ cà chua đậu hũ,dau_hu_sot_ca
tôi muốn nấu cá nhanh,ca_chien
nguyên liệu: sườn,suon_kho
nấu cá đơn giản được gì luộc,ca_kho
nguyên liệu: mực cơm tôm,com_chien_hai_san
ăn với trứng thịt ngon,thit_kho_trung
mình có bánh mì trứng,banh_mi_trung
món ăn từ cà chua trứng hấp,trung_chien_ca_chua
có trứng cơm rau thì nấu gì,com_tron
mình có mì,mi_goi
ăn với cá,ca_kho
làm món từ trứng bánh mì chiên,banh_mi_trung
ăn với rau thịt,thit_xao_rau
nấu cơm sườn được gì,com_tam
nấu hành cơm trứng được gì,com_chien_trung
làm món từ sườn luộc,suon_kho
ăn với trứng bánh mì,banh_mi_trung
trứng gia đình,trung_chien
nấu rau gia đình được gì,canh_rau
nguyên liệu: cà rốt gà nhanh,sup_ga
làm món từ mì,mi_goi
ăn với rau ngon,canh_rau
xúc xích trứng cơm đậu,com_chien_duong_chau
ăn với thịt trứng gia đình nướng,trung_xao_thit
tôi muốn nấu tôm mực cơm,com_chien_hai_san
món ăn từ rau tỏi,rau_xao_toi
ăn với gà,ga_chien
có mì trứng thì nấu gì hấp,mi_xao_trung
mình có rau thịt,thit_xao_rau
tôi có khoai cà rốt bò,bo_kho
tỏi rau nhanh,rau_xao_toi
làm món từ rau mực tôm xào,lau_thai
nấu rau đơn giản được gì,canh_rau
nấu trứng cà chua được gì,trung_chien_ca_chua
có thịt rau thì nấu gì,thit_xao_rau
tôi có cà chua trứng,trung_chien_ca_chua
mình có bò mì,mi_xao_bo
làm món từ bò bún,bun_bo
tôi muốn nấu gà,ga_chien
nguyên liệu: rau trứng cơm gia đình trộn,com_tron
mì trứng luộc,mi_xao_trung
ăn với phở bò luộc,pho_bo
tôi có trứng hành cơm,com_chien_trung
tôi muốn nấu trứng mì nướng,mi_xao_trung
tôi có trứng,trung_op_la
có trứng rau cơm thì nấu gì nướng,com_tron
nấu gà được gì,canh_ga
làm món từ bánh mì trứng nhanh,banh_mi_trung
mình có tôm mực cơm luộc,com_chien_hai_san
món ăn từ thịt luộc,thit_nuong
có bò bún ngon thì nấu gì trộn,bun_bo
mình có rau,canh_rau
nấu mì đơn giản được gì,mi_goi
tôi muốn nấu rau tỏi xào,rau_xao_toi
món ăn từ gà,canh_ga
làm món từ gà rau,lau_ga
món ăn từ sườn,suon_kho
làm món từ rau tỏi luộc,rau_xao_toi
tôi muốn nấu hành trứng,trung_xao_hanh
tôi muốn nấu trứng cà chua đơn giản,trung_chien_ca_chua
nấu tỏi tôm được gì,tom_xao_toi
có tôm rau mực thì nấu gì,lau_thai
trứng gia đình luộc,trung_cuon
trứng bánh mì,banh_mi_trung
nấu mực rau tôm nhanh được gì,lau_thai
món ăn từ hành trứng luộc,trung_xao_hanh
nguyên liệu: gà rau hấp,lau_ga
tôi muốn nấu rau luộc,canh_rau
làm món từ cà chua đậu hũ chiên,dau_hu_sot_ca
tôi muốn nấu trứng bánh mì,banh_mi_op_la
nấu trứng thịt được gì kho,thit_kho_trung
có rau thì nấu gì,canh_rau
món ăn từ trứng mì xào,mi_xao_trung
mình có trứng hấp,trung_chien
mình có mì rau,mi_tron
tôi muốn nấu gà nhanh,ga_chien
món ăn từ cà chua trứng xào,trung_chien_ca_chua
tôi có trứng bánh mì chiên,banh_mi_op_la
món ăn từ thịt,thit_nuong
làm món từ trứng,trung_luoc
có trứng thịt thì nấu gì,trung_xao_thit
nấu trứng thịt ngon được gì,thit_kho_trung
tôi có gà luộc,canh_ga
hành trứng hấp,trung_xao_hanh
mình có gà cà rốt trộn,sup_ga
nguyên liệu: rau tỏi,rau_xao_toi
ăn với xúc xích cơm đậu trứng,com_chien_duong_chau
tôi muốn nấu sườn cơm chiên,com_tam
tôi có gà cơm nướng,com_ga
tôi muốn nấu thịt bánh mì nướng,banh_mi_thit
nấu cà rốt gà được gì trộn,sup_ga
món ăn từ cà chua đậu hũ,dau_hu_sot_ca
rau mì,mi_tron
mình có thịt trứng hấp,trung_xao_thit
nguyên liệu: bò hành,bo_xao_hanh
ăn với trứng xào,trung_op_la
tôi có thịt luộc,thit_nuong
ăn với trứng cà chua,canh_trung_ca_chua
làm món từ xúc xích trứng đậu cơm,com_chien_duong_chau
mình có cá,ca_chien
bò mì ngon hấp,mi_xao_bo
món ăn từ trứng thịt,trung_xao_thit
có gà cơm thì nấu gì,com_ga
làm món từ bánh mì trứng hấp,banh_mi_trung
mình có rau,canh_rau
có rau thì nấu gì luộc,canh_rau
tôi muốn nấu gà cà rốt,sup_ga
món ăn từ cơm gà hấp,com_ga
có đậu hũ ngon thì nấu gì,dau_hu_chien
có cà rốt bò khoai thì nấu gì luộc,bo_kho
nguyên liệu: thịt trứng gia đình,trung_xao_thit
nguyên liệu: trứng xào,trung_cuon
ăn với bò bún nhanh,bun_bo
tôi muốn nấu trứng cà chua hấp,canh_trung_ca_chua
làm món từ trứng,trung_luoc
nấu trứng cà chua được gì,canh_trung_ca_chua
mì,mi_goi
tôi có bánh mì trứng luộc,banh_mi_op_la
có tỏi tôm thì nấu gì nướng,tom_xao_toi
món ăn từ gà,ga_nuong
có trứng thì nấu gì,trung_hap
mình có rau tỏi,rau_xao_toi
món ăn từ bò cà rốt khoai nhanh kho,bo_kho
nấu thịt trứng được gì,thit_kho_trung
nấu rau gà được gì,lau_ga
tôi muốn nấu mì bò hấp,mi_xao_bo
làm món từ gà,canh_ga
cà rốt khoai bò hấp,bo_kho
tôm tỏi,tom_xao_toi
làm món từ cá gia đình,ca_kho
có đậu hũ thì nấu gì,dau_hu_chien
ăn với trứng hành,trung_xao_hanh
món ăn từ bò hành xào,bo_xao_hanh
có trứng thì nấu gì xào,trung_cuon
làm món từ cá trộn,ca_kho
làm món từ rau đơn giản luộc,canh_rau
món ăn từ cà chua đậu hũ nhanh xào,dau_hu_sot_ca
tôi có trứng nướng,trung_op_la
tôi muốn nấu bánh mì thịt,banh_mi_thit
ăn với gà cơm đơn giản,com_ga
mình có rau mì,mi_tron
nguyên liệu: mì rau,mi_tron
món ăn từ trứng luộc,trung_op_la
tôi muốn nấu hành bò,bo_xao_hanh
nấu mực rau tôm được gì trộn,lau_thai
tôi muốn nấu trứng bánh mì hấp,banh_mi_trung
nguyên liệu: trứng cà chua,canh_trung_ca_chua
nấu tỏi tôm được gì chiên,tom_xao_toi
nấu trứng bánh mì được gì,banh_mi_op_la
món ăn từ sườn xào,suon_kho
món ăn từ hành bò,bo_xao_hanh
mình có gà rau,lau_ga
món ăn từ đậu hũ cà chua,dau_hu_sot_ca
ăn với tỏi rau,rau_xao_toi
tôi muốn nấu sườn,suon_kho
mình có mì bò nhanh,mi_xao_bo
làm món từ rau gà luộc,lau_ga
có mì bò thì nấu gì chiên,mi_xao_bo
ăn với đậu hũ hấp,dau_hu_chien
làm món từ trứng cà chua,trung_chien_ca_chua
có mực cơm tôm thì nấu gì nướng,com_chien_hai_san
có khoai cà rốt bò thì nấu gì,bo_kho
có mì gia đình thì nấu gì hấp,mi_goi
món ăn từ trứng thịt xào,trung_xao_thit
trứng luộc,trung_cuon
nấu thịt trứng được gì,thit_kho_trung
tôi muốn nấu mực mì tôm ngon,mi_xao_hai_san
mình có cơm gà kho,com_ga
tôi có trứng,trung_cuon
nấu rau mì gia đình được gì xào,mi_tron
tôi muốn nấu bò khoai cà rốt kho,bo_kho
món ăn từ trứng,trung_chien
có trứng thịt thì nấu gì,thit_kho_trung
tôi có tỏi rau kho,rau_xao_toi
nấu trứng được gì,trung_chien
ăn với cà rốt gà đơn giản,sup_ga
làm món từ cơm rau trứng hấp,com_tron
nấu gà được gì luộc,canh_ga
tôi có cà rốt bò khoai nhanh,bo_kho
tôi muốn nấu gà hấp,canh_ga
món ăn từ sườn luộc,suon_nuong
ăn với cà chua trứng,trung_chien_ca_chua
tôi có tỏi rau trộn,rau_xao_toi
làm món từ gà,canh_ga
tôi muốn nấu trứng thịt,thit_kho_trung
mình có thịt trứng gia đình luộc,thit_kho_trung
tôi muốn nấu trứng cơm đậu xúc xích luộc,com_chien_duong_chau
món ăn từ sườn nướng,suon_nuong
trứng,trung_luoc
bánh mì trứng,banh_mi_op_la
cá,ca_chien
ăn với gà nhanh,ga_chien
ăn với bò phở,pho_bo
tôi muốn nấu trứng mì gia đình,mi_xao_trung
nấu bún bò được gì xào,bun_bo
tôi có thịt nhanh chiên,thit_nuong
nấu cá được gì,ca_kho
có trứng mì thì nấu gì,mi_xao_trung
có thịt rau thì nấu gì nướng,thit_xao_rau
tôi có cơm sườn trộn,com_tam
tôi có cơm trứng rau,com_tron
có mực rau tôm thì nấu gì xào,lau_thai
làm món từ rau gà ngon,lau_ga
hành bò gia đình,bo_xao_hanh
sườn,suon_nuong
cơm xúc xích trứng đậu hấp,com_chien_duong_chau
món ăn từ bò bún,bun_bo
nguyên liệu: cơm đậu trứng xúc xích luộc,com_chien_duong_chau
nấu mực tôm rau được gì,lau_thai
ăn với tôm mực cơm,com_chien_hai_san
tôi có cá,ca_chien
món ăn từ trứng hấp,trung_hap
làm món từ gà rau,lau_ga
ăn với bò phở trộn,pho_bo
làm món từ bò bún gia đình hấp,bun_bo
tôi có bò bún,bun_bo
có cà chua đậu hũ thì nấu gì,dau_hu_sot_ca
nấu trứng cà chua được gì,canh_trung_ca_chua
cà rốt gà,sup_ga
tôi muốn nấu đậu hũ cà chua nhanh,dau_hu_sot_ca
mình có trứng,trung_chien
nấu bánh mì trứng được gì,banh_mi_trung
trứng gia đình chiên,trung_luoc
làm món từ đậu hũ,dau_hu_chien
ăn với trứng cà chua,trung_chien_ca_chua
nấu đậu hũ cà chua được gì,dau_hu_sot_ca
có cà chua trứng nhanh thì nấu gì hấp,canh_trung_ca_chua
món ăn từ cà rốt gà nhanh,sup_ga
nguyên liệu: trứng,trung_chien
mình có xúc xích trứng cơm đậu,com_chien_duong_chau
có trứng bánh mì thì nấu gì,banh_mi_op_la
cà chua trứng xào,trung_chien_ca_chua
nấu thịt trứng được gì,thit_kho_trung
mình có thịt trứng,trung_xao_thit
nấu trứng gia đình được gì nướng,trung_chien
nấu trứng được gì,trung_luoc
làm món từ cơm xúc xích đậu trứng,com_chien_duong_chau
tôi có rau thịt,thit_xao_rau
rau mì xào,mi_tron
thịt trứng,trung_xao_thit
nấu bò mì đơn giản được gì,mi_xao_bo
nguyên liệu: trứng,trung_hap
sườn gia đình chiên,suon_kho
ăn với hành bò trộn,bo_xao_hanh
nấu tôm mực mì được gì xào,mi_xao_hai_san
nấu hành trứng được gì luộc,trung_xao_hanh
có rau mì ngon thì nấu gì,mi_tron
mình có sườn trộn,suon_kho
mì chiên,mi_goi
mình có tỏi tôm nhanh luộc,tom_xao_toi
ăn với trứng,trung_cuon
nấu bò bún đơn giản được gì kho,bun_bo
có cá thì nấu gì trộn,ca_kho
mình có rau,canh_rau
mình có sườn cơm,com_tam
ăn với bò mì,mi_xao_bo
nguyên liệu: cơm gà đơn giản chiên,com_ga
món ăn từ mì kho,mi_goi
nguyên liệu: mực rau tôm ngon xào,lau_thai
cơm xúc xích trứng đậu trộn,com_chien_duong_chau
nguyên liệu: tôm tỏi luộc,tom_xao_toi
làm món từ sườn luộc,suon_nuong
nguyên liệu: cá đơn giản chiên,ca_kho
nguyên liệu: cơm hành trứng ngon,com_chien_trung
mình có trứng,trung_cuon
có cơm hành trứng đơn giản thì nấu gì xào,com_chien_trung
nấu trứng gia đình được gì,trung_cuon
mình có đậu hũ cà chua,dau_hu_sot_ca
có rau thì nấu gì xào,canh_rau
làm món từ trứng,trung_luoc
tôi muốn nấu rau trộn,canh_rau
món ăn từ tỏi tôm nhanh luộc,tom_xao_toi
sườn kho,suon_nuong
cà chua trứng,trung_chien_ca_chua
món ăn từ bò mì trộn,mi_xao_bo
làm món từ sườn cơm hấp,com_tam
ăn với cơm gà gia đình,com_ga
mình có trứng,trung_cuon
làm món từ cá,ca_chien
nguyên liệu: sườn,suon_nuong
món ăn từ gà ngon,canh_ga
có bò mì thì nấu gì,mi_xao_bo
nấu trứng được gì luộc,trung_hap
tôi muốn nấu trứng cà chua gia đình,trung_chien_ca_chua
món ăn từ trứng đậu xúc xích cơm,com_chien_duong_chau
tôi muốn nấu trứng cà chua,canh_trung_ca_chua
nguyên liệu: bánh mì trứng,banh_mi_trung
món ăn từ cá kho,ca_kho
làm món từ tỏi rau hấp,rau_xao_toi
nguyên liệu: trứng nhanh,trung_cuon
tôi có gà cà rốt đơn giản kho,sup_ga
có trứng thì nấu gì luộc,trung_luoc
món ăn từ trứng luộc,trung_luoc
ăn với thịt trứng,thit_kho_trung
tôi có gà rau đơn giản,lau_ga
nấu trứng cà chua được gì,trung_chien_ca_chua
mình có cá nhanh,ca_chien
tôi có bún bò ngon luộc,bun_bo
làm món từ mực cơm tôm đơn giản xào,com_chien_hai_san
món ăn từ gà cơm,com_ga
nấu trứng thịt được gì kho,trung_xao_thit
làm món từ bánh mì thịt trộn,banh_mi_thit
làm món từ cơm xúc xích trứng đậu,com_chien_duong_chau
mình có cà chua trứng,canh_trung_ca_chua
mình có trứng,trung_chien
món ăn từ trứng xào,trung_hap
nguyên liệu: cà chua đậu hũ hấp,dau_hu_sot_ca
tôi muốn nấu trứng chiên,trung_luoc
làm món từ gà luộc,ga_chien
mình có trứng kho,trung_chien
có phở bò thì nấu gì chiên,pho_bo
tôi có trứng nhanh,trung_cuon
mình có trứng bánh mì,banh_mi_trung
làm món từ sườn cơm,com_tam
nguyên liệu: rau chiên,canh_rau
ăn với bún bò hấp,bun_bo
ăn với cơm xúc xích trứng đậu luộc,com_chien_duong_chau
có tôm tỏi đơn giản thì nấu gì,tom_xao_toi
nguyên liệu: trứng bánh mì,banh_mi_op_la
nguyên liệu: trứng rau cơm đơn giản hấp,com_tron
có cà rốt khoai bò thì nấu gì trộn,bo_kho
cá,ca_chien
có sườn cơm thì nấu gì nướng,com_tam
nấu thịt gia đình được gì,thit_nuong
món ăn từ rau gà,lau_ga
trứng thịt,trung_xao_thit
nấu trứng thịt được gì luộc,thit_kho_trung
tôi có hành trứng nhanh,trung_xao_hanh
mình có cá nhanh,ca_kho
món ăn từ bò phở nướng,pho_bo
tôi muốn nấu đậu hũ cà chua,dau_hu_sot_ca
làm món từ tôm cơm mực,com_chien_hai_san
ăn với sườn kho,suon_nuong
tôi muốn nấu mì,mi_goi
mình có cà chua trứng,canh_trung_ca_chua
tôi có trứng hành hấp,trung_xao_hanh
tôi muốn nấu trứng luộc,trung_hap
làm món từ trứng cà chua xào,canh_trung_ca_chua
mì đơn giản,mi_goi
ăn với cá,ca_kho
mình có gà rau,lau_ga
tôi muốn nấu sườn cơm đơn giản luộc,com_tam
nguyên liệu: phở bò gia đình kho,pho_bo
nguyên liệu: đậu hũ cà chua nhanh,dau_hu_sot_ca
tôi có thịt trộn,thit_nuong
mình có trứng,trung_hap
nấu bò phở được gì,pho_bo
làm món từ đậu hũ nhanh luộc,dau_hu_chien
mình có trứng bánh mì đơn giản nướng,banh_mi_op_la
món ăn từ mì bò ngon,mi_xao_bo
tôi có trứng ngon,trung_luoc
món ăn từ mì bò,mi_xao_bo
nấu mực tôm rau được gì hấp,lau_thai
mình có trứng bánh mì,banh_mi_trung
món ăn từ trứng,trung_luoc
món ăn từ trứng,trung_hap
nấu sườn cơm được gì luộc,com_tam
trứng trộn,trung_luoc
tôi có trứng cà chua,trung_chien_ca_chua
nguyên liệu: sườn cơm,com_tam
có rau gà thì nấu gì,lau_ga
tôi muốn nấu gà luộc,ga_nuong
nguyên liệu: đậu hũ gia đình,dau_hu_chien
ăn với cơm trứng rau xào,com_tron
nấu trứng được gì xào,trung_cuon
tôi có cà rốt khoai bò,bo_kho
nấu trứng cà chua được gì,canh_trung_ca_chua
có gà thì nấu gì xào,ga_nuong
tôi có cà rốt gà,sup_ga
trứng,trung_hap
món ăn từ bò phở đơn giản chiên,pho_bo
nguyên liệu: cơm sườn xào,com_tam
ăn với trứng,trung_luoc
nấu khoai bò cà rốt gia đình được gì,bo_kho
món ăn từ hành bò,bo_xao_hanh
món ăn từ bánh mì trứng,banh_mi_trung
ăn với cơm mực tôm,com_chien_hai_san
tôi có trứng bánh mì,banh_mi_op_la
món ăn từ gà cà rốt luộc,sup_ga
có mì trứng thì nấu gì nướng,mi_xao_trung
nguyên liệu: cơm gà,com_ga
mình có khoai cà rốt bò kho,bo_kho
mình có rau mì xào,mi_tron
tôi có trứng cà chua,trung_chien_ca_chua
nấu trứng bánh mì gia đình được gì luộc,banh_mi_trung
có cà chua trứng nhanh thì nấu gì hấp,trung_chien_ca_chua
tôi muốn nấu bún bò hấp,bun_bo
làm món từ rau tỏi,rau_xao_toi
làm món từ mì trứng,mi_xao_trung
nguyên liệu: rau ngon,canh_rau
thịt bánh mì,banh_mi_thit
nguyên liệu: sườn,suon_nuong
gà cơm,com_ga
tôi muốn nấu đậu hũ chiên,dau_hu_chien
ăn với bò phở,pho_bo
món ăn từ gà ngon nướng,ga_chien
làm món từ trứng,trung_luoc
có bánh mì trứng thì nấu gì,banh_mi_trung
nấu gà cơm gia đình được gì kho,com_ga
tôi muốn nấu gà hấp,ga_chien
nguyên liệu: đậu hũ cà chua hấp,dau_hu_sot_ca
ăn với cá,ca_chien
nguyên liệu: tỏi rau đơn giản nướng,rau_xao_toi
ăn với sườn cơm,com_tam
mình có bò phở,pho_bo
có cơm hành trứng thì nấu gì,com_chien_trung
ăn với trứng luộc,trung_cuon
ăn với cơm rau trứng trộn,com_tron
làm món từ rau thịt ngon nướng,thit_xao_rau
nấu mì bò được gì,mi_xao_bo
ăn với rau thịt ngon,thit_xao_rau
có cà chua trứng thì nấu gì nướng,canh_trung_ca_chua
tôi có trứng,trung_op_la
tôi muốn nấu rau mì,mi_tron
có gà thì nấu gì kho,ga_chien
tôi có mì trứng,mi_xao_trung
ăn với rau đơn giản,canh_rau
có gà ngon thì nấu gì trộn,ga_nuong
có gà thì nấu gì,canh_ga
ăn với hành trứng xào,trung_xao_hanh
tôi có gà chiên,ga_chien
nguyên liệu: cà rốt bò khoai,bo_kho
món ăn từ thịt trộn,thit_nuong
trứng mì,mi_xao_trung
làm món từ khoai cà rốt bò kho,bo_kho
rau gà,lau_ga
mình có rau mì chiên,mi_tron
nguyên liệu: trứng bánh mì ngon chiên,banh_mi_op_la
nguyên liệu: bò mì,mi_xao_bo
làm món từ gà đơn giản kho,ga_chien
tôi muốn nấu thịt trứng nướng,thit_kho_trung
ăn với bánh mì trứng hấp,banh_mi_op_la
tôi muốn nấu trứng cà chua,canh_trung_ca_chua
ăn với bánh mì trứng nhanh,banh_mi_op_la
mình có cá luộc,ca_chien
rau thịt xào,thit_xao_rau
rau thịt,thit_xao_rau
tôi muốn nấu mì rau đơn giản,mi_tron
tôi muốn nấu trứng,trung_cuon
ăn với gà cà rốt chiên,sup_ga
làm món từ trứng bánh mì chiên,banh_mi_op_la
đậu hũ cà chua,dau_hu_sot_ca
tôi muốn nấu trứng thịt trộn,trung_xao_thit
mình có mì rau nhanh,mi_tron
mình có mì,mi_goi
mình có trứng,trung_chien
mình có rau thịt,thit_xao_rau
nấu trứng được gì xào,trung_hap
tôi muốn nấu cá,ca_kho
món ăn từ cơm sườn,com_tam
ăn với bò phở kho,pho_bo
có sườn thì nấu gì,suon_kho
có trứng cơm rau thì nấu gì,com_tron
có cá thì nấu gì kho,ca_kho
tôi muốn nấu gà,canh_ga
ăn với cơm sườn nướng,com_tam
tôi muốn nấu rau,canh_rau
tôi muốn nấu cà rốt bò khoai nhanh,bo_kho
ăn với trứng rau cơm trộn,com_tron
có trứng cà chua thì nấu gì xào,trung_chien_ca_chua
nấu tôm rau mực được gì,lau_thai
tôi muốn nấu đậu xúc xích trứng cơm chiên,com_chien_duong_chau
món ăn từ trứng bánh mì,banh_mi_trung
gà,canh_ga
làm món từ bò bún,bun_bo
ăn với mì rau kho,mi_tron
mình có bò mì xào,mi_xao_bo
có cơm trứng rau thì nấu gì,com_tron
mình có trứng thịt ngon hấp,trung_xao_thit
tôi muốn nấu tỏi rau nhanh,rau_xao_toi
trứng cà chua,trung_chien_ca_chua
có trứng thì nấu gì hấp,trung_luoc
bún bò hấp,bun_bo
nguyên liệu: trứng,trung_op_la
nguyên liệu: tỏi tôm,tom_xao_toi
có trứng thịt thì nấu gì xào,trung_xao_thit
tôi có cơm gà,com_ga
làm món từ đậu hũ,dau_hu_chien
làm món từ gà nướng,canh_ga
có thịt bánh mì thì nấu gì nướng,banh_mi_thit
đậu hũ cà chua,dau_hu_sot_ca
ăn với rau gà hấp,lau_ga
mình có gà,canh_ga
trứng cà chua luộc,trung_chien_ca_chua
có sườn thì nấu gì,suon_nuong
có cơm trứng hành thì nấu gì,com_chien_trung
nguyên liệu: đậu hũ cà chua chiên,dau_hu_sot_ca
gà rau,lau_ga
ăn với gà cơm chiên,com_ga
mình có cơm sườn,com_tam
tôi muốn nấu phở bò,pho_bo
tôi muốn nấu trứng,trung_hap
tôi có đậu hũ cà chua,dau_hu_sot_ca
thịt trứng nhanh,thit_kho_trung
món ăn từ hành cơm trứng đơn giản,com_chien_trung
nguyên liệu: sườn,suon_kho
mình có cà chua trứng chiên,trung_chien_ca_chua
tôi muốn nấu cà chua trứng,canh_trung_ca_chua
món ăn từ cơm gà nướng,com_ga
tôi có rau chiên,canh_rau
bò bún đơn giản,bun_bo
nguyên liệu: trứng đơn giản,trung_op_la
có thịt bánh mì thì nấu gì,banh_mi_thit
tôi có cà chua trứng,canh_trung_ca_chua
nấu rau được gì,canh_rau
nguyên liệu: rau,canh_rau
tôi muốn nấu sườn xào,suon_kho
tôi muốn nấu rau mì kho,mi_tron
làm món từ trứng mì hấp,mi_xao_trung
nấu cà chua trứng được gì,trung_chien_ca_chua
làm món từ cá gia đình kho,ca_chien
món ăn từ hành cơm trứng gia đình,com_chien_trung
món ăn từ đậu cơm trứng xúc xích,com_chien_duong_chau
làm món từ đậu hũ,dau_hu_chien
ăn với bò cà rốt khoai nhanh luộc,bo_kho
có sườn cơm thì nấu gì xào,com_tam
mực tôm mì,mi_xao_hai_san
nguyên liệu: sườn,suon_nuong
món ăn từ cá,ca_kho
tôi muốn nấu tỏi tôm gia đình,tom_xao_toi
mình có gà đơn giản,ga_nuong
nấu tôm cơm mực được gì,com_chien_hai_san
tôi muốn nấu bánh mì trứng nướng,banh_mi_trung
có trứng đơn giản thì nấu gì,trung_hap
món ăn từ trứng thịt hấp,trung_xao_thit
nấu trứng bánh mì được gì nướng,banh_mi_trung
có rau thịt thì nấu gì,thit_xao_rau
có tỏi rau thì nấu gì nướng,rau_xao_toi
món ăn từ mì,mi_goi
tôi có cà chua đậu hũ chiên,dau_hu_sot_ca
có đậu hũ thì nấu gì,dau_hu_chien
làm món từ cá xào,ca_kho
mì rau,mi_tron
tôi có mì,mi_goi
có trứng đậu xúc xích cơm nhanh thì nấu gì xào,com_chien_duong_chau
có cơm hành trứng thì nấu gì,com_chien_trung
tôi có thịt trứng nhanh nướng,trung_xao_thit
làm món từ trứng thịt nướng,trung_xao_thit
món ăn từ mì,mi_goi
làm món từ đậu hũ cà chua,dau_hu_sot_ca
ăn với cơm sườn hấp,com_tam
nguyên liệu: cá xào,ca_chien
làm món từ sườn đơn giản,suon_kho
tôi muốn nấu cà chua trứng,canh_trung_ca_chua
nấu đậu hũ được gì,dau_hu_chien
tôi có gà,canh_ga
làm món từ cá,ca_chien
cà rốt bò khoai,bo_kho
mình có sườn nhanh hấp,suon_nuong
nấu cá được gì,ca_chien
ăn với sườn gia đình,suon_kho
mình có sườn cơm,com_tam
tôi muốn nấu bò bún nhanh,bun_bo
tôi muốn nấu trứng thịt,thit_kho_trung
làm món từ cơm mực tôm,com_chien_hai_san
làm món từ gà rau luộc,lau_ga
làm món từ sườn gia đình nướng,suon_nuong
có trứng thì nấu gì trộn,trung_op_la
ăn với trứng cà chua,trung_chien_ca_chua
nấu bò phở được gì,pho_bo
mì,mi_goi
nguyên liệu: bánh mì trứng hấp,banh_mi_op_la
món ăn từ thịt,thit_nuong
mình có cơm trứng rau gia đình,com_tron
làm món từ trứng kho,trung_chien
ăn với mì xào,mi_goi
tôi có trứng kho,trung_op_la
món ăn từ bánh mì trứng kho,banh_mi_op_la
làm món từ bò mì,mi_xao_bo
tôi có cơm trứng đậu xúc xích,com_chien_duong_chau
tôi muốn nấu rau gà,lau_ga
tôi muốn nấu rau mì,mi_tron
món ăn từ cà rốt gà,sup_ga
làm món từ mì,mi_goi
tôm tỏi,tom_xao_toi
nấu rau cơm trứng được gì,com_tron
có gà thì nấu gì chiên,ga_nuong
món ăn từ gà,ga_chien
ăn với mì bò xào,mi_xao_bo
rau thịt,thit_xao_rau
gà xào,canh_ga
nguyên liệu: trứng kho,trung_op_la
làm món từ mực rau tôm,lau_thai
mình có khoai bò cà rốt,bo_kho
có trứng thì nấu gì,trung_hap
làm món từ trứng cà chua xào,canh_trung_ca_chua
tôi có rau mì,mi_tron
tôi có bánh mì trứng,banh_mi_op_la
tôi có bò cà rốt khoai,bo_kho
nấu trứng cà chua được gì luộc,canh_trung_ca_chua
có trứng cà chua gia đình thì nấu gì trộn,canh_trung_ca_chua
nấu cá được gì xào,ca_kho
mình có xúc xích trứng cơm đậu,com_chien_duong_chau
nấu trứng bánh mì được gì xào,banh_mi_op_la
tôi muốn nấu mực cơm tôm,com_chien_hai_san
mực tôm rau xào,lau_thai
có cơm gà thì nấu gì,com_ga
tôi muốn nấu thịt trứng,trung_xao_thit
làm món từ gà cơm hấp,com_ga
có tôm mực cơm thì nấu gì,com_chien_hai_san
ăn với mì bò luộc,mi_xao_bo
nấu cá được gì,ca_chien
nấu mì mực tôm gia đình được gì kho,mi_xao_hai_san
tôi có sườn,suon_nuong
tôi muốn nấu mực tôm rau,lau_thai
có trứng cơm rau thì nấu gì xào,com_tron
mình có mì rau,mi_tron
làm món từ mì bò,mi_xao_bo
ăn với bánh mì thịt chiên,banh_mi_thit
tôi có cơm trứng rau nhanh luộc,com_tron
mình có gà kho,ga_nuong
tôi muốn nấu phở bò,pho_bo
nấu trứng bánh mì nhanh được gì,banh_mi_op_la
có rau gia đình thì nấu gì,canh_rau
mình có rau chiên,canh_rau
mình có sườn nướng,suon_kho
nấu cơm trứng rau được gì trộn,com_tron
tôi có trứng,trung_hap
làm món từ rau nướng,canh_rau
sườn xào,suon_kho
nấu gà được gì hấp,ga_nuong
mì bò kho,mi_xao_bo
nguyên liệu: trứng nướng,trung_luoc
món ăn từ hành trứng gia đình,trung_xao_hanh
món ăn từ cơm hành trứng,com_chien_trung
nguyên liệu: mì bò,mi_xao_bo
nấu bò phở được gì,pho_bo
làm món từ rau tỏi,rau_xao_toi
nguyên liệu: gà,ga_nuong
tôi có tôm mì mực,mi_xao_hai_san
trứng hành,trung_xao_hanh
ăn với cơm mực tôm,com_chien_hai_san
nguyên liệu: trứng hành,trung_xao_hanh
nguyên liệu: cơm sườn xào,com_tam
mình có rau mì kho,mi_tron
mình có tôm tỏi chiên,tom_xao_toi
nấu mì được gì nướng,mi_goi
có thịt bánh mì thì nấu gì chiên,banh_mi_thit
tôi muốn nấu bò mì,mi_xao_bo
có rau thì nấu gì,canh_rau
nấu sườn đơn giản được gì,suon_kho
món ăn từ gà,canh_ga
làm món từ trứng rau cơm xào,com_tron
ăn với rau xào,canh_rau
làm món từ trứng,trung_luoc
nguyên liệu: phở bò hấp,pho_bo
nguyên liệu: trứng cơm rau xào,com_tron
nguyên liệu: trứng nướng,trung_luoc
tôi muốn nấu cơm trứng rau,com_tron
làm món từ tôm mì mực,mi_xao_hai_san
nấu mì được gì,mi_goi
tôi muốn nấu cơm rau trứng xào,com_tron
món ăn từ gà,ga_chien
tôi có gà đơn giản,canh_ga
mình có bánh mì thịt trộn,banh_mi_thit
sườn,suon_nuong
tôi muốn nấu đậu hũ ngon luộc,dau_hu_chien
nguyên liệu: trứng mì hấp,mi_xao_trung
món ăn từ trứng đậu cơm xúc xích gia đình,com_chien_duong_chau
tôi có trứng cơm đậu xúc xích nướng,com_chien_duong_chau
ăn với cá,ca_kho
tôi có trứng nướng,trung_chien
nấu thịt trứng được gì,trung_xao_thit
nấu gà cà rốt gia đình được gì hấp,sup_ga
nấu mực tôm rau được gì luộc,lau_thai
món ăn từ cá,ca_chien
tôi có bò mì,mi_xao_bo
mình có trứng,trung_luoc
nấu trứng bánh mì nhanh được gì trộn,banh_mi_op_la
có trứng ngon thì nấu gì chiên,trung_hap
nấu bún bò được gì luộc,bun_bo
nguyên liệu: gà rau đơn giản,lau_ga
món ăn từ đậu hũ cà chua,dau_hu_sot_ca
nguyên liệu: đậu xúc xích cơm trứng gia đình,com_chien_duong_chau
món ăn từ xúc xích cơm trứng đậu đơn giản,com_chien_duong_chau
nấu trứng được gì,trung_luoc
mình có rau tỏi luộc,rau_xao_toi
tôi có mực cơm tôm,com_chien_hai_san
nguyên liệu: trứng bánh mì,banh_mi_op_la
ăn với mực cơm tôm trộn,com_chien_hai_san
tôi muốn nấu cơm trứng hành,com_chien_trung
nấu trứng được gì,trung_luoc
nguyên liệu: gà,canh_ga
ăn với trứng nướng,trung_hap
tôi có gà luộc,ga_nuong
tôi có khoai cà rốt bò luộc,bo_kho
nguyên liệu: bún bò nhanh nướng,bun_bo
nấu rau tỏi được gì,rau_xao_toi
nấu mực rau tôm được gì,lau_thai
mình có cơm mực tôm,com_chien_hai_san
món ăn từ bò bún,bun_bo
có bánh mì thịt thì nấu gì kho,banh_mi_thit
làm món từ trứng,trung_luoc
tôi có tôm tỏi luộc,tom_xao_toi
nguyên liệu: bánh mì trứng,banh_mi_op_la
tôi có sườn nhanh nướng,suon_nuong
tôi muốn nấu cơm trứng rau,com_tron
tôi muốn nấu cà rốt khoai bò kho,bo_kho
nấu khoai bò cà rốt được gì,bo_kho
món ăn từ mì tôm mực luộc,mi_xao_hai_san
món ăn từ cà chua đậu hũ hấp,dau_hu_sot_ca
tôi muốn nấu tỏi rau kho,rau_xao_toi
nấu trứng đơn giản được gì nướng,trung_op_la
tôi có thịt bánh mì luộc,banh_mi_thit
nấu trứng bánh mì được gì xào,banh_mi_op_la
có sườn thì nấu gì,suon_kho
có rau thịt thì nấu gì,thit_xao_rau
món ăn từ bánh mì thịt hấp,banh_mi_thit
nấu trứng được gì hấp,trung_chien
ăn với đậu hũ kho,dau_hu_chien
gà,canh_ga
ăn với cá chiên,ca_kho
tôi có hành trứng,trung_xao_hanh
nấu trứng đơn giản được gì,trung_hap
món ăn từ bún bò ngon,bun_bo
có bánh mì thịt thì nấu gì xào,banh_mi_thit
món ăn từ tôm mì mực kho,mi_xao_hai_san
nấu trứng hành được gì xào,trung_xao_hanh
cá chiên,ca_kho
làm món từ gà,ga_chien
ăn với gà,ga_nuong
nấu rau thịt được gì,thit_xao_rau
tôi muốn nấu tôm tỏi hấp,tom_xao_toi
làm món từ gà,ga_chien
gà rau,lau_ga
tôi muốn nấu tỏi tôm,tom_xao_toi
nấu trứng thịt được gì,trung_xao_thit
mình có trứng cà chua xào,canh_trung_ca_chua
mình có trứng thịt,thit_kho_trung
tôi muốn nấu khoai cà rốt bò trộn,bo_kho
gà cơm nhanh,com_ga
nguyên liệu: cà chua trứng luộc,trung_chien_ca_chua
món ăn từ bún bò,bun_bo
có gà thì nấu gì,ga_chien
làm món từ mì rau nướng,mi_tron
món ăn từ sườn,suon_kho
ăn với trứng gia đình luộc,trung_luoc
có hành trứng thì nấu gì,trung_xao_hanh
tôi có rau mì luộc,mi_tron
nguyên liệu: đậu hũ chiên,dau_hu_chien
có tôm rau mực gia đình thì nấu gì,lau_thai
mình có trứng thịt,thit_kho_trung
mình có sườn cơm,com_tam
tôi muốn nấu rau thịt đơn giản xào,thit_xao_rau
món ăn từ trứng,trung_luoc
có đậu trứng xúc xích cơm thì nấu gì,com_chien_duong_chau
có đậu hũ thì nấu gì kho,dau_hu_chien
nguyên liệu: trứng nhanh kho,trung_chien
có trứng thịt thì nấu gì,thit_kho_trung
mình có trứng thịt hấp,thit_kho_trung
trứng nhanh trộn,trung_hap
tôi có tôm tỏi trộn,tom_xao_toi
tôi có bún bò,bun_bo
nguyên liệu: cá,ca_chien
nấu cà chua trứng được gì,canh_trung_ca_chua
mình có cơm rau trứng chiên,com_tron
nấu trứng bánh mì đơn giản được gì,banh_mi_trung
có sườn thì nấu gì chiên,suon_nuong
có cá thì nấu gì luộc,ca_chien
làm món từ trứng,trung_luoc
nguyên liệu: cà chua trứng,trung_chien_ca_chua
mì,mi_goi
món ăn từ gà hấp,ga_chien
nấu gà được gì,canh_ga
ăn với đậu hũ cà chua nướng,dau_hu_sot_ca
mình có thịt,thit_nuong
cơm xúc xích trứng đậu,com_chien_duong_chau
món ăn từ rau nhanh trộn,canh_rau
nguyên liệu: rau gà,lau_ga
ăn với cà chua đậu hũ trộn,dau_hu_sot_ca
có rau gà đơn giản thì nấu gì,lau_ga
nấu gà được gì,ga_chien
ăn với bánh mì trứng,banh_mi_op_la
có mì thì nấu gì,mi_goi
mình có gà,ga_nuong
nguyên liệu: gà,ga_nuong
ăn với tôm cơm mực,com_chien_hai_san
có trứng thì nấu gì,trung_op_la
nguyên liệu: trứng bánh mì,banh_mi_op_la
có trứng thì nấu gì trộn,trung_chien
tôi có hành trứng,trung_xao_hanh
tôi có gà,canh_ga
có rau thì nấu gì,canh_rau
tôi muốn nấu bò phở,pho_bo
nguyên liệu: hành trứng nướng,trung_xao_hanh
có bánh mì trứng thì nấu gì,banh_mi_trung
tôi có hành bò chiên,bo_xao_hanh
tôi muốn nấu trứng,trung_luoc
nấu gà đơn giản được gì hấp,canh_ga
trứng xào,trung_cuon
tôi có cà chua trứng,trung_chien_ca_chua
mình có gà rau kho,lau_ga
làm món từ rau cơm trứng kho,com_tron
có gà thì nấu gì,ga_chien
ăn với rau mì xào,mi_tron
món ăn từ cơm rau trứng luộc,com_tron
có bún bò thì nấu gì chiên,bun_bo
tôi muốn nấu thịt trứng đơn giản chiên,trung_xao_thit
tôi có trứng xào,trung_op_la
nguyên liệu: tôm mực cơm hấp,com_chien_hai_san
tôi muốn nấu bò phở,pho_bo
rau mì luộc,mi_tron
món ăn từ rau tỏi,rau_xao_toi
món ăn từ trứng kho,trung_cuon
nguyên liệu: trứng xúc xích đậu cơm,com_chien_duong_chau
ăn với mì tôm mực trộn,mi_xao_hai_san
nguyên liệu: mì rau,mi_tron
mình có cơm sườn luộc,com_tam
nấu cá được gì,ca_kho
làm món từ rau thịt đơn giản,thit_xao_rau
gà,ga_chien
ăn với trứng,trung_cuon
nấu cà rốt bò khoai được gì hấp,bo_kho
nguyên liệu: xúc xích đậu trứng cơm,com_chien_duong_chau
ăn với trứng bánh mì,banh_mi_trung
tôi có gà rau nhanh,lau_ga
tôi muốn nấu cơm trứng đậu xúc xích,com_chien_duong_chau
làm món từ bò hành,bo_xao_hanh
nguyên liệu: sườn cơm,com_tam
tôi muốn nấu trứng,trung_cuon
có cơm trứng rau thì nấu gì,com_tron
món ăn từ trứng hành cơm,com_chien_trung
nấu trứng mì ngon được gì,mi_xao_trung
món ăn từ trứng,trung_op_la
tôi muốn nấu thịt trứng gia đình,trung_xao_thit
tôi có tỏi tôm,tom_xao_toi
mình có cơm sườn,com_tam
nấu trứng hành nhanh được gì,trung_xao_hanh
có thịt đơn giản thì nấu gì,thit_nuong
bò mì,mi_xao_bo
mình có mực tôm cơm,com_chien_hai_san
ăn với bánh mì trứng,banh_mi_op_la
nấu bún bò được gì,bun_bo
có trứng thịt thì nấu gì,trung_xao_thit
tôi muốn nấu rau,canh_rau
có gà cơm đơn giản thì nấu gì chiên,com_ga
mình có mì trứng luộc,mi_xao_trung
nấu cà chua đậu hũ gia đình được gì,dau_hu_sot_ca
ăn với đậu hũ kho,dau_hu_chien
nguyên liệu: rau trứng cơm,com_tron
trứng cơm xúc xích đậu trộn,com_chien_duong_chau
làm món từ gà gia đình,ga_chien
món ăn từ trứng,trung_cuon
món ăn từ bánh mì trứng trộn,banh_mi_op_la
tôi muốn nấu cà chua trứng,canh_trung_ca_chua
mì,mi_goi
sườn,suon_nuong
ăn với trứng kho,trung_op_la
gà cơm,com_ga
tôi có bò cà rốt khoai,bo_kho
mình có bò phở,pho_bo
tôi muốn nấu cơm sườn,com_tam
làm món từ trứng,trung_chien
tôi có phở bò,pho_bo
nấu trứng được gì nướng,trung_chien
tôi muốn nấu trứng thịt kho,thit_kho_trung
ăn với đậu xúc xích trứng cơm nhanh,com_chien_duong_chau
tôi có gà hấp,ga_chien
có trứng thì nấu gì chiên,trung_hap
ăn với trứng mì,mi_xao_trung
có gà ngon thì nấu gì luộc,ga_chien
làm món từ cơm sườn,com_tam
nguyên liệu: trứng kho,trung_op_la
tôi có mì mực tôm đơn giản trộn,mi_xao_hai_san
nấu trứng hành được gì nướng,trung_xao_hanh
ăn với trứng gia đình xào,trung_hap
tôi có bánh mì trứng ngon,banh_mi_trung
nguyên liệu: rau gà,lau_ga
món ăn từ gà,ga_nuong
ăn với đậu hũ trộn,dau_hu_chien
nguyên liệu: đậu trứng xúc xích cơm,com_chien_duong_chau
có bò hành thì nấu gì,bo_xao_hanh
cá luộc,ca_kho
làm món từ khoai cà rốt bò,bo_kho
tôi có thịt rau luộc,thit_xao_rau
mình có khoai bò cà rốt trộn,bo_kho
có tôm rau mực gia đình thì nấu gì,lau_thai
làm món từ trứng hành,trung_xao_hanh
tôi có trứng,trung_luoc
tôi muốn nấu trứng bánh mì,banh_mi_trung
làm món từ cơm rau trứng ngon luộc,com_tron
mình có bún bò gia đình,bun_bo
món ăn từ bò khoai cà rốt,bo_kho
làm món từ thịt trứng trộn,thit_kho_trung
gà,canh_ga
tôi muốn nấu trứng mì luộc,mi_xao_trung
mình có cơm trứng hành xào,com_chien_trung
tôi muốn nấu khoai cà rốt bò,bo_kho
ăn với thịt chiên,thit_nuong
rau thịt,thit_xao_rau
mình có trứng cà chua,trung_chien_ca_chua
món ăn từ cà chua trứng kho,trung_chien_ca_chua
món ăn từ bánh mì trứng kho,banh_mi_op_la
mực rau tôm,lau_thai
làm món từ trứng nướng,trung_chien
làm món từ trứng bánh mì,banh_mi_trung
có trứng cơm rau thì nấu gì,com_tron
mình có cơm xúc xích trứng đậu,com_chien_duong_chau
món ăn từ rau gà,lau_ga
nguyên liệu: đậu hũ,dau_hu_chien
nấu bánh mì trứng được gì,banh_mi_trung
mình có cơm tôm mực trộn,com_chien_hai_san
tôi có rau tôm mực,lau_thai
ăn với bò khoai cà rốt,bo_kho
làm món từ trứng mì,mi_xao_trung
món ăn từ sườn cơm xào,com_tam
ăn với gà,ga_chien
tôi có rau,canh_rau
nguyên liệu: rau gà xào,lau_ga
tôi muốn nấu rau mì đơn giản,mi_tron
tôi có cà rốt gà luộc,sup_ga
nguyên liệu: sườn,suon_kho
làm món từ trứng,trung_chien
tỏi rau trộn,rau_xao_toi
ăn với bò phở,pho_bo
có mì bò thì nấu gì,mi_xao_bo
tôi muốn nấu cơm sườn,com_tam
nguyên liệu: bánh mì thịt,banh_mi_thit
mình có cá,ca_kho
trứng,trung_cuon
ăn với mực mì tôm,mi_xao_hai_san
tôi có gà cơm kho,com_ga
mình có gà đơn giản chiên,canh_ga
có sườn thì nấu gì kho,suon_kho
nấu hành trứng nhanh được gì,trung_xao_hanh
tôi có cà chua trứng,canh_trung_ca_chua
món ăn từ thịt,thit_nuong
cơm hành trứng nướng,com_chien_trung
mình có bò phở hấp,pho_bo
món ăn từ cá,ca_kho
có hành trứng thì nấu gì chiên,trung_xao_hanh
có hành bò gia đình thì nấu gì,bo_xao_hanh
ăn với mì,mi_goi
gà,ga_chien
mình có mực tôm mì,mi_xao_hai_san
tôi có bún bò,bun_bo
ăn với hành bò,bo_xao_hanh
gà rau,lau_ga
ăn với bò mì xào,mi_xao_bo
mì,mi_goi
làm món từ trứng,trung_luoc
món ăn từ sườn cơm,com_tam
mình có gà rau,lau_ga
làm món từ rau mực tôm,lau_thai
ăn với trứng,trung_op_la
tôi có rau,canh_rau
tôi có rau mì,mi_tron
món ăn từ mì trứng,mi_xao_trung
làm món từ đậu hũ cà chua,dau_hu_sot_ca
có tỏi rau thì nấu gì,rau_xao_toi
mình có trứng xào,trung_cuon
làm món từ cà chua trứng nướng,trung_chien_ca_chua
bánh mì trứng ngon luộc,banh_mi_trung
mình có tỏi rau,rau_xao_toi
gà cơm,com_ga
tôi muốn nấu mì nướng,mi_goi
món ăn từ bánh mì thịt hấp,banh_mi_thit
làm món từ tỏi tôm,tom_xao_toi
có bò hành thì nấu gì,bo_xao_hanh
tôi có gà cơm,com_ga
món ăn từ thịt,thit_nuong
món ăn từ trứng hành,trung_xao_hanh
có trứng bánh mì đơn giản thì nấu gì,banh_mi_op_la
nguyên liệu: gà cơm,com_ga
ăn với rau mực tôm hấp,lau_thai
nấu sườn được gì chiên,suon_kho
nấu thịt bánh mì được gì,banh_mi_thit
thịt rau hấp,thit_xao_rau
ăn với cơm trứng hành đơn giản,com_chien_trung
nguyên liệu: gà nướng,canh_ga
tôi muốn nấu cà chua trứng,trung_chien_ca_chua
có cà chua đậu hũ thì nấu gì kho,dau_hu_sot_ca
món ăn từ gà cơm,com_ga
món ăn từ cơm hành trứng chiên,com_chien_trung
tôi có trứng,trung_chien
mì rau gia đình nướng,mi_tron
ăn với cơm hành trứng,com_chien_trung
tôi muốn nấu đậu xúc xích cơm trứng,com_chien_duong_chau
có mì thì nấu gì,mi_goi
nấu trứng hành được gì,trung_xao_hanh
làm món từ cà chua trứng hấp,canh_trung_ca_chua
ăn với trứng trộn,trung_cuon
nấu trứng bánh mì được gì hấp,banh_mi_trung
tôi muốn nấu cơm gà nhanh,com_ga
tôi có trứng đậu xúc xích cơm ngon hấp,com_chien_duong_chau
rau trứng cơm,com_tron
có bò hành thì nấu gì kho,bo_xao_hanh
có tỏi tôm thì nấu gì nướng,tom_xao_toi
ăn với trứng,trung_luoc
nấu phở bò được gì,pho_bo
làm món từ trứng cơm hành,com_chien_trung
nguyên liệu: mì trứng,mi_xao_trung
nguyên liệu: trứng nướng,trung_luoc
sườn,suon_nuong
tôi có mì,mi_goi
nguyên liệu: sườn xào,suon_kho
nấu gà gia đình được gì chiên,ga_nuong
tôi muốn nấu trứng bánh mì đơn giản,banh_mi_trung
có rau tỏi thì nấu gì chiên,rau_xao_toi
tôi có đậu hũ nhanh xào,dau_hu_chien
ăn với cà chua trứng,trung_chien_ca_chua
món ăn từ xúc xích cơm trứng đậu ngon,com_chien_duong_chau
có cơm mực tôm thì nấu gì,com_chien_hai_san
làm món từ sườn đơn giản trộn,suon_nuong
món ăn từ trứng đơn giản,trung_luoc
nguyên liệu: bánh mì thịt,banh_mi_thit
nấu cà chua trứng được gì nướng,canh_trung_ca_chua
làm món từ hành bò ngon,bo_xao_hanh
nấu gà cơm được gì,com_ga
mình có cá,ca_chien
mình có mực cơm tôm,com_chien_hai_san
ăn với trứng,trung_op_la
ăn với trứng mì,mi_xao_trung
tôi muốn nấu cà chua đậu hũ,dau_hu_sot_ca
có gà cơm gia đình thì nấu gì,com_ga
có tỏi tôm thì nấu gì kho,tom_xao_toi
tôi có thịt bánh mì,banh_mi_thit
làm món từ trứng mì,mi_xao_trung
nguyên liệu: cá đơn giản trộn,ca_chien
nguyên liệu: bánh mì trứng,banh_mi_op_la
tôi muốn nấu gà,ga_chien
món ăn từ hành trứng chiên,trung_xao_hanh
tôi muốn nấu gà cà rốt,sup_ga
sườn,suon_kho
thịt,thit_nuong
ăn với sườn,suon_nuong
nấu cà chua trứng ngon được gì,canh_trung_ca_chua
ăn với rau mì,mi_tron
tôi muốn nấu sườn kho,suon_kho
nấu trứng mì được gì trộn,mi_xao_trung
ăn với bò phở đơn giản,pho_bo
cơm sườn nướng,com_tam
làm món từ trứng thịt gia đình kho,thit_kho_trung
tôi muốn nấu sườn hấp,suon_nuong
tôi muốn nấu bò mì,mi_xao_bo
làm món từ trứng bánh mì luộc,banh_mi_trung
có gà thì nấu gì,ga_chien
món ăn từ trứng đơn giản trộn,trung_op_la
tôi có tôm mực cơm,com_chien_hai_san
bò phở,pho_bo
ăn với gà cơm chiên,com_ga
tôi có hành cơm trứng gia đình chiên,com_chien_trung
mình có rau,canh_rau
có đậu hũ cà chua thì nấu gì kho,dau_hu_sot_ca
nguyên liệu: trứng thịt,trung_xao_thit
tôi muốn nấu trứng nhanh trộn,trung_hap
mình có gà gia đình,ga_chien
có cơm sườn thì nấu gì,com_tam
món ăn từ thịt,thit_nuong
làm món từ cơm trứng hành,com_chien_trung
tôi muốn nấu gà kho,ga_chien
tôi có mì,mi_goi
mình có rau,canh_rau
cà chua trứng chiên,canh_trung_ca_chua
tôi có trứng thịt,trung_xao_thit
nấu rau trứng cơm được gì nướng,com_tron
món ăn từ trứng cà chua,trung_chien_ca_chua
làm món từ rau thịt gia đình,thit_xao_rau
nguyên liệu: sườn đơn giản nướng,suon_kho
tôi muốn nấu bò cà rốt khoai nướng,bo_kho
tôi có trứng bánh mì gia đình nướng,banh_mi_trung
tôi có thịt bánh mì trộn,banh_mi_thit
làm món từ gà,ga_chien
nấu trứng được gì,trung_op_la
có sườn cơm thì nấu gì,com_tam
nguyên liệu: gà kho,ga_nuong
có bún bò thì nấu gì,bun_bo
tôi có bò phở,pho_bo
nguyên liệu: gà cơm nhanh,com_ga
mình có trứng cà chua nhanh hấp,trung_chien_ca_chua
tôi muốn nấu gà,canh_ga
món ăn từ trứng,trung_cuon
làm món từ gà,ga_nuong
làm món từ mì,mi_goi
trứng mì kho,mi_xao_trung
mình có trứng bánh mì,banh_mi_op_la
tôi muốn nấu rau thịt nhanh,thit_xao_rau
ăn với gà rau gia đình,lau_ga
làm món từ sườn cơm đơn giản hấp,com_tam
mình có tôm mì mực,mi_xao_hai_san
trứng ngon xào,trung_hap
nguyên liệu: đậu hũ cà chua,dau_hu_sot_ca
món ăn từ rau trứng cơm,com_tron
trứng,trung_cuon
tôi muốn nấu cơm gà trộn,com_ga
tôi có trứng,trung_chien
tôi muốn nấu đậu hũ cà chua,dau_hu_sot_ca
nấu gà rau được gì chiên,lau_ga
tôi có rau mì ngon xào,mi_tron
tôi muốn nấu trứng ngon,trung_hap
tôi có trứng mì,mi_xao_trung
tôi muốn nấu mì bò chiên,mi_xao_bo
trứng,trung_hap
cơm rau trứng,com_tron
tôi có bò phở chiên,pho_bo
tôi có bò phở trộn,pho_bo
tôi muốn nấu cà chua trứng,canh_trung_ca_chua
món ăn từ sườn xào,suon_kho
ăn với gà rau kho,lau_ga
nguyên liệu: bún bò,bun_bo
ăn với sườn nhanh luộc,suon_nuong
làm món từ cơm trứng đậu xúc xích,com_chien_duong_chau
nấu rau tỏi được gì xào,rau_xao_toi
trứng,trung_op_la
món ăn từ cá hấp,ca_kho
tôi có mì rau,mi_tron
tôi muốn nấu rau tôm mực luộc,lau_thai
sườn,suon_nuong
tỏi tôm,tom_xao_toi
làm món từ tôm mực mì,mi_xao_hai_san
nấu gà cơm được gì,com_ga
nguyên liệu: bò bún đơn giản hấp,bun_bo
tôi muốn nấu thịt,thit_nuong
nấu đậu hũ gia đình được gì,dau_hu_chien
món ăn từ gà cơm kho,com_ga
nấu bò hành được gì,bo_xao_hanh
nấu rau thịt được gì,thit_xao_rau
nguyên liệu: rau gia đình,canh_rau
mình có bún bò,bun_bo
nấu bún bò được gì,bun_bo
món ăn từ cá,ca_chien
ăn với trứng đơn giản,trung_luoc
làm món từ cá kho,ca_kho
tôi muốn nấu trứng mì luộc,mi_xao_trung
có mực tôm mì thì nấu gì,mi_xao_hai_san
tôi có cà chua trứng,canh_trung_ca_chua
tôi muốn nấu cá,ca_kho
nấu trứng bánh mì đơn giản được gì,banh_mi_trung
rau mì,mi_tron
tôi muốn nấu trứng trộn,trung_hap
mình có rau mực tôm luộc,lau_thai
gà cà rốt,sup_ga
nguyên liệu: cà chua đậu hũ,dau_hu_sot_ca
có cơm rau trứng thì nấu gì,com_tron
ăn với gà,ga_chien
làm món từ trứng luộc,trung_chien
bò hành xào,bo_xao_hanh
ăn với cà chua trứng nướng,trung_chien_ca_chua
ăn với sườn,suon_kho
tôi muốn nấu mì,mi_goi
ăn với gà luộc,canh_ga
nấu trứng rau cơm được gì hấp,com_tron
mình có bún bò,bun_bo
tôi muốn nấu thịt bánh mì,banh_mi_thit
tôi muốn nấu thịt trứng,trung_xao_thit
nguyên liệu: bánh mì thịt,banh_mi_thit
nấu rau mì ngon được gì kho,mi_tron
ăn với sườn,suon_kho
nguyên liệu: trứng cà chua đơn giản,canh_trung_ca_chua
tôi muốn nấu bò hành đơn giản,bo_xao_hanh
tôi muốn nấu gà,ga_chien
trứng cà chua nhanh kho,canh_trung_ca_chua
nấu phở bò được gì hấp,pho_bo
món ăn từ trứng cơm rau,com_tron
tôi có gà cà rốt đơn giản nướng,sup_ga
cá,ca_kho
rau luộc,canh_rau
ăn với gà,ga_chien
tôi muốn nấu rau tỏi gia đình,rau_xao_toi
nguyên liệu: cà rốt gà ngon,sup_ga
mình có trứng,trung_luoc
ăn với hành trứng cơm nhanh xào,com_chien_trung
nguyên liệu: gà cơm gia đình,com_ga
nấu gà ngon được gì,ga_nuong
tôi có cơm sườn,com_tam
rau trứng cơm gia đình nướng,com_tron
tôi có đậu hũ đơn giản nướng,dau_hu_chien
làm món từ mì bò xào,mi_xao_bo
tôi muốn nấu gà rau đơn giản,lau_ga
có trứng thì nấu gì,trung_luoc
tôi muốn nấu gà cà rốt trộn,sup_ga
có mì trứng thì nấu gì hấp,mi_xao_trung
nấu trứng thịt được gì,thit_kho_trung
làm món từ trứng cà chua nhanh,canh_trung_ca_chua
tôi muốn nấu sườn,suon_nuong
mình có trứng,trung_cuon
có rau cơm trứng thì nấu gì,com_tron
món ăn từ trứng trộn,trung_chien
tôi có hành bò,bo_xao_hanh
có gà cơm thì nấu gì kho,com_ga
cá,ca_kho
mình có gà rau ngon,lau_ga
nấu trứng bánh mì được gì,banh_mi_trung
tôi muốn nấu trứng,trung_chien
món ăn từ tôm mực rau,lau_thai
tôi có bò mì,mi_xao_bo
món ăn từ trứng bánh mì trộn,banh_mi_op_la
ăn với trứng cà chua,trung_chien_ca_chua
ăn với bò mì chiên,mi_xao_bo
tôi có bò hành xào,bo_xao_hanh
nguyên liệu: gà nướng,ga_nuong
nguyên liệu: rau nhanh,canh_rau
món ăn từ trứng ngon,trung_luoc
làm món từ bò mì hấp,mi_xao_bo
nguyên liệu: tôm mực mì ngon luộc,mi_xao_hai_san
đậu hũ chiên,dau_hu_chien
mình có gà cà rốt hấp,sup_ga
mình có đậu hũ cà chua,dau_hu_sot_ca
món ăn từ cá ngon,ca_chien
có thịt thì nấu gì,thit_nuong
ăn với rau,canh_rau
món ăn từ đậu hũ,dau_hu_chien
làm món từ trứng ngon,trung_hap
nguyên liệu: gà cà rốt chiên,sup_ga
nguyên liệu: đậu hũ cà chua,dau_hu_sot_ca
nấu cá đơn giản được gì,ca_chien
làm món từ trứng,trung_op_la
nấu sườn được gì hấp,suon_kho
tôi muốn nấu mực tôm mì ngon,mi_xao_hai_san
hành trứng nhanh kho,trung_xao_hanh
có cơm gà thì nấu gì hấp,com_ga
tôi có tôm mực rau,lau_thai
nguyên liệu: trứng mì ngon,mi_xao_trung
món ăn từ mì,mi_goi
làm món từ cá,ca_chien
mình có rau chiên,canh_rau
nguyên liệu: trứng thịt luộc,thit_kho_trung
món ăn từ thịt ngon trộn,thit_nuong
mình có gà chiên,canh_ga
tôi muốn nấu bò bún,bun_bo
có trứng bánh mì thì nấu gì,banh_mi_op_la
làm món từ trứng,trung_op_la
làm món từ sườn cơm,com_tam
tôi có bò hành gia đình,bo_xao_hanh
cơm sườn,com_tam
tôi có cơm đậu xúc xích trứng,com_chien_duong_chau
làm món từ rau trứng cơm,com_tron
món ăn từ trứng,trung_op_la
nấu cơm gà được gì,com_ga
tôi có tôm mực rau chiên,lau_thai
làm món từ trứng bánh mì đơn giản,banh_mi_trung
làm món từ thịt trứng ngon,trung_xao_thit
bò mì,mi_xao_bo
ăn với trứng,trung_luoc
nấu thịt được gì,thit_nuong
nguyên liệu: đậu hũ trộn,dau_hu_chien
làm món từ cà rốt gà,sup_ga
nấu trứng được gì,trung_hap
tôi có sườn,suon_nuong
ăn với cá,ca_chien
trứng bánh mì,banh_mi_trung
ăn với trứng cơm đậu xúc xích hấp,com_chien_duong_chau
mình có bánh mì trứng,banh_mi_trung
làm món từ mì trứng chiên,mi_xao_trung
ăn với đậu xúc xích cơm trứng,com_chien_duong_chau
nấu rau gà được gì,lau_ga
món ăn từ trứng cà chua hấp,trung_chien_ca_chua
làm món từ gà,ga_chien
cà chua trứng,canh_trung_ca_chua
làm món từ trứng luộc,trung_hap
có trứng thì nấu gì,trung_luoc
nguyên liệu: bún bò,bun_bo
nấu đậu hũ ngon được gì,dau_hu_chien
ăn với bò bún kho,bun_bo
nguyên liệu: rau trộn,canh_rau
nấu thịt trứng được gì,thit_kho_trung
tôi có cơm sườn nhanh xào,com_tam
mình có gà cà rốt hấp,sup_ga
làm món từ trứng,trung_op_la
tôi có trứng thịt kho,thit_kho_trung
ăn với cà chua trứng,canh_trung_ca_chua
mình có bò bún,bun_bo
rau tỏi xào,rau_xao_toi
trứng thịt gia đình,trung_xao_thit
sườn gia đình trộn,suon_nuong
có tôm tỏi nhanh thì nấu gì xào,tom_xao_toi
tôi muốn nấu sườn luộc,suon_kho
ăn với thịt bánh mì chiên,banh_mi_thit
bò cà rốt khoai xào,bo_kho
món ăn từ sườn cơm gia đình,com_tam
tôi muốn nấu mì mực tôm,mi_xao_hai_san
nấu cá được gì trộn,ca_kho
mình có mực tôm mì chiên,mi_xao_hai_san
trứng,trung_cuon
ăn với tỏi tôm đơn giản,tom_xao_toi
tôi có gà rau,lau_ga
món ăn từ thịt luộc,thit_nuong
mì trứng,mi_xao_trung
tôi muốn nấu trứng,trung_op_la
tôi muốn nấu hành trứng kho,trung_xao_hanh
có sườn thì nấu gì nướng,suon_nuong
nguyên liệu: gà cơm,com_ga
khoai cà rốt bò gia đình xào,bo_kho
trứng hành hấp,trung_xao_hanh
tôi muốn nấu gà cơm hấp,com_ga
có bánh mì thịt thì nấu gì,banh_mi_thit
nguyên liệu: cá,ca_kho
nguyên liệu: hành trứng chiên,trung_xao_hanh
tôi có trứng cà chua,canh_trung_ca_chua
cà rốt gà đơn giản hấp,sup_ga
nấu thịt trứng được gì,thit_kho_trung
làm món từ bánh mì trứng kho,banh_mi_op_la
mình có rau hấp,canh_rau
trứng xào,trung_hap
món ăn từ phở bò,pho_bo
mình có rau trứng cơm chiên,com_tron
nấu rau gà được gì xào,lau_ga
nguyên liệu: rau thịt,thit_xao_rau
tôi muốn nấu trứng cà chua nhanh luộc,trung_chien_ca_chua
tôi có trứng đơn giản,trung_luoc
món ăn từ trứng thịt chiên,thit_kho_trung
nấu cà chua đậu hũ được gì,dau_hu_sot_ca
tôi muốn nấu sườn nướng,suon_nuong
ăn với đậu hũ luộc,dau_hu_chien
ăn với cơm trứng hành,com_chien_trung
thịt,thit_nuong
làm món từ bò hành,bo_xao_hanh
tôi muốn nấu bánh mì trứng nướng,banh_mi_op_la
nấu gà được gì luộc,ga_chien
tôi có trứng,trung_hap
nguyên liệu: thịt,thit_nuong
mình có thịt trứng kho,thit_kho_trung
tôi có trứng cà chua đơn giản kho,canh_trung_ca_chua
mình có sườn nướng,suon_kho
nguyên liệu: bánh mì trứng xào,banh_mi_op_la
có trứng cà chua ngon thì nấu gì hấp,canh_trung_ca_chua
có đậu hũ thì nấu gì,dau_hu_chien
mình có rau mực tôm hấp,lau_thai
nấu cà chua trứng được gì,canh_trung_ca_chua
tôi có cà rốt gà luộc,sup_ga
tôi muốn nấu mì mực tôm luộc,mi_xao_hai_san
nấu thịt bánh mì nhanh được gì,banh_mi_thit
món ăn từ trứng cà chua xào,canh_trung_ca_chua
món ăn từ sườn,suon_nuong
tôi có rau,canh_rau
làm món từ trứng bánh mì kho,banh_mi_op_la
có trứng rau cơm thì nấu gì kho,com_tron
nấu cà chua trứng được gì,canh_trung_ca_chua
có trứng rau cơm thì nấu gì,com_tron
cà rốt bò khoai,bo_kho
trứng nướng,trung_luoc
tôi có trứng thịt,thit_kho_trung
mình có trứng cà chua,trung_chien_ca_chua
làm món từ cà chua trứng,canh_trung_ca_chua
có tỏi tôm thì nấu gì,tom_xao_toi
ăn với bò bún,bun_bo
có bò hành thì nấu gì nướng,bo_xao_hanh
nguyên liệu: hành trứng,trung_xao_hanh
tôi có tỏi tôm,tom_xao_toi
có trứng hành thì nấu gì xào,trung_xao_hanh
ăn với trứng nướng,trung_chien
món ăn từ rau mì,mi_tron
nấu mì rau được gì xào,mi_tron
món ăn từ hành bò,bo_xao_hanh
nấu thịt được gì,thit_nuong
nấu đậu hũ cà chua được gì luộc,dau_hu_sot_ca
làm món từ cá,ca_chien
món ăn từ cơm trứng hành ngon kho,com_chien_trung
tôi muốn nấu tôm tỏi đơn giản,tom_xao_toi
tôi có mì mực tôm,mi_xao_hai_san
tôi muốn nấu trứng cà chua,canh_trung_ca_chua
tôi muốn nấu hành cơm trứng nướng,com_chien_trung
nấu thịt rau được gì hấp,thit_xao_rau
ăn với tôm tỏi,tom_xao_toi
tôi có rau mì hấp,mi_tron
tôi muốn nấu rau cơm trứng xào,com_tron
ăn với mì rau,mi_tron
mình có gà,ga_chien
gà rau luộc,lau_ga
nguyên liệu: trứng,trung_op_la
trứng bánh mì,banh_mi_op_la
nấu trứng đậu xúc xích cơm đơn giản được gì,com_chien_duong_chau
ăn với bò phở nướng,pho_bo
mình có rau thịt ngon,thit_xao_rau
ăn với sườn,suon_nuong
món ăn từ bò phở,pho_bo
ăn với sườn,suon_kho
tôi có bò bún ngon chiên,bun_bo
ăn với trứng cà chua,trung_chien_ca_chua
làm món từ cơm trứng hành,com_chien_trung
làm món từ trứng,trung_op_la
làm món từ rau tôm mực,lau_thai
món ăn từ trứng,trung_op_la
ăn với thịt rau hấp,thit_xao_rau
ăn với trứng,trung_hap
món ăn từ xúc xích trứng cơm đậu,com_chien_duong_chau
món ăn từ mì bò,mi_xao_bo
có đậu xúc xích cơm trứng thì nấu gì,com_chien_duong_chau
tôi muốn nấu bò hành,bo_xao_hanh
làm món từ trứng bánh mì nhanh nướng,banh_mi_trung
mình có cà chua đậu hũ nướng,dau_hu_sot_ca
món ăn từ đậu hũ,dau_hu_chien
có thịt trứng thì nấu gì trộn,thit_kho_trung
nấu cà rốt gà được gì hấp,sup_ga
mình có trứng hấp,trung_luoc
tôi muốn nấu tôm mực mì kho,mi_xao_hai_san
món ăn từ rau gà trộn,lau_ga
tôi có trứng hành cơm,com_chien_trung
tôi có tôm cơm mực,com_chien_hai_san
làm món từ sườn cơm chiên,com_tam
món ăn từ hành cơm trứng nướng,com_chien_trung
mì bò,mi_xao_bo
làm món từ gà,ga_chien
tôi muốn nấu trứng,trung_luoc
làm món từ cơm đậu xúc xích trứng luộc,com_chien_duong_chau
có trứng cà chua thì nấu gì luộc,canh_trung_ca_chua
có thịt đơn giản thì nấu gì luộc,thit_nuong
có bánh mì trứng thì nấu gì,banh_mi_trung
làm món từ mì bò chiên,mi_xao_bo
tôi muốn nấu thịt,thit_nuong
sườn trộn,suon_nuong
làm món từ sườn cơm,com_tam
nguyên liệu: cơm rau trứng,com_tron
làm món từ cơm trứng rau,com_tron
nấu tôm mực rau đơn giản được gì,lau_thai
có sườn thì nấu gì,suon_kho
nấu cá được gì,ca_chien
mình có cá,ca_kho
tôi muốn nấu thịt bánh mì,banh_mi_thit
món ăn từ sườn đơn giản xào,suon_nuong
món ăn từ rau mực tôm,lau_thai
món ăn từ trứng kho,trung_chien
tôi muốn nấu rau xào,canh_rau
làm món từ gà,ga_chien
tôi muốn nấu rau,canh_rau
ăn với cà chua trứng kho,trung_chien_ca_chua
tôi có mì luộc,mi_goi
bánh mì thịt,banh_mi_thit
nguyên liệu: trứng bánh mì,banh_mi_op_la
tôi có rau thịt,thit_xao_rau
nguyên liệu: cơm mực tôm,com_chien_hai_san
có cá thì nấu gì luộc,ca_chien
tôi muốn nấu rau thịt gia đình kho,thit_xao_rau
làm món từ tôm mực rau trộn,lau_thai
ăn với bò mì,mi_xao_bo
món ăn từ trứng đậu cơm xúc xích,com_chien_duong_chau
mình có thịt trứng nhanh chiên,thit_kho_trung
ăn với trứng cà chua,canh_trung_ca_chua
nguyên liệu: bò hành hấp,bo_xao_hanh
tôi có trứng cơm rau,com_tron
tôi có rau mì nhanh,mi_tron
món ăn từ mực tôm cơm,com_chien_hai_san
tôi muốn nấu gà gia đình,ga_chien
có cá thì nấu gì,ca_chien
nguyên liệu: gà nhanh,canh_ga
mình có trứng,trung_chien
tôi muốn nấu cơm trứng hành,com_chien_trung
nguyên liệu: sườn cơm nhanh,com_tam
trứng thịt nhanh trộn,trung_xao_thit
có cà rốt khoai bò thì nấu gì,bo_kho
ăn với thịt chiên,thit_nuong
tôi có trứng thịt,thit_kho_trung
nguyên liệu: trứng cà chua,trung_chien_ca_chua
tôi muốn nấu mực tôm mì gia đình,mi_xao_hai_san
có cơm gà thì nấu gì nướng,com_ga
món ăn từ trứng,trung_chien
nấu cơm tôm mực được gì,com_chien_hai_san
món ăn từ trứng hấp,trung_op_la
mình có cơm gà,com_ga
làm món từ khoai bò cà rốt kho,bo_kho
làm món từ trứng mì,mi_xao_trung
nguyên liệu: gà ngon,ga_chien
tôi muốn nấu sườn,suon_nuong
làm món từ tôm tỏi nhanh hấp,tom_xao_toi
nấu gà cơm được gì,com_ga
tôi có gà,ga_chien
nấu tỏi tôm gia đình được gì,tom_xao_toi
nguyên liệu: cá xào,ca_chien
món ăn từ gà,canh_ga
tôi có sườn kho,suon_nuong
nguyên liệu: thịt,thit_nuong
gà rau,lau_ga
làm món từ cà chua trứng,canh_trung_ca_chua
làm món từ mì,mi_goi
làm món từ sườn chiên,suon_kho
mình có bò bún,bun_bo
thịt trứng,trung_xao_thit
tôi muốn nấu sườn trộn,suon_kho
cá đơn giản nướng,ca_kho
làm món từ bò cà rốt khoai trộn,bo_kho
tôi muốn nấu bún bò luộc,bun_bo
nấu rau gà được gì kho,lau_ga
mình có rau gà trộn,lau_ga
sườn cơm luộc,com_tam
ăn với trứng hấp,trung_hap
nấu bò phở được gì,pho_bo
làm món từ cà chua đậu hũ ngon kho,dau_hu_sot_ca
tôi muốn nấu gà cơm xào,com_ga
làm món từ rau tỏi,rau_xao_toi
rau mì xào,mi_tron
nguyên liệu: gà cơm trộn,com_ga
món ăn từ trứng mì hấp,mi_xao_trung
nấu đậu hũ được gì luộc,dau_hu_chien
gà,ga_nuong
món ăn từ cơm trứng hành nhanh,com_chien_trung
có rau thì nấu gì,canh_rau
mình có rau gà nướng,lau_ga
nguyên liệu: sườn,suon_kho
có trứng cà chua thì nấu gì,trung_chien_ca_chua
rau tỏi hấp,rau_xao_toi
mình có gà,ga_nuong
nguyên liệu: thịt trứng,trung_xao_thit
nguyên liệu: gà,ga_chien
món ăn từ trứng kho,trung_op_la
đậu hũ,dau_hu_chien
trứng,trung_cuon
món ăn từ thịt trứng,trung_xao_thit
tôi có cà chua trứng,canh_trung_ca_chua
có trứng bánh mì ngon thì nấu gì,banh_mi_op_la
mình có sườn cơm kho,com_tam
làm món từ thịt bánh mì,banh_mi_thit
ăn với gà,ga_nuong
mình có rau thịt,thit_xao_rau
nguyên liệu: tỏi rau hấp,rau_xao_toi
mình có sườn cơm chiên,com_tam
nấu hành bò được gì,bo_xao_hanh
món ăn từ cá,ca_chien
món ăn từ rau gà nướng,lau_ga
tôi muốn nấu sườn hấp,suon_nuong
nguyên liệu: cơm tôm mực luộc,com_chien_hai_san
nấu tôm mì mực được gì,mi_xao_hai_san
nguyên liệu: trứng thịt đơn giản,trung_xao_thit
nấu tôm tỏi được gì,tom_xao_toi
tôi có tỏi rau chiên,rau_xao_toi
nguyên liệu: rau cơm trứng,com_tron
ăn với bò phở nướng,pho_bo
tôi muốn nấu cơm trứng rau,com_tron
làm món từ mì rau,mi_tron
nguyên liệu: hành trứng cơm,com_chien_trung
có bò phở gia đình thì nấu gì kho,pho_bo
món ăn từ trứng,trung_hap
món ăn từ đậu hũ ngon xào,dau_hu_chien
nấu trứng được gì hấp,trung_luoc
làm món từ trứng,trung_cuon
món ăn từ trứng kho,trung_chien
nguyên liệu: cà rốt gà kho,sup_ga
tôi có sườn cơm,com_tam
đậu trứng xúc xích cơm ngon,com_chien_duong_chau
cơm gà luộc,com_ga
tôi có trứng thịt,thit_kho_trung
món ăn từ gà chiên,ga_nuong
mình có cơm sườn,com_tam
ăn với tôm mì mực kho,mi_xao_hai_san
mình có mực tôm cơm hấp,com_chien_hai_san
làm món từ trứng bánh mì,banh_mi_trung
nấu trứng được gì nướng,trung_cuon
làm món từ gà cà rốt ngon trộn,sup_ga
nguyên liệu: bò phở hấp,pho_bo
tôi muốn nấu cơm hành trứng,com_chien_trung
nấu mì mực tôm được gì trộn,mi_xao_hai_san
tôi có rau mì,mi_tron
nguyên liệu: rau cơm trứng,com_tron
tôi có mì,mi_goi
làm món từ đậu cơm xúc xích trứng chiên,com_chien_duong_chau
món ăn từ bánh mì trứng luộc,banh_mi_trung
món ăn từ bò mì,mi_xao_bo
nấu thịt trứng được gì hấp,thit_kho_trung
món ăn từ cơm tôm mực,com_chien_hai_san
nguyên liệu: trứng,trung_chien
tôi muốn nấu bánh mì thịt,banh_mi_thit
tôi có trứng,trung_cuon
mình có rau trứng cơm kho,com_tron
tôi muốn nấu khoai cà rốt bò,bo_kho
nấu trứng đậu xúc xích cơm được gì,com_chien_duong_chau
tôi muốn nấu trứng hành cơm,com_chien_trung
nấu thịt được gì hấp,thit_nuong
nguyên liệu: đậu hũ chiên,dau_hu_chien
món ăn từ rau mì nhanh,mi_tron
có trứng thì nấu gì,trung_chien
tôm mực mì,mi_xao_hai_san
làm món từ sườn,suon_nuong
mình có bò mì,mi_xao_bo
có trứng thì nấu gì hấp,trung_luoc
làm món từ trứng bánh mì luộc,banh_mi_op_la
mình có bò cà rốt khoai nhanh kho,bo_kho
bánh mì thịt,banh_mi_thit
tôi có trứng nướng,trung_chien
rau mì đơn giản hấp,mi_tron
có sườn đơn giản thì nấu gì luộc,suon_nuong
tôi muốn nấu đậu hũ,dau_hu_chien
tôi có thịt trứng,thit_kho_trung
tôi muốn nấu cơm gà,com_ga
món ăn từ bò hành,bo_xao_hanh
nấu cơm đậu trứng xúc xích nhanh được gì,com_chien_duong_chau
mình có rau,canh_rau
tôi muốn nấu trứng xào,trung_cuon
nấu bò bún được gì kho,bun_bo
làm món từ tỏi tôm,tom_xao_toi
mình có trứng kho,trung_op_la
tôi muốn nấu rau tỏi nướng,rau_xao_toi
làm món từ trứng hành cơm,com_chien_trung
mình có đậu hũ,dau_hu_chien
món ăn từ thịt rau,thit_xao_rau
làm món từ gà gia đình,ga_chien
món ăn từ gà,canh_ga
ăn với trứng,trung_chien
món ăn từ gà,canh_ga
nguyên liệu: cơm mực tôm ngon,com_chien_hai_san
trứng kho,trung_luoc
nấu gà được gì,ga_chien
món ăn từ gà cà rốt,sup_ga
nguyên liệu: cà chua trứng luộc,canh_trung_ca_chua
sườn hấp,suon_kho
trứng,trung_op_la
thịt rau,thit_xao_rau
nấu thịt được gì,thit_nuong
ăn với đậu hũ nhanh kho,dau_hu_chien
mình có tỏi tôm hấp,tom_xao_toi
có gà thì nấu gì,canh_ga
ăn với hành trứng hấp,trung_xao_hanh
nguyên liệu: thịt bánh mì,banh_mi_thit
đậu hũ cà chua,dau_hu_sot_ca
mình có trứng,trung_chien
có trứng bánh mì ngon thì nấu gì,banh_mi_op_la
ăn với trứng,trung_op_la
món ăn từ tôm mực rau luộc,lau_thai
làm món từ gà cơm,com_ga
có xúc xích đậu trứng cơm thì nấu gì,com_chien_duong_chau
tôi muốn nấu thịt rau luộc,thit_xao_rau
món ăn từ sườn nhanh trộn,suon_nuong
làm món từ sườn ngon,suon_kho
mì,mi_goi
món ăn từ thịt rau,thit_xao_rau
nguyên liệu: bánh mì trứng,banh_mi_op_la
tôi muốn nấu trứng đậu cơm xúc xích,com_chien_duong_chau
mình có trứng,trung_luoc
nấu trứng được gì trộn,trung_op_la
bò phở nhanh,pho_bo
mì đơn giản hấp,mi_goi
cá,ca_kho
rau,canh_rau
mình có sườn cơm nướng,com_tam
ăn với mì,mi_goi
ăn với trứng bánh mì trộn,banh_mi_op_la
tôi muốn nấu bò mì kho,mi_xao_bo
nguyên liệu: gà rau đơn giản,lau_ga
nguyên liệu: đậu hũ nhanh,dau_hu_chien
mình có trứng,trung_hap
món ăn từ đậu hũ cà chua,dau_hu_sot_ca
ăn với bò hành nướng,bo_xao_hanh
làm món từ gà,canh_ga
làm món từ rau kho,canh_rau
mình có rau luộc,canh_rau
tôi muốn nấu sườn xào,suon_nuong
tôi muốn nấu gà nhanh,ga_nuong
ăn với hành trứng,trung_xao_hanh
tôi muốn nấu đậu hũ cà chua kho,dau_hu_sot_ca
ăn với trứng hành chiên,trung_xao_hanh
làm món từ đậu hũ,dau_hu_chien
nguyên liệu: bò cà rốt khoai xào,bo_kho
mình có bánh mì trứng luộc,banh_mi_trung
món ăn từ rau tỏi,rau_xao_toi
nấu rau thịt gia đình được gì hấp,thit_xao_rau
gà,ga_chien
tôi muốn nấu sườn,suon_kho
có trứng thì nấu gì nướng,trung_cuon
món ăn từ thịt đơn giản,thit_nuong
làm món từ tôm mực rau,lau_thai
mì bò gia đình,mi_xao_bo
có trứng thì nấu gì,trung_cuon
tôi muốn nấu thịt trứng luộc,thit_kho_trung
món ăn từ trứng kho,trung_op_la
ăn với tôm tỏi đơn giản,tom_xao_toi
ăn với mì mực tôm,mi_xao_hai_san
có đậu hũ thì nấu gì trộn,dau_hu_chien
tôi có mì rau kho,mi_tron
nấu trứng cơm hành được gì chiên,com_chien_trung
làm món từ mì trứng trộn,mi_xao_trung
sườn ngon nướng,suon_nuong
tỏi rau,rau_xao_toi
tôi có cá,ca_kho
bò hành,bo_xao_hanh
nấu đậu hũ được gì,dau_hu_chien
cá,ca_chien
tôi có trứng thịt,thit_kho_trung
có cơm sườn thì nấu gì,com_tam
ăn với cá,ca_chien
nấu trứng xúc xích cơm đậu được gì nướng,com_chien_duong_chau
tôi có trứng trộn,trung_hap
nguyên liệu: rau mì gia đình,mi_tron
ăn với bánh mì thịt,banh_mi_thit
làm món từ cá,ca_chien
có trứng thì nấu gì,trung_op_la
tôi muốn nấu mì trứng,mi_xao_trung
làm món từ phở bò hấp,pho_bo
tôi có gà rau nhanh xào,lau_ga
món ăn từ tôm mực rau,lau_thai
cơm hành trứng,com_chien_trung
ăn với bánh mì trứng,banh_mi_op_la
nguyên liệu: tôm mực cơm,com_chien_hai_san
nguyên liệu: mì kho,mi_goi
có mực tôm rau thì nấu gì kho,lau_thai
món ăn từ rau,canh_rau
món ăn từ trứng kho,trung_chien
tôi muốn nấu rau gà hấp,lau_ga
mình có trứng bánh mì hấp,banh_mi_trung
có đậu hũ cà chua thì nấu gì xào,dau_hu_sot_ca
nấu trứng thịt được gì,thit_kho_trung
món ăn từ cá,ca_chien
trứng cà chua xào,canh_trung_ca_chua
có tôm tỏi nhanh thì nấu gì hấp,tom_xao_toi
nguyên liệu: cơm đậu xúc xích trứng ngon,com_chien_duong_chau
nguyên liệu: đậu hũ cà chua,dau_hu_sot_ca
tôi muốn nấu thịt bánh mì,banh_mi_thit
tôi muốn nấu bánh mì trứng chiên,banh_mi_op_la
làm món từ gà luộc,ga_nuong
món ăn từ mì rau đơn giản kho,mi_tron
mình có thịt trộn,thit_nuong
nguyên liệu: trứng hành cơm gia đình trộn,com_chien_trung
nấu bò bún được gì kho,bun_bo
gà hấp,ga_chien
làm món từ gà,ga_nuong
mình có bún bò,bun_bo
ăn với tôm tỏi kho,tom_xao_toi
trứng rau cơm luộc,com_tron
tôi có gà rau nhanh hấp,lau_ga
nấu tôm mực cơm đơn giản được gì,com_chien_hai_san
bánh mì trứng ngon,banh_mi_op_la
thịt rau chiên,thit_xao_rau
sườn cơm,com_tam
món ăn từ cà rốt gà,sup_ga
tôi có gà,ga_chien
mình có cá kho,ca_kho
làm món từ tỏi tôm,tom_xao_toi
nấu cà chua trứng gia đình được gì luộc,canh_trung_ca_chua
có trứng ngon thì nấu gì,trung_hap
có trứng cà chua thì nấu gì hấp,canh_trung_ca_chua
nguyên liệu: phở bò chiên,pho_bo
món ăn từ trứng,trung_cuon
ăn với cá,ca_kho
có cà chua trứng thì nấu gì chiên,trung_chien_ca_chua
món ăn từ cá gia đình xào,ca_chien
nguyên liệu: rau tỏi đơn giản,rau_xao_toi
tôi có gà,ga_nuong
món ăn từ cà rốt gà đơn giản luộc,sup_ga
tôi có sườn,suon_nuong
mì bò gia đình,mi_xao_bo
nguyên liệu: tôm mực cơm luộc,com_chien_hai_san
tôi muốn nấu bò mì hấp,mi_xao_bo
có rau mực tôm thì nấu gì,lau_thai
món ăn từ mực mì tôm hấp,mi_xao_hai_san
làm món từ trứng hấp,trung_cuon
món ăn từ thịt rau kho,thit_xao_rau
mình có bánh mì thịt,banh_mi_thit
trứng bánh mì,banh_mi_trung
làm món từ trứng,trung_cuon
có thịt thì nấu gì,thit_nuong
tôi có gà,ga_nuong
tôi muốn nấu thịt rau kho,thit_xao_rau
thịt trứng nướng,trung_xao_thit
ăn với gà nướng,ga_nuong
món ăn từ cơm sườn chiên,com_tam
nấu trứng được gì,trung_chien
nấu thịt trứng được gì,thit_kho_trung
tôi muốn nấu gà,ga_chien
món ăn từ gà hấp,ga_nuong
mình có thịt trứng đơn giản,thit_kho_trung
gà,ga_nuong
trứng,trung_chien
làm món từ trứng thịt,thit_kho_trung
ăn với trứng cơm xúc xích đậu,com_chien_duong_chau
tôi muốn nấu rau gà,lau_ga
trứng,trung_hap
món ăn từ mực rau tôm chiên,lau_thai
món ăn từ cơm sườn,com_tam
tôi có trứng cà chua,trung_chien_ca_chua
nguyên liệu: rau,canh_rau
nấu sườn được gì,suon_kho
mình có cá,ca_chien
ăn với cá ngon,ca_kho
có cá thì nấu gì,ca_kho
làm món từ mì bò,mi_xao_bo
ăn với trứng,trung_cuon
mình có hành trứng cơm nướng,com_chien_trung
làm món từ rau,canh_rau
có cà rốt khoai bò thì nấu gì hấp,bo_kho
tôi muốn nấu bánh mì trứng,banh_mi_trung
có trứng thì nấu gì,trung_chien
mình có bún bò,bun_bo
tôi có trứng,trung_cuon
nguyên liệu: đậu hũ trộn,dau_hu_chien
nguyên liệu: rau ngon nướng,canh_rau
nguyên liệu: gà gia đình,ga_nuong
món ăn từ đậu hũ gia đình,dau_hu_chien
làm món từ trứng mì,mi_xao_trung
có rau mì thì nấu gì,mi_tron
tôi muốn nấu cá,ca_chien
tôi có mì,mi_goi
mực cơm tôm nhanh nướng,com_chien_hai_san
tôi muốn nấu trứng,trung_chien
nấu cơm sườn được gì,com_tam
nguyên liệu: sườn chiên,suon_nuong
gà,ga_nuong
nguyên liệu: đậu hũ luộc,dau_hu_chien
mình có sườn cơm,com_tam
mình có mì rau đơn giản,mi_tron
nguyên liệu: bánh mì trứng,banh_mi_trung
có cơm hành trứng nhanh thì nấu gì xào,com_chien_trung
mình có cá trộn,ca_chien
nấu thịt được gì luộc,thit_nuong
có mì mực tôm gia đình thì nấu gì hấp,mi_xao_hai_san
tôi muốn nấu hành trứng kho,trung_xao_hanh
tôi muốn nấu trứng bánh mì,banh_mi_trung
tôi muốn nấu rau tôm mực,lau_thai
rau gia đình kho,canh_rau
làm món từ trứng thịt trộn,trung_xao_thit
tôi muốn nấu cá đơn giản nướng,ca_kho
tôi có hành trứng ngon,trung_xao_hanh
tôi có bò hành,bo_xao_hanh
nguyên liệu: mì mực tôm gia đình,mi_xao_hai_san
nguyên liệu: bánh mì trứng chiên,banh_mi_trung
mình có trứng,trung_luoc
mình có thịt xào,thit_nuong
tôi có bún bò nhanh,bun_bo
tôi có gà,ga_chien
có cà rốt bò khoai ngon thì nấu gì kho,bo_kho
nấu trứng được gì nướng,trung_luoc
món ăn từ bánh mì trứng,banh_mi_op_la
món ăn từ sườn chiên,suon_nuong
nấu cá ngon được gì,ca_chien
cơm trứng rau đơn giản chiên,com_tron
nấu gà được gì chiên,ga_nuong
tôi có rau trộn,canh_rau
tôi muốn nấu rau mì,mi_tron
nấu cơm sườn nhanh được gì,com_tam
tôi có sườn,suon_nuong
ăn với bò hành chiên,bo_xao_hanh
tôi muốn nấu bò mì đơn giản,mi_xao_bo
tôi có cá,ca_kho
thịt bánh mì,banh_mi_thit
mình có cá,ca_chien
nấu sườn được gì trộn,suon_nuong
ăn với cơm trứng rau ngon,com_tron
nấu trứng gia đình được gì hấp,trung_luoc
có cơm sườn nhanh thì nấu gì,com_tam
tôi muốn nấu rau gà đơn giản,lau_ga
nấu rau trứng cơm được gì luộc,com_tron
món ăn từ cá gia đình nướng,ca_kho
tôi muốn nấu trứng,trung_op_la
tôi muốn nấu bún bò,bun_bo
có trứng bánh mì thì nấu gì,banh_mi_trung
ăn với trứng,trung_luoc
món ăn từ gà ngon luộc,canh_ga
trứng chiên,trung_luoc
có rau tỏi thì nấu gì,rau_xao_toi
mình có phở bò luộc,pho_bo
thịt trứng,thit_kho_trung
làm món từ rau,canh_rau
ăn với cơm trứng rau,com_tron
làm món từ đậu hũ nhanh kho,dau_hu_chien
làm món từ bò cà rốt khoai ngon luộc,bo_kho
có trứng đơn giản thì nấu gì nướng,trung_hap
món ăn từ gà,ga_chien
làm món từ sườn cơm,com_tam
món ăn từ rau thịt,thit_xao_rau
ăn với thịt trứng,thit_kho_trung
mình có rau trứng cơm ngon,com_tron
nấu khoai bò cà rốt được gì,bo_kho
món ăn từ gà hấp,canh_ga
món ăn từ rau gà trộn,lau_ga
nấu rau thịt được gì,thit_xao_rau
mình có cà chua trứng nhanh,canh_trung_ca_chua
tôi có gà,canh_ga
có tôm tỏi thì nấu gì,tom_xao_toi
làm món từ hành cơm trứng gia đình,com_chien_trung
nấu cà chua trứng được gì,canh_trung_ca_chua
nguyên liệu: mực tôm cơm,com_chien_hai_san
ăn với rau tỏi,rau_xao_toi
tôi có thịt luộc,thit_nuong
món ăn từ trứng,trung_hap
làm món từ mì bò,mi_xao_bo
tôi có gà cà rốt nướng,sup_ga
tôi có trứng luộc,trung_cuon
tôi có cà chua trứng luộc,trung_chien_ca_chua
có trứng thì nấu gì xào,trung_hap
tôi có trứng thịt,thit_kho_trung
ăn với trứng hành,trung_xao_hanh
ăn với sườn,suon_nuong
tôi muốn nấu bánh mì trứng trộn,banh_mi_op_la
ăn với đậu hũ nướng,dau_hu_chien
có gà thì nấu gì trộn,canh_ga
mình có cà rốt bò khoai trộn,bo_kho
mình có rau gà ngon,lau_ga
nguyên liệu: cá,ca_chien
tôi có tôm mì mực,mi_xao_hai_san
nấu hành cơm trứng được gì,com_chien_trung
nấu trứng được gì,trung_cuon
nấu rau gà được gì,lau_ga
nguyên liệu: cá,ca_chien
nguyên liệu: cà rốt bò khoai gia đình trộn,bo_kho
tôi muốn nấu đậu hũ ngon,dau_hu_chien
nguyên liệu: thịt xào,thit_nuong
mình có cá hấp,ca_chien
ăn với sườn luộc,suon_nuong
tôi muốn nấu cà chua trứng,trung_chien_ca_chua
mì rau trộn,mi_tron
nấu sườn được gì,suon_kho
ăn với gà cà rốt,sup_ga
làm món từ trứng bánh mì,banh_mi_op_la
tôi có trứng,trung_chien
tôi có sườn nhanh,suon_kho
nấu bánh mì trứng được gì hấp,banh_mi_op_la
tôi muốn nấu rau mực tôm nhanh nướng,lau_thai
có tỏi tôm đơn giản thì nấu gì xào,tom_xao_toi
ăn với bánh mì thịt luộc,banh_mi_thit
có trứng thì nấu gì,trung_op_la
tôi muốn nấu tôm mực rau,lau_thai
có cơm trứng rau thì nấu gì nướng,com_tron
làm món từ sườn cơm hấp,com_tam
có mì rau thì nấu gì,mi_tron
món ăn từ cá,ca_chien
tôi có gà,ga_nuong
nấu thịt rau được gì,thit_xao_rau
ăn với gà rau,lau_ga
nguyên liệu: tôm mực mì nướng,mi_xao_hai_san
tôi muốn nấu sườn đơn giản,suon_kho
có trứng cà chua gia đình thì nấu gì,canh_trung_ca_chua
làm món từ hành bò,bo_xao_hanh
cơm xúc xích đậu trứng,com_chien_duong_chau
làm món từ đậu hũ cà chua,dau_hu_sot_ca
làm món từ gà cà rốt đơn giản,sup_ga
tôi có hành trứng hấp,trung_xao_hanh
nấu bò hành đơn giản được gì chiên,bo_xao_hanh
ăn với thịt bánh mì nhanh nướng,banh_mi_thit
nấu trứng bánh mì được gì,banh_mi_op_la
mình có thịt,thit_nuong
làm món từ cơm trứng rau,com_tron
mình có mực mì tôm hấp,mi_xao_hai_san
làm món từ tỏi tôm,tom_xao_toi
có trứng xúc xích đậu cơm thì nấu gì,com_chien_duong_chau
cơm sườn gia đình,com_tam
tôi muốn nấu trứng nướng,trung_op_la
nấu thịt bánh mì được gì,banh_mi_thit
nguyên liệu: mì tôm mực gia đình,mi_xao_hai_san
mình có rau tôm mực trộn,lau_thai
mình có bánh mì trứng kho,banh_mi_op_la
tôi muốn nấu sườn cơm trộn,com_tam
nấu đậu hũ được gì nướng,dau_hu_chien
nấu tỏi rau được gì,rau_xao_toi
mình có cơm mực tôm xào,com_chien_hai_san
nguyên liệu: bò hành,bo_xao_hanh
nguyên liệu: gà trộn,ga_nuong
nấu đậu hũ được gì,dau_hu_chien
nguyên liệu: trứng bánh mì,banh_mi_trung
ăn với cà rốt gà nhanh xào,sup_ga
mình có sườn,suon_nuong
thịt rau,thit_xao_rau
nguyên liệu: thịt rau,thit_xao_rau
có mì gia đình thì nấu gì nướng,mi_goi
có trứng cà chua đơn giản thì nấu gì,canh_trung_ca_chua
làm món từ gà cà rốt đơn giản nướng,sup_ga
tôi muốn nấu trứng thịt đơn giản,thit_kho_trung
tôi muốn nấu bánh mì trứng chiên,banh_mi_trung
nguyên liệu: gà rau,lau_ga
tôi có trứng luộc,trung_chien
làm món từ thịt trứng,trung_xao_thit
nguyên liệu: trứng gia đình,trung_hap
tôi muốn nấu gà,ga_nuong
tôi muốn nấu khoai bò cà rốt,bo_kho
tôi có trứng,trung_chien
ăn với trứng,trung_cuon
nguyên liệu: cơm hành trứng chiên,com_chien_trung
làm món từ cà chua trứng trộn,canh_trung_ca_chua
gà gia đình nướng,ga_nuong
có thịt thì nấu gì hấp,thit_nuong
mình có bò mì,mi_xao_bo
món ăn từ gà kho,ga_nuong
tôi muốn nấu gà rau,lau_ga
nấu gà được gì,ga_nuong
bánh mì trứng,banh_mi_op_la
mình có trứng,trung_op_la
ăn với rau mực tôm kho,lau_thai
thịt trứng ngon nướng,thit_kho_trung
ăn với gà,ga_nuong
mình có trứng thịt luộc,trung_xao_thit
mình có bánh mì trứng luộc,banh_mi_trung
làm món từ thịt bánh mì,banh_mi_thit
làm món từ đậu hũ,dau_hu_chien
mình có gà kho,ga_nuong
ăn với tỏi rau,rau_xao_toi
có thịt trứng thì nấu gì trộn,thit_kho_trung
có rau thì nấu gì,canh_rau
tôi muốn nấu rau thịt xào,thit_xao_rau
làm món từ thịt,thit_nuong
ăn với tôm tỏi,tom_xao_toi
tôi có thịt rau xào,thit_xao_rau
tôi muốn nấu trứng cơm rau chiên,com_tron
ăn với trứng thịt,trung_xao_thit
tôi có bò phở,pho_bo
nguyên liệu: xúc xích đậu cơm trứng đơn giản,com_chien_duong_chau
mình có cá,ca_chien
tôi muốn nấu gà cà rốt ngon,sup_ga
ăn với cơm trứng hành,com_chien_trung
gà hấp,canh_ga
mình có rau tỏi,rau_xao_toi
có bún bò thì nấu gì luộc,bun_bo
mình có bò hành,bo_xao_hanh
ăn với mực tôm rau đơn giản nướng,lau_thai
nấu tỏi rau được gì nướng,rau_xao_toi
có rau thì nấu gì,canh_rau
có cơm gà thì nấu gì luộc,com_ga
món ăn từ mì bò nhanh,mi_xao_bo
có gà thì nấu gì,canh_ga
ăn với gà,ga_nuong
tôi có bò phở nhanh,pho_bo
tôi có mì rau chiên,mi_tron
rau mì,mi_tron
mình có sườn cơm,com_tam
làm món từ bò hành,bo_xao_hanh
ăn với cá hấp,ca_chien
nấu trứng được gì,trung_hap
nguyên liệu: rau tôm mực nhanh,lau_thai
tôi có gà nhanh,ga_nuong
làm món từ gà hấp,ga_chien
nấu rau mì được gì xào,mi_tron
tôi muốn nấu mì rau đơn giản chiên,mi_tron
ăn với trứng,trung_luoc
ăn với đậu cơm trứng xúc xích,com_chien_duong_chau
nguyên liệu: bò phở luộc,pho_bo
bò phở,pho_bo
có trứng hành gia đình thì nấu gì chiên,trung_xao_hanh
tôi có trứng bánh mì chiên,banh_mi_trung
ăn với rau mì luộc,mi_tron
cà chua đậu hũ,dau_hu_sot_ca
xúc xích trứng cơm đậu kho,com_chien_duong_chau
tôi muốn nấu gà,ga_nuong
mình có đậu hũ xào,dau_hu_chien
tôi muốn nấu thịt trứng đơn giản,trung_xao_thit
nguyên liệu: phở bò gia đình,pho_bo
nguyên liệu: trứng,trung_hap
nấu trứng được gì luộc,trung_op_la
ăn với rau tỏi nướng,rau_xao_toi
nấu bò mì được gì,mi_xao_bo
tôi muốn nấu thịt bánh mì nướng,banh_mi_thit
có sườn thì nấu gì xào,suon_nuong
làm món từ trứng luộc,trung_op_la
nấu bò mì được gì,mi_xao_bo
làm món từ mì bò,mi_xao_bo
tôi muốn nấu gà,ga_nuong
nấu mì mực tôm gia đình được gì,mi_xao_hai_san
ăn với trứng nhanh,trung_op_la
nấu cà chua trứng nhanh được gì,canh_trung_ca_chua
tôi có tôm mực cơm gia đình kho,com_chien_hai_san
nấu thịt trứng được gì,thit_kho_trung
món ăn từ trứng bánh mì,banh_mi_trung
tôi có cơm trứng rau nướng,com_tron
làm món từ gà trộn,ga_chien
có sườn thì nấu gì luộc,suon_kho
tôi muốn nấu cơm tôm mực,com_chien_hai_san
ăn với trứng kho,trung_hap
nấu cá được gì,ca_chien
tôi có trứng hấp,trung_op_la
hành trứng cơm gia đình nướng,com_chien_trung
gà chiên,canh_ga
tôi có thịt rau,thit_xao_rau
nguyên liệu: mì ngon,mi_goi
nấu cà rốt gà được gì,sup_ga
món ăn từ bánh mì trứng,banh_mi_op_la
làm món từ trứng nướng,trung_op_la
tôi muốn nấu trứng thịt kho,thit_kho_trung
nguyên liệu: trứng hành,trung_xao_hanh
cơm trứng hành nướng,com_chien_trung
tôi có rau,canh_rau
món ăn từ cà chua trứng,canh_trung_ca_chua
mình có cơm hành trứng đơn giản xào,com_chien_trung
tôi có gà luộc,ga_nuong
ăn với xúc xích cơm trứng đậu đơn giản,com_chien_duong_chau
món ăn từ trứng thịt,trung_xao_thit
rau tỏi,rau_xao_toi
tôi có bò phở kho,pho_bo
làm món từ thịt bánh mì,banh_mi_thit
sườn luộc,suon_nuong
món ăn từ trứng ngon,trung_luoc
tôi có hành trứng luộc,trung_xao_hanh
mình có trứng bánh mì,banh_mi_op_la
nấu bánh mì thịt được gì,banh_mi_thit
làm món từ bò bún ngon trộn,bun_bo
nguyên liệu: rau gà,lau_ga
có tôm mì mực thì nấu gì hấp,mi_xao_hai_san
nấu trứng được gì nướng,trung_chien
ăn với cá nướng,ca_kho
làm món từ gà cà rốt,sup_ga
tôi có mực tôm cơm,com_chien_hai_san
ăn với gà nhanh trộn,canh_ga
mình có mực tôm mì,mi_xao_hai_san
mình có bún bò,bun_bo
bún bò ngon xào,bun_bo
nấu rau tỏi ngon được gì trộn,rau_xao_toi
nguyên liệu: trứng chiên,trung_cuon
tôi có đậu hũ xào,dau_hu_chien
nấu bánh mì trứng ngon được gì,banh_mi_trung
ăn với trứng,trung_chien
nguyên liệu: trứng,trung_chien
tôi muốn nấu cơm tôm mực nhanh,com_chien_hai_san
tỏi tôm,tom_xao_toi
mình có hành trứng,trung_xao_hanh
nấu trứng rau cơm ngon được gì,com_tron
tôi muốn nấu cơm mực tôm luộc,com_chien_hai_san
làm món từ thịt,thit_nuong
gà,ga_nuong
sườn,suon_kho
tôi có gà cà rốt trộn,sup_ga
làm món từ bò phở xào,pho_bo
tôi có trứng hành cơm trộn,com_chien_trung
ăn với trứng chiên,trung_luoc
món ăn từ bò phở,pho_bo
nấu thịt rau nhanh được gì,thit_xao_rau
trứng gia đình,trung_op_la
tôi muốn nấu cá,ca_chien
cơm đậu trứng xúc xích chiên,com_chien_duong_chau
có sườn thì nấu gì,suon_nuong
có trứng thì nấu gì kho,trung_cuon
tôi muốn nấu cà rốt gà xào,sup_ga
cá kho,ca_kho
có tỏi rau thì nấu gì,rau_xao_toi
có cơm trứng hành đơn giản thì nấu gì,com_chien_trung
có gà thì nấu gì,ga_nuong
làm món từ cá chiên,ca_kho
món ăn từ trứng cà chua,canh_trung_ca_chua
món ăn từ trứng,trung_op_la
tôi muốn nấu mì trứng gia đình,mi_xao_trung
nấu trứng được gì,trung_luoc
mình có trứng luộc,trung_op_la
làm món từ trứng gia đình,trung_luoc
món ăn từ trứng bánh mì,banh_mi_trung
gà cà rốt,sup_ga
ăn với trứng hấp,trung_chien
làm món từ cà chua trứng nướng,trung_chien_ca_chua
ăn với gà cơm chiên,com_ga
nấu rau mì được gì,mi_tron
rau gia đình nướng,canh_rau
món ăn từ trứng bánh mì hấp,banh_mi_trung
trứng bánh mì xào,banh_mi_op_la
có cá thì nấu gì nướng,ca_chien
mì,mi_goi
gà xào,ga_nuong
nấu trứng thịt được gì,thit_kho_trung
có rau trứng cơm thì nấu gì,com_tron
có đậu hũ thì nấu gì nướng,dau_hu_chien
có trứng đậu xúc xích cơm thì nấu gì,com_chien_duong_chau
tôi muốn nấu trứng,trung_op_la
ăn với trứng bánh mì,banh_mi_op_la
có sườn cơm thì nấu gì,com_tam
trứng hành,trung_xao_hanh
mình có trứng cơm hành ngon trộn,com_chien_trung
làm món từ mực mì tôm kho,mi_xao_hai_san
ăn với gà,ga_chien
tôi có cơm tôm mực xào,com_chien_hai_san
tỏi tôm,tom_xao_toi
tôi muốn nấu bò hành hấp,bo_xao_hanh
ăn với thịt bánh mì,banh_mi_thit
tôi có trứng mì nướng,mi_xao_trung
có thịt trứng thì nấu gì,thit_kho_trung
tôi có tôm mực rau luộc,lau_thai
mình có bò hành,bo_xao_hanh
tôi muốn nấu tỏi rau,rau_xao_toi
tôi có mực tôm mì,mi_xao_hai_san
làm món từ cá hấp,ca_chien
ăn với gà nướng,ga_chien
tôi có trứng nướng,trung_op_la
ăn với đậu hũ cà chua luộc,dau_hu_sot_ca
nấu cà chua trứng đơn giản được gì,canh_trung_ca_chua
tôi có cà chua đậu hũ,dau_hu_sot_ca
nấu rau được gì trộn,canh_rau
nấu gà được gì,ga_chien
nguyên liệu: trứng cà chua,canh_trung_ca_chua
tôi muốn nấu tôm mực cơm nhanh,com_chien_hai_san
ăn với trứng trộn,trung_cuon
làm món từ đậu hũ cà chua xào,dau_hu_sot_ca
nguyên liệu: rau thịt hấp,thit_xao_rau
món ăn từ rau thịt kho,thit_xao_rau
tôi muốn nấu trứng,trung_chien
ăn với cá trộn,ca_chien
món ăn từ tôm mực rau kho,lau_thai
mình có mực rau tôm đơn giản,lau_thai
món ăn từ trứng rau cơm xào,com_tron
tôi muốn nấu bò phở trộn,pho_bo
ăn với khoai cà rốt bò trộn,bo_kho
nấu rau tỏi được gì trộn,rau_xao_toi
tôi muốn nấu trứng,trung_hap
món ăn từ thịt trứng,trung_xao_thit
ăn với gà nướng,ga_chien
mình có cà rốt gà trộn,sup_ga
có trứng cà chua thì nấu gì xào,trung_chien_ca_chua
món ăn từ cà chua trứng,trung_chien_ca_chua
mình có sườn,suon_kho
ăn với cá,ca_chien
có trứng thịt thì nấu gì,trung_xao_thit
trứng,trung_chien
mình có đậu hũ kho,dau_hu_chien
món ăn từ thịt trứng,thit_kho_trung
tôi muốn nấu trứng hành đơn giản kho,trung_xao_hanh
có mực mì tôm thì nấu gì chiên,mi_xao_hai_san
tôi muốn nấu gà cơm chiên,com_ga
mình có gà,canh_ga
nguyên liệu: hành bò nhanh,bo_xao_hanh
có đậu trứng xúc xích cơm thì nấu gì,com_chien_duong_chau
nguyên liệu: rau cơm trứng nhanh trộn,com_tron
món ăn từ mì rau,mi_tron
mình có tôm tỏi kho,tom_xao_toi
tôi muốn nấu bò cà rốt khoai hấp,bo_kho
món ăn từ mì rau nướng,mi_tron
nấu khoai bò cà rốt được gì kho,bo_kho
nguyên liệu: trứng cơm hành,com_chien_trung
mình có trứng rau cơm ngon hấp,com_tron
mình có bánh mì thịt chiên,banh_mi_thit
món ăn từ mì rau trộn,mi_tron
tôi muốn nấu sườn trộn,suon_kho
làm món từ rau gà,lau_ga
ăn với gà hấp,canh_ga
bánh mì trứng gia đình,banh_mi_trung
nấu tôm mực mì được gì kho,mi_xao_hai_san
có tôm tỏi thì nấu gì,tom_xao_toi
có sườn thì nấu gì,suon_kho
tôi muốn nấu bò bún nướng,bun_bo
làm món từ trứng bánh mì luộc,banh_mi_op_la
món ăn từ bò phở luộc,pho_bo
bún bò luộc,bun_bo
có trứng cà chua thì nấu gì luộc,trung_chien_ca_chua
ăn với gà rau,lau_ga
tôi muốn nấu phở bò,pho_bo
nấu rau được gì,canh_rau
thịt,thit_nuong
đậu hũ cà chua nướng,dau_hu_sot_ca
ăn với cơm gà,com_ga
có gà thì nấu gì,ga_chien
nấu gà cà rốt được gì trộn,sup_ga
làm món từ trứng,trung_op_la
nấu mì được gì,mi_goi
mình có cà chua đậu hũ đơn giản,dau_hu_sot_ca
món ăn từ trứng thịt nướng,thit_kho_trung
có thịt trứng nhanh thì nấu gì,thit_kho_trung
tôi muốn nấu bánh mì trứng,banh_mi_trung
món ăn từ trứng,trung_hap
ăn với thịt trứng,thit_kho_trung
làm món từ rau,canh_rau
làm món từ trứng nhanh,trung_luoc
tôi có cá xào,ca_kho
ăn với tôm mực cơm đơn giản,com_chien_hai_san
mình có tôm mực rau,lau_thai
tôi muốn nấu trứng,trung_chien
nấu gà được gì,ga_nuong
gà rau,lau_ga
có trứng cà chua thì nấu gì,trung_chien_ca_chua
mì ngon,mi_goi
làm món từ cơm đậu trứng xúc xích xào,com_chien_duong_chau
mình có trứng,trung_cuon
rau mì nướng,mi_tron
tôi muốn nấu sườn,suon_nuong
có cà rốt khoai bò thì nấu gì,bo_kho
tôi muốn nấu mì trứng,mi_xao_trung
làm món từ trứng thịt hấp,trung_xao_thit
nấu mực rau tôm được gì,lau_thai
đậu trứng xúc xích cơm luộc,com_chien_duong_chau
nấu gà được gì,ga_nuong
nấu cơm sườn được gì kho,com_tam
ăn với sườn chiên,suon_kho
làm món từ gà cà rốt nhanh,sup_ga
cá,ca_chien
nguyên liệu: bánh mì trứng xào,banh_mi_trung
món ăn từ cơm trứng rau ngon,com_tron
nguyên liệu: mực tôm mì hấp,mi_xao_hai_san
trứng thịt,trung_xao_thit
có gà thì nấu gì,ga_chien
món ăn từ cơm sườn trộn,com_tam
trứng kho,trung_op_la
ăn với phở bò,pho_bo
mình có phở bò,pho_bo
nguyên liệu: cà chua trứng ngon,canh_trung_ca_chua
ăn với gà cà rốt,sup_ga
nấu rau gà được gì xào,lau_ga
nấu rau gà được gì xào,lau_ga
nguyên liệu: tôm mực rau kho,lau_thai
rau,canh_rau
tôi có mì trứng,mi_xao_trung
ăn với rau cơm trứng,com_tron
nguyên liệu: trứng nướng,trung_op_la
mình có thịt kho,thit_nuong
có cơm mực tôm thì nấu gì,com_chien_hai_san
ăn với gà đơn giản nướng,ga_chien
nấu mì rau gia đình được gì trộn,mi_tron
có mì đơn giản thì nấu gì chiên,mi_goi
có trứng hành nhanh thì nấu gì chiên,trung_xao_hanh
nấu cá được gì luộc,ca_kho
món ăn từ trứng,trung_op_la
ăn với tôm rau mực,lau_thai
tôi muốn nấu rau nhanh,canh_rau
ăn với thịt bánh mì,banh_mi_thit
nấu phở bò được gì,pho_bo
ăn với tỏi tôm hấp,tom_xao_toi
tôi muốn nấu gà rau ngon,lau_ga
ăn với gà cà rốt,sup_ga
bánh mì trứng,banh_mi_op_la
tôi có gà chiên,ga_chien
nấu rau được gì,canh_rau
mình có rau thịt,thit_xao_rau
mình có trứng đơn giản,trung_op_la
tôi có mực tôm cơm trộn,com_chien_hai_san
món ăn từ gà hấp,canh_ga
sườn gia đình,suon_kho
nấu tôm mực mì được gì xào,mi_xao_hai_san
trứng nướng,trung_hap
mình có bánh mì thịt,banh_mi_thit
nguyên liệu: mì trứng xào,mi_xao_trung
ăn với sườn đơn giản,suon_kho
làm món từ trứng,trung_luoc
có rau thịt thì nấu gì xào,thit_xao_rau
có trứng thì nấu gì luộc,trung_op_la
nấu bánh mì thịt được gì hấp,banh_mi_thit
cá hấp,ca_chien
mình có trứng,trung_cuon
có mì thì nấu gì kho,mi_goi
làm món từ cá,ca_chien
món ăn từ mì ngon luộc,mi_goi
làm món từ bánh mì trứng,banh_mi_op_la
nấu thịt trứng được gì luộc,thit_kho_trung
làm món từ rau nhanh,canh_rau
nguyên liệu: thịt trứng hấp,thit_kho_trung
tôi muốn nấu mì xào,mi_goi
tôi muốn nấu trứng kho,trung_op_la
làm món từ trứng nướng,trung_cuon
tôi có tôm mì mực gia đình,mi_xao_hai_san
nấu bò hành ngon được gì,bo_xao_hanh
làm món từ sườn,suon_kho
làm món từ thịt trứng nướng,trung_xao_thit
nấu cơm hành trứng được gì,com_chien_trung
tôi muốn nấu thịt trứng đơn giản chiên,thit_kho_trung
món ăn từ đậu hũ,dau_hu_chien
mình có đậu hũ nhanh,dau_hu_chien
ăn với mì,mi_goi
có mì thì nấu gì xào,mi_goi
nguyên liệu: sườn luộc,suon_nuong
tôi muốn nấu cơm gà nướng,com_ga
có cơm gà thì nấu gì kho,com_ga
trứng xào,trung_hap
mình có rau mì ngon nướng,mi_tron
tôi có gà kho,ga_nuong
mình có sườn cơm trộn,com_tam
mì rau gia đình trộn,mi_tron
nấu cá được gì,ca_chien
ăn với thịt,thit_nuong
có rau thì nấu gì,canh_rau
bò mì chiên,mi_xao_bo
tôi có rau gà,lau_ga
ăn với bò bún trộn,bun_bo
tôi có mực rau tôm,lau_thai
nấu hành bò được gì,bo_xao_hanh
tôi muốn nấu trứng ngon,trung_hap
tôi có mì trứng,mi_xao_trung
món ăn từ rau tỏi,rau_xao_toi
gà cà rốt gia đình trộn,sup_ga
tôi có phở bò,pho_bo
nấu bò bún được gì,bun_bo
mực tôm rau,lau_thai
có bò hành thì nấu gì kho,bo_xao_hanh
tôi muốn nấu gà gia đình nướng,ga_nuong
nguyên liệu: sườn,suon_kho
nguyên liệu: mì trứng gia đình,mi_xao_trung
món ăn từ bánh mì thịt,banh_mi_thit
sườn nhanh hấp,suon_nuong
mình có đậu hũ,dau_hu_chien
phở bò ngon hấp,pho_bo
tôi muốn nấu mì trứng luộc,mi_xao_trung
mình có cơm trứng hành,com_chien_trung
tôm mực mì,mi_xao_hai_san
tôi muốn nấu trứng mì,mi_xao_trung
có gà thì nấu gì chiên,ga_chien
tôi muốn nấu mực tôm cơm luộc,com_chien_hai_san
nguyên liệu: hành bò nhanh,bo_xao_hanh
mình có cá,ca_chien
làm món từ thịt trứng,thit_kho_trung
nấu đậu hũ được gì,dau_hu_chien
mình có cà chua trứng,canh_trung_ca_chua
món ăn từ bò mì ngon chiên,mi_xao_bo
nguyên liệu: mì rau,mi_tron
nấu bò phở được gì hấp,pho_bo
nguyên liệu: trứng,trung_cuon
nguyên liệu: trứng kho,trung_cuon
nấu cơm rau trứng được gì,com_tron
ăn với bò bún,bun_bo
nguyên liệu: trứng thịt ngon,thit_kho_trung
món ăn từ trứng đơn giản,trung_cuon
ăn với trứng hành cơm trộn,com_chien_trung
mình có sườn cơm,com_tam
ăn với cá,ca_chien
ăn với hành trứng,trung_xao_hanh
món ăn từ phở bò hấp,pho_bo
cà chua đậu hũ nhanh,dau_hu_sot_ca
tôi có trứng nướng,trung_chien
mình có mì,mi_goi
ăn với trứng mì trộn,mi_xao_trung
ăn với sườn cơm đơn giản,com_tam
nguyên liệu: thịt xào,thit_nuong
làm món từ cà chua đậu hũ ngon trộn,dau_hu_sot_ca
tôi có hành trứng,trung_xao_hanh
món ăn từ trứng mì ngon,mi_xao_trung
nguyên liệu: tôm mực rau luộc,lau_thai
ăn với mực rau tôm gia đình,lau_thai
có gà thì nấu gì trộn,canh_ga
ăn với hành bò,bo_xao_hanh
có bò mì thì nấu gì,mi_xao_bo
gà cà rốt nhanh,sup_ga
nguyên liệu: thịt bánh mì,banh_mi_thit
tôi có đậu hũ cà chua,dau_hu_sot_ca
nấu thịt trứng được gì,thit_kho_trung
mình có bánh mì trứng xào,banh_mi_op_la
nấu phở bò được gì,pho_bo
món ăn từ thịt rau luộc,thit_xao_rau
tôi có trứng thịt,thit_kho_trung
trứng trộn,trung_cuon
ăn với phở bò ngon nướng,pho_bo
nguyên liệu: thịt xào,thit_nuong
tôi có bánh mì trứng,banh_mi_op_la
làm món từ hành trứng hấp,trung_xao_hanh
nguyên liệu: trứng cà chua kho,canh_trung_ca_chua
tôi muốn nấu cơm gà đơn giản,com_ga
món ăn từ khoai bò cà rốt,bo_kho
làm món từ rau trứng cơm,com_tron
tôi có cơm hành trứng,com_chien_trung
món ăn từ mì bò xào,mi_xao_bo
đậu hũ cà chua xào,dau_hu_sot_ca
có trứng thịt thì nấu gì xào,trung_xao_thit
mình có bánh mì trứng,banh_mi_op_la
mình có gà rau đơn giản,lau_ga
ăn với bánh mì trứng,banh_mi_trung
cá,ca_kho
món ăn từ gà cà rốt,sup_ga
nấu trứng thịt được gì trộn,thit_kho_trung
làm món từ trứng,trung_luoc
làm món từ trứng,trung_op_la
nấu gà được gì,ga_nuong
nguyên liệu: sườn nướng,suon_nuong
tôi có trứng hấp,trung_luoc
tôi có trứng rau cơm hấp,com_tron
trứng kho,trung_chien
nấu trứng bánh mì được gì,banh_mi_trung
nấu tôm mực cơm được gì xào,com_chien_hai_san
tôi muốn nấu rau mì,mi_tron
tỏi tôm luộc,tom_xao_toi
tôi có cá luộc,ca_kho
có sườn cơm thì nấu gì,com_tam
có cơm sườn thì nấu gì,com_tam
tôi muốn nấu trứng mì nướng,mi_xao_trung
tôi muốn nấu rau thịt,thit_xao_rau
nguyên liệu: bò hành luộc,bo_xao_hanh
mình có rau đơn giản chiên,canh_rau
nguyên liệu: trứng thịt,trung_xao_thit
tôi muốn nấu bún bò đơn giản xào,bun_bo
món ăn từ rau gà hấp,lau_ga
món ăn từ mì tôm mực hấp,mi_xao_hai_san
nguyên liệu: bò hành,bo_xao_hanh
đậu hũ cà chua,dau_hu_sot_ca
nấu mực tôm rau được gì luộc,lau_thai
nguyên liệu: trứng,trung_op_la
có cà rốt gà gia đình thì nấu gì,sup_ga
món ăn từ rau trứng cơm,com_tron
món ăn từ trứng,trung_op_la
ăn với trứng bánh mì kho,banh_mi_trung
tôi muốn nấu đậu xúc xích cơm trứng chiên,com_chien_duong_chau
tôm rau mực,lau_thai
làm món từ tôm tỏi kho,tom_xao_toi
tôi có mì gia đình trộn,mi_goi
món ăn từ gà cà rốt,sup_ga
món ăn từ trứng thịt xào,trung_xao_thit
tôi có mì,mi_goi
nguyên liệu: gà cà rốt luộc,sup_ga
nấu bún bò được gì kho,bun_bo
có mì trứng thì nấu gì,mi_xao_trung
nguyên liệu: sườn nhanh chiên,suon_nuong
gà,canh_ga
mình có thịt kho,thit_nuong
nguyên liệu: phở bò gia đình,pho_bo
nấu bò bún được gì,bun_bo
tôi muốn nấu mực mì tôm hấp,mi_xao_hai_san
món ăn từ thịt,thit_nuong
có thịt rau thì nấu gì,thit_xao_rau
nấu trứng được gì hấp,trung_chien
ăn với cá,ca_chien
có đậu hũ cà chua thì nấu gì,dau_hu_sot_ca
nấu gà được gì nướng,canh_ga
mình có hành bò,bo_xao_hanh
nấu đậu hũ được gì,dau_hu_chien
rau mì trộn,mi_tron
nấu trứng được gì,trung_hap
nguyên liệu: thịt bánh mì xào,banh_mi_thit
ăn với trứng trộn,trung_luoc
món ăn từ hành trứng,trung_xao_hanh
mình có sườn hấp,suon_kho
có bánh mì trứng thì nấu gì chiên,banh_mi_op_la
mình có mì trứng,mi_xao_trung
ăn với mì,mi_goi
mình có rau gà gia đình,lau_ga
ăn với đậu hũ,dau_hu_chien
rau mực tôm ngon,lau_thai
làm món từ trứng thịt gia đình kho,trung_xao_thit
ăn với thịt trộn,thit_nuong
trứng,trung_hap
tôi có gà chiên,canh_ga
tôi muốn nấu trứng,trung_op_la
nguyên liệu: thịt,thit_nuong
tôi muốn nấu trứng mì hấp,mi_xao_trung
món ăn từ gà xào,canh_ga
món ăn từ thịt bánh mì gia đình,banh_mi_thit
làm món từ tỏi tôm hấp,tom_xao_toi
tôi có trứng cơm rau gia đình kho,com_tron
có cà chua trứng thì nấu gì nướng,canh_trung_ca_chua
mình có hành trứng cơm đơn giản,com_chien_trung
món ăn từ cà chua trứng,canh_trung_ca_chua
nguyên liệu: sườn trộn,suon_nuong
làm món từ mì trứng nhanh,mi_xao_trung
tôi muốn nấu xúc xích đậu trứng cơm nhanh,com_chien_duong_chau
có cá đơn giản thì nấu gì,ca_kho
nấu bò bún được gì,bun_bo
tôi muốn nấu tôm mì mực,mi_xao_hai_san
cà chua đậu hũ,dau_hu_sot_ca
ăn với đậu hũ nướng,dau_hu_chien
nguyên liệu: cà chua đậu hũ,dau_hu_sot_ca
làm món từ cơm sườn ngon nướng,com_tam
tôi muốn nấu xúc xích trứng cơm đậu,com_chien_duong_chau
nguyên liệu: sườn,suon_kho
nguyên liệu: hành bò,bo_xao_hanh
mình có thịt luộc,thit_nuong
món ăn từ trứng mì,mi_xao_trung
nguyên liệu: rau tỏi,rau_xao_toi
nấu gà được gì,ga_nuong
nguyên liệu: gà,canh_ga
nguyên liệu: gà cơm nhanh,com_ga
mình có gà kho,ga_chien
nấu sườn gia đình được gì,suon_kho
mình có đậu hũ cà chua,dau_hu_sot_ca
làm món từ bò bún,bun_bo
món ăn từ trứng thịt,trung_xao_thit
ăn với cà rốt gà,sup_ga
món ăn từ rau trứng cơm nhanh,com_tron
nguyên liệu: cá nướng,ca_chien
nấu trứng cơm hành được gì,com_chien_trung
mình có trứng thịt ngon,trung_xao_thit
tôi có cà chua đậu hũ,dau_hu_sot_ca
làm món từ bánh mì thịt đơn giản chiên,banh_mi_thit
nấu bánh mì thịt được gì,banh_mi_thit
bánh mì trứng,banh_mi_trung
làm món từ trứng gia đình,trung_op_la
làm món từ mì mực tôm,mi_xao_hai_san
món ăn từ mì trứng kho,mi_xao_trung
nấu trứng được gì,trung_chien
rau gà,lau_ga
ăn với đậu hũ,dau_hu_chien
tôi muốn nấu cơm sườn gia đình kho,com_tam
làm món từ tỏi rau hấp,rau_xao_toi
mình có gà gia đình,ga_chien
món ăn từ trứng hấp,trung_hap
tôi có cà chua đậu hũ nhanh,dau_hu_sot_ca
tôi muốn nấu mì nhanh trộn,mi_goi
mình có đậu hũ gia đình,dau_hu_chien
tôi muốn nấu bò hành,bo_xao_hanh
tôi muốn nấu bò hành nướng,bo_xao_hanh
món ăn từ sườn,suon_kho
nấu cà rốt gà ngon được gì xào,sup_ga
cà chua đậu hũ chiên,dau_hu_sot_ca
trứng gia đình,trung_luoc
tôi muốn nấu trứng ngon chiên,trung_op_la
có rau mực tôm thì nấu gì hấp,lau_thai
ăn với gà cà rốt kho,sup_ga
tôi muốn nấu gà nhanh luộc,ga_nuong
bò bún ngon,bun_bo
có trứng thịt thì nấu gì hấp,thit_kho_trung
ăn với cá,ca_chien
mình có mì,mi_goi
tôi muốn nấu trứng gia đình luộc,trung_luoc
mình có thịt trứng trộn,trung_xao_thit
tôi muốn nấu trứng,trung_chien
tôi có gà cà rốt,sup_ga
có thịt trứng thì nấu gì chiên,thit_kho_trung
thịt rau,thit_xao_rau
làm món từ bánh mì thịt đơn giản kho,banh_mi_thit
món ăn từ rau,canh_rau
mình có gà,canh_ga
có thịt nhanh thì nấu gì,thit_nuong
món ăn từ trứng hành,trung_xao_hanh
tôi có sườn gia đình kho,suon_kho
món ăn từ gà nhanh,canh_ga
tôi muốn nấu trứng nướng,trung_luoc
ăn với mực tôm rau nhanh kho,lau_thai
làm món từ bánh mì thịt chiên,banh_mi_thit
ăn với mì,mi_goi
tôi có hành trứng cơm kho,com_chien_trung
có bánh mì trứng thì nấu gì,banh_mi_trung
làm món từ cá gia đình,ca_kho
làm món từ cơm trứng rau trộn,com_tron
ăn với trứng cà chua,canh_trung_ca_chua
có sườn thì nấu gì,suon_kho
món ăn từ bò hành nhanh,bo_xao_hanh
món ăn từ trứng cà chua luộc,trung_chien_ca_chua
mì mực tôm,mi_xao_hai_san
rau mì,mi_tron
làm món từ cà rốt gà kho,sup_ga
ăn với trứng,trung_chien
tôi có bò hành luộc,bo_xao_hanh
nguyên liệu: thịt trứng,thit_kho_trung
nguyên liệu: gà,ga_chien
có sườn cơm thì nấu gì,com_tam
ăn với đậu hũ nướng,dau_hu_chien
mình có bún bò hấp,bun_bo
hành bò ngon xào,bo_xao_hanh
nguyên liệu: cá chiên,ca_kho
tôi có mực tôm mì đơn giản,mi_xao_hai_san
thịt bánh mì trộn,banh_mi_thit
món ăn từ tôm mực mì,mi_xao_hai_san
nguyên liệu: gà,ga_nuong
có trứng ngon thì nấu gì hấp,trung_luoc
cá ngon,ca_chien
tôi có trứng hành cơm,com_chien_trung
mình có bánh mì trứng luộc,banh_mi_trung
làm món từ gà nhanh,ga_nuong
nguyên liệu: hành cơm trứng đơn giản hấp,com_chien_trung
món ăn từ đậu hũ,dau_hu_chien
tôi có mì,mi_goi
tôi muốn nấu cà chua đậu hũ luộc,dau_hu_sot_ca
tôi muốn nấu cà rốt gà,sup_ga
mình có trứng chiên,trung_hap
làm món từ đậu hũ cà chua nướng,dau_hu_sot_ca
mì,mi_goi
mình có mực tôm mì đơn giản xào,mi_xao_hai_san
nguyên liệu: đậu hũ trộn,dau_hu_chien
mình có thịt bánh mì,banh_mi_thit
tôi muốn nấu gà rau kho,lau_ga
tôi muốn nấu mì rau chiên,mi_tron
món ăn từ thịt,thit_nuong
trứng,trung_hap
có rau thì nấu gì nướng,canh_rau
tôi có hành trứng,trung_xao_hanh
mình có cơm trứng rau,com_tron
mình có mì chiên,mi_goi
tôi có thịt,thit_nuong
tôi muốn nấu tôm mì mực đơn giản kho,mi_xao_hai_san
tôi muốn nấu cà rốt bò khoai ngon,bo_kho
tôm tỏi gia đình,tom_xao_toi
món ăn từ cà chua trứng chiên,trung_chien_ca_chua
mình có phở bò nhanh luộc,pho_bo
có đậu hũ thì nấu gì,dau_hu_chien
tôi có trứng bánh mì,banh_mi_op_la
mình có trứng bánh mì nướng,banh_mi_trung
có tôm mực rau thì nấu gì,lau_thai
mình có trứng chiên,trung_cuon
có cà rốt khoai bò thì nấu gì chiên,bo_kho
ăn với khoai cà rốt bò,bo_kho
mình có mì trứng,mi_xao_trung
nguyên liệu: cơm gà,com_ga
tôi có cá xào,ca_chien
có cá thì nấu gì,ca_kho
nấu trứng thịt đơn giản được gì,thit_kho_trung
làm món từ cơm tôm mực,com_chien_hai_san
có tỏi rau thì nấu gì chiên,rau_xao_toi
mình có trứng hành,trung_xao_hanh
có bò bún thì nấu gì chiên,bun_bo
mình có gà kho,canh_ga
mình có cá hấp,ca_kho
nấu rau thịt được gì trộn,thit_xao_rau
làm món từ cơm tôm mực luộc,com_chien_hai_san
tôi có trứng bánh mì,banh_mi_trung
có mì rau ngon thì nấu gì,mi_tron
tôi muốn nấu cà chua trứng,trung_chien_ca_chua
nấu mì trứng được gì,mi_xao_trung
nấu cơm tôm mực gia đình được gì nướng,com_chien_hai_san
tôi có sườn,suon_kho
nấu trứng được gì,trung_luoc
làm món từ xúc xích đậu trứng cơm,com_chien_duong_chau
làm món từ cơm gà kho,com_ga
nấu cá được gì,ca_kho
có trứng thì nấu gì,trung_op_la
có trứng bánh mì đơn giản thì nấu gì xào,banh_mi_op_la
nấu mì được gì kho,mi_goi
nấu tôm mực mì nhanh được gì xào,mi_xao_hai_san
tôi muốn nấu trứng thịt xào,thit_kho_trung
món ăn từ bún bò,bun_bo
làm món từ trứng thịt,thit_kho_trung
nguyên liệu: rau mì,mi_tron
làm món từ cá,ca_chien
món ăn từ tôm mực mì gia đình,mi_xao_hai_san
ăn với mì,mi_goi
món ăn từ sườn kho,suon_kho
trứng,trung_op_la
mình có gà,canh_ga
nguyên liệu: tỏi rau,rau_xao_toi
món ăn từ trứng thịt,trung_xao_thit
có cà chua trứng đơn giản thì nấu gì,trung_chien_ca_chua
ăn với thịt,thit_nuong
món ăn từ trứng ngon nướng,trung_luoc
món ăn từ đậu hũ cà chua,dau_hu_sot_ca
ăn với đậu hũ cà chua,dau_hu_sot_ca
làm món từ tỏi tôm,tom_xao_toi
mình có gà đơn giản,ga_nuong
ăn với trứng bánh mì,banh_mi_op_la
tôi muốn nấu trứng rau cơm,com_tron
nấu mực tôm mì được gì,mi_xao_hai_san
tôi muốn nấu cà rốt gà,sup_ga
mình có phở bò,pho_bo
nấu trứng được gì hấp,trung_cuon
làm món từ cá,ca_kho
tôi có tôm mực rau đơn giản chiên,lau_thai
làm món từ thịt bánh mì xào,banh_mi_thit
làm món từ rau trứng cơm ngon,com_tron
tôi có mì bò,mi_xao_bo
tôi muốn nấu mì trứng luộc,mi_xao_trung
tôi có trứng,trung_op_la
làm món từ trứng mì chiên,mi_xao_trung
có bánh mì trứng thì nấu gì,banh_mi_op_la
ăn với thịt bánh mì gia đình,banh_mi_thit
có cơm tôm mực thì nấu gì,com_chien_hai_san
nấu trứng nhanh được gì,trung_cuon
có bánh mì thịt đơn giản thì nấu gì xào,banh_mi_thit
nấu cơm sườn được gì,com_tam
nguyên liệu: trứng trộn,trung_chien
nguyên liệu: thịt trứng hấp,thit_kho_trung
nấu cơm trứng xúc xích đậu được gì kho,com_chien_duong_chau
tôi muốn nấu bò bún,bun_bo
nấu cà rốt gà được gì kho,sup_ga
nấu trứng nhanh được gì,trung_luoc
món ăn từ mì trứng ngon,mi_xao_trung
tôi có mì kho,mi_goi
tôi muốn nấu bò mì gia đình,mi_xao_bo
tôi có gà trộn,ga_nuong
cá trộn,ca_kho
nấu gà rau được gì,lau_ga
có sườn thì nấu gì xào,suon_kho
có mì đơn giản thì nấu gì,mi_goi
làm món từ trứng,trung_luoc
nấu gà được gì xào,ga_nuong
tôi có sườn hấp,suon_nuong
nguyên liệu: trứng cà chua,trung_chien_ca_chua
làm món từ bò hành,bo_xao_hanh
ăn với rau,canh_rau
có rau tôm mực thì nấu gì,lau_thai
mình có trứng hấp,trung_op_la
nấu sườn được gì,suon_kho
mình có cá,ca_chien
tôi muốn nấu hành cơm trứng ngon,com_chien_trung
tôi có trứng,trung_chien
món ăn từ cá chiên,ca_chien
có bò mì thì nấu gì luộc,mi_xao_bo
nấu cá được gì luộc,ca_kho
tôi có trứng cà chua đơn giản,trung_chien_ca_chua
món ăn từ mực tôm cơm,com_chien_hai_san
có trứng cà chua thì nấu gì,canh_trung_ca_chua
ăn với thịt trứng nhanh hấp,trung_xao_thit
mình có trứng nướng,trung_op_la
sườn luộc,suon_nuong
có mực tôm rau ngon thì nấu gì kho,lau_thai
làm món từ trứng thịt luộc,thit_kho_trung
nguyên liệu: rau,canh_rau
tôi có trứng cơm hành,com_chien_trung
tôi có gà chiên,canh_ga
gà,ga_chien
nấu rau thịt được gì luộc,thit_xao_rau
có cơm gà thì nấu gì kho,com_ga
rau mì nhanh,mi_tron
tôi có rau mì kho,mi_tron
tôi muốn nấu sườn,suon_kho
trứng mì,mi_xao_trung
tôi muốn nấu sườn,suon_kho
mình có thịt hấp,thit_nuong
nguyên liệu: mì,mi_goi
tôi muốn nấu mì bò,mi_xao_bo
mình có rau gà luộc,lau_ga
nguyên liệu: mì chiên,mi_goi
nguyên liệu: hành bò chiên,bo_xao_hanh
tôi muốn nấu sườn ngon chiên,suon_kho
ăn với tôm mì mực trộn,mi_xao_hai_san
nguyên liệu: mì xào,mi_goi
nguyên liệu: trứng thịt,thit_kho_trung
nguyên liệu: gà cà rốt đơn giản,sup_ga
món ăn từ cá luộc,ca_kho
món ăn từ mì rau đơn giản xào,mi_tron
tôi có cá,ca_chien
làm món từ tôm cơm mực xào,com_chien_hai_san
nấu gà rau được gì,lau_ga
nấu tỏi tôm được gì xào,tom_xao_toi
nguyên liệu: cà rốt khoai bò nhanh luộc,bo_kho
rau gà ngon,lau_ga
tôi có gà,ga_nuong
có cơm gà gia đình thì nấu gì,com_ga
món ăn từ mì rau,mi_tron
ăn với rau tôm mực đơn giản nướng,lau_thai
nguyên liệu: cà rốt bò khoai ngon,bo_kho
có cá thì nấu gì nướng,ca_chien
nguyên liệu: cá kho,ca_kho
tôi muốn nấu trứng,trung_op_la
tôi muốn nấu mì rau luộc,mi_tron
nấu cơm sườn được gì,com_tam
nguyên liệu: bánh mì trứng,banh_mi_trung
làm món từ mì trứng gia đình,mi_xao_trung
ăn với hành bò trộn,bo_xao_hanh
món ăn từ cá ngon chiên,ca_chien
mình có bò cà rốt khoai,bo_kho
nấu trứng được gì,trung_luoc
có cá thì nấu gì,ca_kho
mình có tỏi rau gia đình xào,rau_xao_toi
nấu gà rau được gì,lau_ga
mình có rau trứng cơm,com_tron
tôi muốn nấu trứng nhanh chiên,trung_chien
nấu trứng được gì,trung_chien
nguyên liệu: thịt trứng,trung_xao_thit
có hành trứng cơm thì nấu gì xào,com_chien_trung
ăn với đậu hũ,dau_hu_chien
nấu cá được gì,ca_kho
món ăn từ sườn luộc,suon_nuong
món ăn từ đậu hũ trộn,dau_hu_chien
nấu rau tôm mực được gì,lau_thai
nấu gà gia đình được gì,ga_chien
làm món từ rau,canh_rau
tôi có bò hành,bo_xao_hanh
làm món từ mực tôm cơm,com_chien_hai_san
món ăn từ cá nướng,ca_kho
ăn với bò mì trộn,mi_xao_bo
tôi có thịt trứng,trung_xao_thit
mình có trứng nhanh,trung_luoc
món ăn từ tỏi rau,rau_xao_toi
tôi muốn nấu rau tôm mực,lau_thai
món ăn từ gà cà rốt,sup_ga
ăn với tỏi tôm,tom_xao_toi
nấu trứng cơm đậu xúc xích được gì hấp,com_chien_duong_chau
tôi có cơm gà,com_ga
làm món từ rau mực tôm,lau_thai
nguyên liệu: trứng,trung_luoc
có sườn nhanh thì nấu gì kho,suon_kho
nguyên liệu: rau mì kho,mi_tron
làm món từ tôm mì mực kho,mi_xao_hai_san
món ăn từ trứng cà chua đơn giản,canh_trung_ca_chua
thịt trứng trộn,trung_xao_thit
tôi muốn nấu cơm tôm mực ngon hấp,com_chien_hai_san
ăn với sườn cơm,com_tam
làm món từ trứng nướng,trung_cuon
tôi muốn nấu đậu cơm xúc xích trứng kho,com_chien_duong_chau
ăn với bò cà rốt khoai,bo_kho
tôi có rau,canh_rau
nguyên liệu: trứng cà chua,canh_trung_ca_chua
tôi có rau thịt gia đình,thit_xao_rau
tôi muốn nấu sườn cơm,com_tam
tôi có trứng bánh mì nướng,banh_mi_op_la
tôm rau mực gia đình chiên,lau_thai
làm món từ tôm cơm mực,com_chien_hai_san
mình có cà chua trứng nhanh,trung_chien_ca_chua
mình có tỏi rau chiên,rau_xao_toi
nấu bánh mì trứng được gì nướng,banh_mi_trung
mình có rau trộn,canh_rau
tôi có tôm tỏi,tom_xao_toi
có cà chua đậu hũ thì nấu gì trộn,dau_hu_sot_ca
nấu cơm tôm mực được gì trộn,com_chien_hai_san
món ăn từ rau nướng,canh_rau
nấu cá được gì,ca_chien
tôi có trứng mì nhanh,mi_xao_trung
mình có trứng xào,trung_hap
nấu gà được gì kho,ga_chien
nấu trứng hành cơm được gì,com_chien_trung
nguyên liệu: gà,canh_ga
trứng hành nướng,trung_xao_hanh
nấu thịt trứng nhanh được gì nướng,thit_kho_trung
nguyên liệu: trứng,trung_chien
tôi muốn nấu thịt rau,thit_xao_rau
nguyên liệu: thịt bánh mì,banh_mi_thit
mình có mì mực tôm luộc,mi_xao_hai_san
làm món từ cà rốt bò khoai,bo_kho
ăn với trứng hành,trung_xao_hanh
làm món từ mực tôm cơm,com_chien_hai_san
nguyên liệu: mực rau tôm chiên,lau_thai
có cá thì nấu gì chiên,ca_chien
mình có trứng nướng,trung_chien
sườn chiên,suon_nuong
có cơm rau trứng thì nấu gì,com_tron
làm món từ phở bò,pho_bo
nguyên liệu: gà,ga_nuong
nguyên liệu: thịt xào,thit_nuong
có mực rau tôm thì nấu gì,lau_thai
món ăn từ cá trộn,ca_kho
nguyên liệu: thịt rau,thit_xao_rau
nấu rau tỏi được gì luộc,rau_xao_toi
nấu cơm sườn được gì,com_tam
mình có mì trứng,mi_xao_trung
ăn với đậu hũ,dau_hu_chien
tôi muốn nấu đậu hũ cà chua xào,dau_hu_sot_ca
nấu mì đơn giản được gì,mi_goi
tôi có sườn kho,suon_kho
làm món từ tỏi rau đơn giản,rau_xao_toi
tôi có bánh mì thịt,banh_mi_thit
nấu mì mực tôm được gì,mi_xao_hai_san
có trứng thì nấu gì,trung_luoc
có cơm mực tôm thì nấu gì kho,com_chien_hai_san
ăn với gà chiên,ga_nuong
nấu sườn được gì,suon_kho
làm món từ gà ngon kho,ga_chien
tôi muốn nấu cơm xúc xích trứng đậu,com_chien_duong_chau
nguyên liệu: gà nhanh,ga_nuong
gà,canh_ga
tôi muốn nấu sườn gia đình,suon_nuong
làm món từ bánh mì trứng ngon hấp,banh_mi_trung
mình có thịt rau,thit_xao_rau
làm món từ tôm mực rau xào,lau_thai
nguyên liệu: thịt,thit_nuong
nấu trứng mì ngon được gì,mi_xao_trung
làm món từ trứng,trung_chien
ăn với thịt,thit_nuong
mình có thịt trứng luộc,thit_kho_trung
mình có tỏi rau,rau_xao_toi
tôi có gà ngon,canh_ga
nguyên liệu: rau kho,canh_rau
tôi muốn nấu gà ngon,canh_ga
tôi có bún bò trộn,bun_bo
món ăn từ cà chua trứng đơn giản,trung_chien_ca_chua
có sườn nhanh thì nấu gì xào,suon_kho
làm món từ hành bò,bo_xao_hanh
nấu gà được gì hấp,canh_ga
tôi muốn nấu gà cơm,com_ga
nấu sườn được gì nướng,suon_nuong
tôi có cơm sườn luộc,com_tam
có bò mì thì nấu gì,mi_xao_bo
nấu rau được gì,canh_rau
tôi có gà,ga_chien
món ăn từ đậu hũ cà chua chiên,dau_hu_sot_ca
tỏi rau luộc,rau_xao_toi
mình có bò phở nhanh trộn,pho_bo
mình có trứng cà chua nhanh,trung_chien_ca_chua
tôi có cơm gà luộc,com_ga
có trứng thì nấu gì,trung_hap
nấu thịt rau đơn giản được gì chiên,thit_xao_rau
làm món từ thịt trứng nướng,trung_xao_thit
ăn với sườn cơm nhanh,com_tam
có rau tôm mực thì nấu gì kho,lau_thai
nguyên liệu: cơm trứng đậu xúc xích,com_chien_duong_chau
mình có trứng,trung_hap
ăn với trứng cà chua hấp,canh_trung_ca_chua
ăn với trứng bánh mì,banh_mi_trung
mình có mực mì tôm,mi_xao_hai_san
cá hấp,ca_kho
có hành bò thì nấu gì,bo_xao_hanh
ăn với tôm mực mì,mi_xao_hai_san
có tỏi rau thì nấu gì,rau_xao_toi
gà luộc,canh_ga
có sườn thì nấu gì,suon_kho
nấu bò khoai cà rốt đơn giản được gì,bo_kho
ăn với rau thịt gia đình,thit_xao_rau
làm món từ cà chua trứng,canh_trung_ca_chua
món ăn từ cơm hành trứng,com_chien_trung
món ăn từ trứng cà chua,canh_trung_ca_chua
có rau gà thì nấu gì,lau_ga
có cơm trứng rau đơn giản thì nấu gì luộc,com_tron
tôi muốn nấu trứng cà chua ngon chiên,trung_chien_ca_chua
nguyên liệu: tỏi rau,rau_xao_toi
món ăn từ gà chiên,canh_ga
món ăn từ bánh mì thịt,banh_mi_thit
nấu khoai cà rốt bò được gì,bo_kho
có trứng thì nấu gì xào,trung_luoc
tôi có tỏi rau,rau_xao_toi
món ăn từ rau mì nướng,mi_tron
có trứng bánh mì thì nấu gì xào,banh_mi_op_la
ăn với trứng,trung_chien
tôi có rau luộc,canh_rau
ăn với trứng,trung_op_la
có bánh mì thịt thì nấu gì,banh_mi_thit
nấu rau tỏi đơn giản được gì,rau_xao_toi
ăn với trứng gia đình,trung_chien
tôi muốn nấu gà chiên,ga_nuong
tôi muốn nấu rau gà luộc,lau_ga
tôi muốn nấu sườn,suon_kho
có bánh mì trứng thì nấu gì trộn,banh_mi_op_la
làm món từ mì nướng,mi_goi
nguyên liệu: gà,ga_chien
món ăn từ gà đơn giản kho,canh_ga
ăn với cà chua đậu hũ,dau_hu_sot_ca
món ăn từ tỏi tôm,tom_xao_toi
ăn với cà chua đậu hũ nướng,dau_hu_sot_ca
tôi có cà rốt gà ngon,sup_ga
món ăn từ gà ngon,canh_ga
làm món từ rau tôm mực nướng,lau_thai
ăn với trứng cà chua trộn,trung_chien_ca_chua
ăn với trứng trộn,trung_hap
ăn với cá,ca_kho
cà rốt bò khoai xào,bo_kho
làm món từ bò khoai cà rốt,bo_kho
ăn với mì rau,mi_tron
mình có cá nhanh kho,ca_kho
mình có cơm trứng hành,com_chien_trung
có đậu hũ thì nấu gì kho,dau_hu_chien
món ăn từ tôm tỏi hấp,tom_xao_toi
nấu rau gà gia đình được gì nướng,lau_ga
ăn với bánh mì trứng đơn giản,banh_mi_trung
có gà cà rốt nhanh thì nấu gì chiên,sup_ga
tôi có thịt trộn,thit_nuong
mì,mi_goi
ăn với bò bún,bun_bo
nấu trứng hành nhanh được gì,trung_xao_hanh
tôi có gà nhanh,canh_ga
mình có trứng mì đơn giản,mi_xao_trung
có sườn thì nấu gì kho,suon_nuong
ăn với cơm gà,com_ga
có mì rau thì nấu gì,mi_tron
đậu trứng cơm xúc xích,com_chien_duong_chau
tôi có mực cơm tôm,com_chien_hai_san
có cơm mực tôm thì nấu gì luộc,com_chien_hai_san
tôi muốn nấu gà,canh_ga
có hành bò ngon thì nấu gì trộn,bo_xao_hanh
làm món từ phở bò,pho_bo
mì bò hấp,mi_xao_bo
tôi muốn nấu đậu hũ,dau_hu_chien
có thịt trứng thì nấu gì nướng,trung_xao_thit
mình có thịt nướng,thit_nuong
tôi muốn nấu trứng cà chua trộn,canh_trung_ca_chua
tôi có trứng thịt,thit_kho_trung
nấu mì tôm mực được gì,mi_xao_hai_san
nguyên liệu: trứng,trung_op_la
nguyên liệu: trứng thịt,thit_kho_trung
tôi muốn nấu đậu cơm trứng xúc xích,com_chien_duong_chau
ăn với gà,ga_nuong
nguyên liệu: cá,ca_kho
ăn với hành trứng cơm,com_chien_trung
tôi muốn nấu tôm cơm mực luộc,com_chien_hai_san
mình có rau gà,lau_ga
mình có trứng luộc,trung_cuon
món ăn từ trứng thịt đơn giản hấp,thit_kho_trung
làm món từ bò bún chiên,bun_bo
món ăn từ trứng rau cơm nướng,com_tron
tôi có gà rau,lau_ga
tôi muốn nấu rau gà gia đình,lau_ga
mình có sườn,suon_nuong
mình có cá,ca_chien
món ăn từ đậu hũ,dau_hu_chien
làm món từ bò mì,mi_xao_bo
món ăn từ gà,ga_nuong
tôi muốn nấu tỏi rau xào,rau_xao_toi
có cơm sườn thì nấu gì,com_tam
sườn nướng,suon_kho
nấu bò phở được gì,pho_bo
có bò phở thì nấu gì luộc,pho_bo
món ăn từ mì mực tôm chiên,mi_xao_hai_san
nguyên liệu: cà chua trứng,canh_trung_ca_chua
làm món từ trứng,trung_luoc
làm món từ trứng cà chua hấp,canh_trung_ca_chua
tôi có tôm mực mì,mi_xao_hai_san
ăn với gà,ga_chien
tôi muốn nấu trứng,trung_chien
có trứng hành thì nấu gì nướng,trung_xao_hanh
nguyên liệu: bò khoai cà rốt,bo_kho
tôi muốn nấu trứng cà chua,trung_chien_ca_chua
làm món từ hành cơm trứng ngon,com_chien_trung
mình có trứng kho,trung_op_la
rau,canh_rau
có gà thì nấu gì,ga_nuong
ăn với trứng,trung_cuon
tôi có mì rau xào,mi_tron
nguyên liệu: tôm cơm mực,com_chien_hai_san
ăn với bò bún,bun_bo
nấu bánh mì trứng được gì kho,banh_mi_op_la
tôi muốn nấu phở bò,pho_bo
làm món từ cá,ca_chien
món ăn từ trứng chiên,trung_cuon
nguyên liệu: thịt trứng,trung_xao_thit
đậu hũ cà chua,dau_hu_sot_ca
món ăn từ bún bò,bun_bo
có rau thịt thì nấu gì,thit_xao_rau
nấu bánh mì thịt được gì,banh_mi_thit
nấu gà ngon được gì,ga_nuong
ăn với hành trứng nướng,trung_xao_hanh
ăn với trứng,trung_hap
món ăn từ trứng bánh mì xào,banh_mi_op_la
món ăn từ thịt trứng chiên,thit_kho_trung
có bò bún thì nấu gì chiên,bun_bo
gà nướng,ga_nuong
làm món từ rau xào,canh_rau
ăn với rau kho,canh_rau
món ăn từ sườn nhanh xào,suon_nuong
món ăn từ cà chua trứng nhanh luộc,canh_trung_ca_chua
làm món từ bún bò,bun_bo
nguyên liệu: thịt trứng,thit_kho_trung
làm món từ cơm gà đơn giản,com_ga
mình có cá,ca_kho
có gà rau gia đình thì nấu gì,lau_ga
nguyên liệu: gà rau luộc,lau_ga
nấu trứng được gì,trung_hap
làm món từ trứng cơm hành hấp,com_chien_trung
trứng luộc,trung_cuon
nguyên liệu: trứng đơn giản,trung_luoc
tôi có bò phở nướng,pho_bo
nấu trứng được gì luộc,trung_op_la
nấu sườn gia đình được gì hấp,suon_nuong
thịt trứng ngon,thit_kho_trung
tôi có trứng rau cơm,com_tron
mình có trứng mì,mi_xao_trung
tôi muốn nấu tôm mực mì,mi_xao_hai_san
tôi có rau gà đơn giản,lau_ga
ăn với hành cơm trứng,com_chien_trung
làm món từ bò hành ngon,bo_xao_hanh
nguyên liệu: gà cà rốt gia đình,sup_ga
nguyên liệu: bò phở,pho_bo
nấu trứng được gì nướng,trung_op_la
món ăn từ trứng cà chua,canh_trung_ca_chua
có bò khoai cà rốt thì nấu gì luộc,bo_kho
làm món từ bò phở gia đình,pho_bo
tôi muốn nấu thịt,thit_nuong
gà rau đơn giản xào,lau_ga
ăn với mực tôm cơm,com_chien_hai_san
tôi muốn nấu rau gà,lau_ga
nấu rau gà đơn giản được gì trộn,lau_ga
ăn với trứng đơn giản,trung_luoc
nấu trứng cà chua được gì,canh_trung_ca_chua
mình có cơm sườn,com_tam
trứng,trung_hap
mình có sườn nướng,suon_kho
làm món từ gà,ga_nuong
tôi muốn nấu cá đơn giản,ca_kho
cá chiên,ca_kho
tôi có thịt bánh mì gia đình luộc,banh_mi_thit
cà rốt gà,sup_ga
tôi muốn nấu trứng luộc,trung_chien
trứng cơm rau ngon xào,com_tron
ăn với gà,ga_chien
tôi có rau kho,canh_rau
tôi muốn nấu cá,ca_chien
nguyên liệu: trứng,trung_hap
tôi có trứng xúc xích đậu cơm,com_chien_duong_chau
nguyên liệu: trứng ngon,trung_op_la
ăn với trứng,trung_luoc
rau cơm trứng kho,com_tron
có trứng thì nấu gì,trung_luoc
nguyên liệu: bò mì hấp,mi_xao_bo
bánh mì trứng,banh_mi_op_la
có bún bò ngon thì nấu gì trộn,bun_bo
ăn với trứng hấp,trung_hap
nguyên liệu: rau gà hấp,lau_ga
tôi muốn nấu trứng gia đình,trung_op_la
tôi muốn nấu thịt trứng luộc,trung_xao_thit
mình có mì trứng kho,mi_xao_trung
có trứng cơm hành thì nấu gì,com_chien_trung
mình có trứng cơm đậu xúc xích hấp,com_chien_duong_chau
tôi muốn nấu bún bò,bun_bo
nguyên liệu: trứng trộn,trung_chien
mình có hành cơm trứng,com_chien_trung
tôi có gà,canh_ga
món ăn từ sườn nướng,suon_kho
nguyên liệu: tôm rau mực,lau_thai
có bò hành thì nấu gì,bo_xao_hanh
ăn với trứng mì,mi_xao_trung
mình có cá,ca_kho
tôi có gà kho,canh_ga
nấu trứng được gì,trung_luoc
có bò bún nhanh thì nấu gì,bun_bo
tôi muốn nấu trứng,trung_cuon
làm món từ cơm trứng rau nhanh,com_tron
tôi có khoai cà rốt bò,bo_kho
cà rốt bò khoai gia đình,bo_kho
món ăn từ bò hành xào,bo_xao_hanh
mình có trứng,trung_luoc
món ăn từ tỏi rau trộn,rau_xao_toi
gà,ga_nuong
tôi muốn nấu rau,canh_rau
nấu trứng cà chua được gì,canh_trung_ca_chua
nguyên liệu: trứng hành,trung_xao_hanh
mình có trứng,trung_luoc
có trứng hành thì nấu gì,trung_xao_hanh
làm món từ bún bò chiên,bun_bo
mình có bánh mì thịt gia đình,banh_mi_thit
tôi có bò hành,bo_xao_hanh
nấu gà được gì,canh_ga
có thịt trứng thì nấu gì hấp,trung_xao_thit
tôi muốn nấu trứng rau cơm,com_tron
ăn với cá,ca_kho
có tỏi rau thì nấu gì,rau_xao_toi
nấu cà rốt bò khoai được gì xào,bo_kho
nấu bò khoai cà rốt được gì xào,bo_kho
ăn với sườn hấp,suon_kho
món ăn từ thịt trứng nướng,thit_kho_trung
mình có đậu hũ cà chua,dau_hu_sot_ca
tôi có trứng thịt nướng,thit_kho_trung
tôi muốn nấu thịt trứng,thit_kho_trung
tôi muốn nấu trứng bánh mì,banh_mi_op_la
tôi có trứng mì chiên,mi_xao_trung
nấu trứng cơm rau được gì,com_tron
trứng,trung_op_la
làm món từ trứng hành nướng,trung_xao_hanh
tôi muốn nấu trứng xúc xích đậu cơm,com_chien_duong_chau
tôi có trứng đơn giản,trung_op_la
làm món từ đậu hũ cà chua gia đình,dau_hu_sot_ca
ăn với bò hành,bo_xao_hanh
món ăn từ sườn chiên,suon_nuong
tôi muốn nấu trứng hành,trung_xao_hanh
bò phở đơn giản,pho_bo
mình có cơm tôm mực ngon,com_chien_hai_san
tôi có trứng cà chua gia đình kho,canh_trung_ca_chua
ăn với bò bún,bun_bo
tôi muốn nấu rau thịt gia đình nướng,thit_xao_rau
nấu trứng bánh mì nhanh được gì,banh_mi_trung
ăn với trứng bánh mì,banh_mi_op_la
món ăn từ mực tôm cơm,com_chien_hai_san
tôi có đậu xúc xích trứng cơm hấp,com_chien_duong_chau
nguyên liệu: rau gà luộc,lau_ga
ăn với thịt,thit_nuong
tôi có tôm mực mì luộc,mi_xao_hai_san
có trứng thì nấu gì,trung_hap
bánh mì thịt,banh_mi_thit
làm món từ gà cà rốt xào,sup_ga
ăn với cá,ca_kho
nguyên liệu: cơm gà,com_ga
nấu trứng được gì,trung_luoc
món ăn từ rau mì nhanh,mi_tron
nấu thịt rau được gì luộc,thit_xao_rau
ăn với bò bún,bun_bo
tôi muốn nấu thịt trứng kho,trung_xao_thit
món ăn từ bò phở đơn giản kho,pho_bo
làm món từ trứng nướng,trung_cuon
ăn với trứng cà chua,trung_chien_ca_chua
tôi muốn nấu cà chua đậu hũ,dau_hu_sot_ca
mực mì tôm,mi_xao_hai_san
món ăn từ cà chua trứng nướng,canh_trung_ca_chua
cà chua trứng đơn giản,canh_trung_ca_chua
bánh mì trứng,banh_mi_trung
làm món từ trứng nhanh,trung_cuon
mình có tôm mực cơm gia đình,com_chien_hai_san
rau mì ngon,mi_tron
ăn với bánh mì thịt,banh_mi_thit
mì bò ngon,mi_xao_bo
ăn với gà,ga_chien
nguyên liệu: gà,ga_chien
tôi có gà kho,ga_nuong
nấu gà được gì,canh_ga
nấu mì tôm mực được gì,mi_xao_hai_san
tôi có gà luộc,ga_nuong
trứng cơm rau ngon,com_tron
tôi có bò phở trộn,pho_bo
món ăn từ trứng,trung_hap
có cá thì nấu gì,ca_kho
mình có cà rốt gà,sup_ga
tôi có trứng kho,trung_hap
món ăn từ cơm mực tôm nhanh,com_chien_hai_san
tôi muốn nấu rau thịt ngon,thit_xao_rau
nguyên liệu: bò hành trộn,bo_xao_hanh
làm món từ rau mì,mi_tron
trứng thịt,trung_xao_thit
ăn với sườn,suon_nuong
món ăn từ trứng luộc,trung_hap
món ăn từ cá luộc,ca_kho
làm món từ hành trứng nhanh chiên,trung_xao_hanh
mình có mì bò đơn giản,mi_xao_bo
có trứng bánh mì thì nấu gì,banh_mi_trung
tôi có gà rau,lau_ga
món ăn từ mực tôm mì đơn giản,mi_xao_hai_san
nguyên liệu: trứng bánh mì ngon,banh_mi_trung
nấu trứng hành được gì,trung_xao_hanh
ăn với mì bò,mi_xao_bo
tôi có thịt trứng chiên,trung_xao_thit
tôi có rau thịt,thit_xao_rau
nguyên liệu: trứng thịt,trung_xao_thit
có mì bò ngon thì nấu gì kho,mi_xao_bo
nguyên liệu: trứng chiên,trung_op_la
có trứng hành cơm thì nấu gì xào,com_chien_trung
nguyên liệu: trứng,trung_hap
món ăn từ mì bò,mi_xao_bo
nguyên liệu: hành trứng cơm,com_chien_trung
có cà chua trứng thì nấu gì trộn,canh_trung_ca_chua
ăn với cà chua trứng gia đình hấp,trung_chien_ca_chua
tôi muốn nấu rau thịt,thit_xao_rau
thịt trứng ngon,thit_kho_trung
thịt rau trộn,thit_xao_rau
làm món từ trứng hành,trung_xao_hanh
ăn với thịt trứng,thit_kho_trung
thịt rau nhanh,thit_xao_rau
có đậu hũ ngon thì nấu gì kho,dau_hu_chien
tôi muốn nấu thịt,thit_nuong
có tỏi tôm thì nấu gì xào,tom_xao_toi
làm món từ thịt trứng,trung_xao_thit
nguyên liệu: bánh mì thịt nướng,banh_mi_thit
nấu trứng cà chua đơn giản được gì,canh_trung_ca_chua
món ăn từ mì trứng luộc,mi_xao_trung
có gà thì nấu gì,ga_chien
có gà thì nấu gì nướng,ga_nuong
tôi muốn nấu tôm tỏi nhanh luộc,tom_xao_toi
nguyên liệu: cá gia đình,ca_kho
tôi có mì rau nướng,mi_tron
làm món từ đậu hũ,dau_hu_chien
tôi muốn nấu sườn,suon_kho
món ăn từ cá,ca_chien
mình có cá,ca_kho
tôi muốn nấu tỏi tôm luộc,tom_xao_toi
ăn với rau,canh_rau
mình có trứng cơm hành,com_chien_trung
đậu hũ luộc,dau_hu_chien
món ăn từ cá,ca_kho
rau tỏi xào,rau_xao_toi
món ăn từ cá đơn giản luộc,ca_chien
làm món từ bún bò gia đình,bun_bo
ăn với bò phở đơn giản,pho_bo
nấu bánh mì thịt gia đình được gì,banh_mi_thit
nguyên liệu: trứng kho,trung_hap
mình có mực tôm cơm ngon kho,com_chien_hai_san
ăn với mì,mi_goi
mình có thịt kho,thit_nuong
tôi có cà chua trứng,trung_chien_ca_chua
tôi có sườn,suon_kho
tôi có rau mực tôm,lau_thai
làm món từ cà rốt gà,sup_ga
mình có bánh mì thịt đơn giản,banh_mi_thit
mình có mì trứng,mi_xao_trung
nguyên liệu: cà chua trứng chiên,trung_chien_ca_chua
món ăn từ hành trứng,trung_xao_hanh
có gà ngon thì nấu gì,ga_chien
nguyên liệu: rau tỏi chiên,rau_xao_toi
mình có trứng gia đình,trung_op_la
có trứng thì nấu gì,trung_luoc
có rau ngon thì nấu gì trộn,canh_rau
tôi có trứng đơn giản,trung_op_la
đậu hũ cà chua,dau_hu_sot_ca
nguyên liệu: trứng cơm hành chiên,com_chien_trung
ăn với trứng kho,trung_chien
mình có trứng bánh mì nướng,banh_mi_op_la
có rau mì nhanh thì nấu gì,mi_tron
nấu mì được gì,mi_goi
gà hấp,canh_ga
ăn với mì rau xào,mi_tron
món ăn từ cà rốt gà luộc,sup_ga
tôi có phở bò nướng,pho_bo
tôi có rau tỏi,rau_xao_toi
cà rốt bò khoai xào,bo_kho
nguyên liệu: bò mì,mi_xao_bo
gà cơm,com_ga
có gà cà rốt thì nấu gì,sup_ga
cà chua trứng gia đình kho,trung_chien_ca_chua
tôi có bò cà rốt khoai,bo_kho
nguyên liệu: mì trứng ngon kho,mi_xao_trung
món ăn từ mì tôm mực,mi_xao_hai_san
trứng,trung_chien
cà rốt khoai bò,bo_kho
tôi có đậu trứng xúc xích cơm,com_chien_duong_chau
nguyên liệu: bò phở đơn giản,pho_bo
nguyên liệu: trứng thịt,trung_xao_thit
nấu thịt trứng được gì,trung_xao_thit
món ăn từ bò bún,bun_bo
mình có hành bò,bo_xao_hanh
rau tỏi luộc,rau_xao_toi
tôi có thịt xào,thit_nuong
tôi muốn nấu rau gà gia đình,lau_ga
ăn với gà,ga_chien
nguyên liệu: cơm trứng đậu xúc xích,com_chien_duong_chau
mình có sườn,suon_nuong
ăn với tôm mực cơm kho,com_chien_hai_san
có cơm sườn thì nấu gì,com_tam
ăn với thịt đơn giản,thit_nuong
nấu cơm trứng hành được gì hấp,com_chien_trung
nguyên liệu: tôm mực cơm kho,com_chien_hai_san
tôi có trứng bánh mì,banh_mi_op_la
trứng cà chua,trung_chien_ca_chua
nấu trứng được gì hấp,trung_luoc
tôi muốn nấu gà cà rốt,sup_ga
nguyên liệu: gà,canh_ga
tôi có sườn luộc,suon_kho
trứng hấp,trung_luoc
nấu thịt bánh mì được gì trộn,banh_mi_thit
gà cơm,com_ga
nấu tôm tỏi được gì,tom_xao_toi
tôi muốn nấu trứng hành cơm,com_chien_trung
nguyên liệu: đậu hũ,dau_hu_chien
có gà rau nhanh thì nấu gì,lau_ga
món ăn từ thịt trứng gia đình,thit_kho_trung
mình có hành cơm trứng chiên,com_chien_trung
tôi muốn nấu bò mì,mi_xao_bo
mình có trứng chiên,trung_cuon
món ăn từ trứng,trung_op_la
rau tỏi,rau_xao_toi
ăn với bò phở chiên,pho_bo
nguyên liệu: đậu hũ cà chua hấp,dau_hu_sot_ca
thịt trứng,thit_kho_trung
nấu rau gà được gì xào,lau_ga
gà rau,lau_ga
tôm tỏi đơn giản,tom_xao_toi
nấu bò hành đơn giản được gì,bo_xao_hanh
nấu bò bún được gì,bun_bo
có thịt thì nấu gì,thit_nuong
làm món từ bánh mì trứng nhanh luộc,banh_mi_trung
món ăn từ trứng bánh mì hấp,banh_mi_op_la
tôi muốn nấu mì mực tôm,mi_xao_hai_san
ăn với bò hành,bo_xao_hanh
làm món từ trứng,trung_op_la
tôi có cơm trứng rau gia đình chiên,com_tron
món ăn từ sườn gia đình,suon_kho
món ăn từ trứng,trung_cuon
mình có bò mì luộc,mi_xao_bo
xúc xích đậu trứng cơm,com_chien_duong_chau
nguyên liệu: gà rau gia đình,lau_ga
tôi muốn nấu trứng thịt ngon,trung_xao_thit
có đậu hũ thì nấu gì,dau_hu_chien
tôi có trứng kho,trung_op_la
mình có cơm gà luộc,com_ga
ăn với cà chua trứng,canh_trung_ca_chua
tôi muốn nấu mì bò,mi_xao_bo
nguyên liệu: mì mực tôm,mi_xao_hai_san
có cà chua đậu hũ thì nấu gì kho,dau_hu_sot_ca
ăn với sườn cơm,com_tam
có sườn thì nấu gì trộn,suon_nuong
làm món từ trứng bánh mì,banh_mi_trung
mình có mì,mi_goi
tôi có tôm mực mì ngon chiên,mi_xao_hai_san
ăn với xúc xích đậu trứng cơm,com_chien_duong_chau
tôi có rau mì kho,mi_tron
mình có cá,ca_chien
tôi có gà cơm,com_ga
cá,ca_chien
làm món từ sườn cơm,com_tam
tôi có mì,mi_goi
nấu trứng ngon được gì,trung_cuon
làm món từ cá hấp,ca_kho
có cà chua trứng thì nấu gì,trung_chien_ca_chua
tôi muốn nấu mì tôm mực nướng,mi_xao_hai_san
tôi muốn nấu sườn chiên,suon_kho
tôi có gà,ga_nuong
món ăn từ rau mì kho,mi_tron
mình có thịt,thit_nuong
có bò phở thì nấu gì,pho_bo
ăn với trứng mì,mi_xao_trung
trứng bánh mì,banh_mi_trung
ăn với trứng bánh mì trộn,banh_mi_trung
làm món từ bánh mì thịt,banh_mi_thit
mình có đậu hũ cà chua nướng,dau_hu_sot_ca
nấu mì được gì hấp,mi_goi
bò mì ngon chiên,mi_xao_bo
sườn gia đình,suon_kho
ăn với rau ngon hấp,canh_rau
có cà chua trứng nhanh thì nấu gì,canh_trung_ca_chua
mình có rau mì ngon hấp,mi_tron
có rau thịt thì nấu gì trộn,thit_xao_rau
ăn với sườn cơm hấp,com_tam
làm món từ gà cà rốt đơn giản,sup_ga
tôi có cơm hành trứng,com_chien_trung
nguyên liệu: cá,ca_chien
tôi muốn nấu sườn đơn giản,suon_nuong
trứng thịt đơn giản,trung_xao_thit
mình có thịt trứng đơn giản,thit_kho_trung
tôi muốn nấu thịt trứng,thit_kho_trung
tôm mì mực trộn,mi_xao_hai_san
nguyên liệu: gà trộn,ga_nuong
làm món từ cà rốt gà kho,sup_ga
thịt,thit_nuong
có bò phở thì nấu gì hấp,pho_bo
món ăn từ gà trộn,ga_nuong
nấu trứng bánh mì được gì,banh_mi_op_la
nguyên liệu: gà rau nhanh,lau_ga
mình có sườn đơn giản,suon_kho
tôi muốn nấu bánh mì trứng,banh_mi_op_la
món ăn từ bánh mì trứng,banh_mi_op_la
món ăn từ cơm sườn hấp,com_tam
có rau đơn giản thì nấu gì,canh_rau
làm món từ sườn,suon_nuong
món ăn từ mì,mi_goi
mình có cơm gà ngon kho,com_ga
tôi có rau thịt,thit_xao_rau
tôi có mì bò kho,mi_xao_bo
nguyên liệu: gà cà rốt kho,sup_ga
mình có trứng,trung_luoc
có thịt rau thì nấu gì luộc,thit_xao_rau
làm món từ gà xào,ga_nuong
trứng hành,trung_xao_hanh
ăn với trứng xào,trung_hap
nấu cà chua trứng đơn giản được gì,trung_chien_ca_chua
nguyên liệu: gà,ga_chien
nấu thịt trứng được gì,thit_kho_trung
món ăn từ trứng,trung_cuon
làm món từ sườn kho,suon_kho
ăn với đậu hũ,dau_hu_chien
tôi có thịt,thit_nuong
có trứng thì nấu gì hấp,trung_chien
nấu gà được gì chiên,ga_nuong
nguyên liệu: rau tỏi,rau_xao_toi
có rau gia đình thì nấu gì,canh_rau
có trứng hành ngon thì nấu gì,trung_xao_hanh
cơm gà luộc,com_ga
trứng,trung_cuon
tôi có trứng nhanh,trung_hap
làm món từ hành trứng,trung_xao_hanh
nguyên liệu: trứng thịt nhanh chiên,trung_xao_thit
có rau tỏi thì nấu gì,rau_xao_toi
tôi có cơm hành trứng nướng,com_chien_trung
nấu thịt trứng được gì,trung_xao_thit
có rau thịt thì nấu gì,thit_xao_rau
rau luộc,canh_rau
mình có trứng đơn giản xào,trung_hap
tôi muốn nấu đậu hũ,dau_hu_chien
tôi có hành bò nướng,bo_xao_hanh
mình có cà chua trứng,trung_chien_ca_chua
có sườn thì nấu gì,suon_nuong
làm món từ hành cơm trứng,com_chien_trung
tôi muốn nấu bò phở,pho_bo
nguyên liệu: gà,ga_chien
món ăn từ gà gia đình kho,ga_chien
tôi muốn nấu gà,canh_ga
món ăn từ cơm sườn,com_tam
có cơm trứng hành thì nấu gì,com_chien_trung
nấu cà chua trứng đơn giản được gì,canh_trung_ca_chua
nấu mì bò được gì,mi_xao_bo
thịt trứng,trung_xao_thit
món ăn từ cá đơn giản,ca_chien
làm món từ trứng kho,trung_luoc
tôi muốn nấu cá,ca_kho
món ăn từ trứng hành đơn giản,trung_xao_hanh
nguyên liệu: gà rau nướng,lau_ga
nguyên liệu: thịt trứng,thit_kho_trung
cá kho,ca_chien
trứng bánh mì đơn giản,banh_mi_op_la
nguyên liệu: rau mì,mi_tron
làm món từ bò phở,pho_bo
có đậu xúc xích cơm trứng thì nấu gì trộn,com_chien_duong_chau
ăn với sườn cơm,com_tam
nguyên liệu: cá,ca_kho
tôi có trứng cà chua nhanh,canh_trung_ca_chua
tôi muốn nấu bò mì nướng,mi_xao_bo
mình có cơm trứng hành hấp,com_chien_trung
nấu bò hành được gì luộc,bo_xao_hanh
tôi có bò phở đơn giản trộn,pho_bo
mình có cá chiên,ca_chien
tôi muốn nấu mực tôm mì,mi_xao_hai_san
ăn với gà,ga_nuong
làm món từ mì đơn giản,mi_goi
nguyên liệu: trứng,trung_cuon
nguyên liệu: gà đơn giản trộn,ga_chien
ăn với gà,canh_ga
nguyên liệu: rau tôm mực,lau_thai
cà rốt gà,sup_ga
nấu cá được gì chiên,ca_kho
ăn với trứng bánh mì,banh_mi_op_la
tôi muốn nấu bò hành đơn giản kho,bo_xao_hanh
nguyên liệu: cà chua đậu hũ,dau_hu_sot_ca
nguyên liệu: bò hành nướng,bo_xao_hanh
món ăn từ mì ngon,mi_goi
nấu trứng hành được gì kho,trung_xao_hanh
nấu thịt trứng được gì trộn,trung_xao_thit
làm món từ mì bò,mi_xao_bo
ăn với thịt trứng đơn giản nướng,trung_xao_thit
nấu gà cơm được gì,com_ga
tôi có trứng gia đình,trung_op_la
món ăn từ cà chua đậu hũ,dau_hu_sot_ca
làm món từ phở bò trộn,pho_bo
làm món từ tôm tỏi,tom_xao_toi
có rau tôm mực thì nấu gì,lau_thai
ăn với sườn,suon_nuong
làm món từ đậu hũ cà chua luộc,dau_hu_sot_ca
ăn với cơm gà gia đình,com_ga
mình có cà chua trứng,trung_chien_ca_chua
nấu trứng cơm xúc xích đậu được gì,com_chien_duong_chau
tôi có sườn đơn giản,suon_nuong
nấu sườn được gì,suon_nuong
trứng mì luộc,mi_xao_trung
tôi có bò phở,pho_bo
tôi có bò phở gia đình,pho_bo
có thịt trứng thì nấu gì chiên,thit_kho_trung
ăn với mực mì tôm,mi_xao_hai_san
ăn với tôm tỏi,tom_xao_toi
tôi muốn nấu mì trứng,mi_xao_trung
món ăn từ mì trứng chiên,mi_xao_trung
làm món từ thịt rau ngon,thit_xao_rau
ăn với bánh mì trứng gia đình,banh_mi_op_la
cá,ca_chien
tôi có gà ngon,ga_nuong
món ăn từ trứng bánh mì,banh_mi_trung
làm món từ gà trộn,ga_nuong
làm món từ cá luộc,ca_chien
nguyên liệu: hành cơm trứng luộc,com_chien_trung
làm món từ bò hành,bo_xao_hanh
nấu mì trứng được gì kho,mi_xao_trung
làm món từ bánh mì thịt,banh_mi_thit
mình có trứng cà chua,trung_chien_ca_chua
làm món từ gà,ga_chien
nguyên liệu: cá ngon,ca_chien
làm món từ gà cà rốt,sup_ga
nguyên liệu: cơm hành trứng trộn,com_chien_trung
nấu rau ngon được gì,canh_rau
nấu tôm tỏi được gì,tom_xao_toi
có hành trứng cơm thì nấu gì kho,com_chien_trung
món ăn từ trứng hành,trung_xao_hanh
làm món từ rau gà kho,lau_ga
nấu cà rốt gà được gì,sup_ga
món ăn từ gà đơn giản kho,canh_ga
tôi có sườn,suon_kho
làm món từ hành bò gia đình,bo_xao_hanh
món ăn từ khoai bò cà rốt đơn giản,bo_kho
nguyên liệu: trứng,trung_luoc
ăn với cá gia đình,ca_chien
cà chua trứng,canh_trung_ca_chua
tôi muốn nấu trứng thịt,trung_xao_thit
tôi có hành bò nhanh,bo_xao_hanh
tôi có mực tôm cơm kho,com_chien_hai_san
nguyên liệu: trứng,trung_hap
ăn với trứng nhanh nướng,trung_hap
mình có hành trứng xào,trung_xao_hanh
món ăn từ đậu xúc xích cơm trứng nhanh,com_chien_duong_chau
tôi muốn nấu bánh mì thịt,banh_mi_thit
mình có thịt,thit_nuong
gà xào,ga_nuong
ăn với gà gia đình kho,ga_nuong
nguyên liệu: đậu hũ,dau_hu_chien
tôi muốn nấu trứng hành,trung_xao_hanh
tôi có tỏi rau chiên,rau_xao_toi
cá gia đình,ca_kho
sườn đơn giản,suon_kho
ăn với bò khoai cà rốt trộn,bo_kho
làm món từ sườn nhanh,suon_nuong
làm món từ tỏi rau kho,rau_xao_toi
món ăn từ trứng,trung_luoc
ăn với mực mì tôm,mi_xao_hai_san
nấu thịt bánh mì được gì nướng,banh_mi_thit
nấu thịt rau được gì luộc,thit_xao_rau
mình có thịt rau kho,thit_xao_rau
ăn với gà cơm chiên,com_ga
nấu trứng nhanh được gì,trung_cuon
món ăn từ cơm mực tôm,com_chien_hai_san
nguyên liệu: cá trộn,ca_chien
có trứng thịt thì nấu gì,thit_kho_trung
mình có cá,ca_chien
mình có sườn,suon_kho
gà cà rốt,sup_ga
tôi muốn nấu trứng nướng,trung_op_la
có trứng cà chua gia đình thì nấu gì nướng,trung_chien_ca_chua
làm món từ mì bò,mi_xao_bo
mì trứng,mi_xao_trung
ăn với trứng,trung_luoc
mình có thịt,thit_nuong
tôi có hành bò nhanh,bo_xao_hanh
làm món từ trứng thịt,trung_xao_thit
có gà thì nấu gì,ga_nuong
nấu bánh mì trứng được gì xào,banh_mi_op_la
mình có mì mực tôm,mi_xao_hai_san
tôi có cà chua trứng,trung_chien_ca_chua
làm món từ gà cơm,com_ga
nguyên liệu: mì,mi_goi
nguyên liệu: sườn cơm,com_tam
tôi có bánh mì trứng luộc,banh_mi_op_la
làm món từ thịt bánh mì,banh_mi_thit
tôi muốn nấu mực tôm mì ngon xào,mi_xao_hai_san
ăn với cà chua trứng,trung_chien_ca_chua
nấu gà được gì,ga_nuong
có tôm mực mì thì nấu gì trộn,mi_xao_hai_san
nguyên liệu: tỏi rau xào,rau_xao_toi
mình có gà kho,canh_ga
có gà cà rốt thì nấu gì chiên,sup_ga
món ăn từ cà rốt gà,sup_ga
nguyên liệu: hành bò chiên,bo_xao_hanh
ăn với sườn gia đình kho,suon_nuong
trứng ngon kho,trung_chien
nguyên liệu: tôm rau mực,lau_thai
món ăn từ rau,canh_rau
nguyên liệu: bò hành xào,bo_xao_hanh
món ăn từ rau xào,canh_rau
món ăn từ cá,ca_kho
làm món từ bún bò luộc,bun_bo
nấu trứng được gì,trung_luoc
tôi có sườn cơm kho,com_tam
làm món từ trứng thịt,thit_kho_trung
cá,ca_chien
làm món từ trứng cà chua nướng,canh_trung_ca_chua
rau nướng,canh_rau
tôi có trứng trộn,trung_chien
món ăn từ trứng bánh mì chiên,banh_mi_trung
làm món từ cà rốt khoai bò,bo_kho
mình có hành trứng,trung_xao_hanh
có tôm rau mực nhanh thì nấu gì,lau_thai
nấu cà rốt gà được gì,sup_ga
tỏi tôm đơn giản,tom_xao_toi
món ăn từ trứng thịt chiên,trung_xao_thit
tôi muốn nấu rau chiên,canh_rau
mình có cà rốt gà trộn,sup_ga
ăn với thịt đơn giản kho,thit_nuong
làm món từ sườn,suon_kho
rau tôm mực nhanh nướng,lau_thai
có đậu hũ thì nấu gì,dau_hu_chien
món ăn từ cá,ca_kho
nấu bún bò được gì,bun_bo
nguyên liệu: cà chua đậu hũ,dau_hu_sot_ca
ăn với hành trứng,trung_xao_hanh
nấu đậu hũ được gì nướng,dau_hu_chien
ăn với rau mực tôm,lau_thai
cơm gà ngon,com_ga
ăn với trứng thịt,thit_kho_trung
tôi có tôm tỏi nướng,tom_xao_toi
tôi muốn nấu trứng cà chua xào,trung_chien_ca_chua
món ăn từ rau thịt gia đình,thit_xao_rau
tôi có trứng,trung_op_la
có đậu hũ cà chua thì nấu gì nướng,dau_hu_sot_ca
có mì rau thì nấu gì,mi_tron
nấu gà được gì,ga_nuong
mình có mì nướng,mi_goi
nấu bò cà rốt khoai được gì,bo_kho
tôi muốn nấu đậu hũ cà chua,dau_hu_sot_ca
mình có trứng,trung_hap
nấu bò cà rốt khoai gia đình được gì kho,bo_kho
món ăn từ gà,canh_ga
làm món từ tôm cơm mực gia đình,com_chien_hai_san
nấu mực cơm tôm được gì chiên,com_chien_hai_san
mình có mực tôm cơm,com_chien_hai_san
ăn với mì bò chiên,mi_xao_bo
ăn với bò bún,bun_bo
tôi có thịt bánh mì,banh_mi_thit
tỏi rau,rau_xao_toi
ăn với tỏi rau,rau_xao_toi
làm món từ hành trứng cơm,com_chien_trung
tôi muốn nấu bò mì xào,mi_xao_bo
nấu rau thịt được gì trộn,thit_xao_rau
làm món từ trứng ngon,trung_hap
ăn với trứng thịt trộn,thit_kho_trung
có cà chua trứng thì nấu gì xào,canh_trung_ca_chua
nấu bò bún được gì luộc,bun_bo
ăn với thịt trứng gia đình luộc,thit_kho_trung
có trứng bánh mì thì nấu gì,banh_mi_op_la
tôi muốn nấu rau gà,lau_ga
món ăn từ cà chua trứng chiên,canh_trung_ca_chua
nấu trứng thịt được gì chiên,thit_kho_trung
món ăn từ mì rau,mi_tron
nấu bánh mì trứng ngon được gì luộc,banh_mi_op_la
ăn với hành trứng đơn giản kho,trung_xao_hanh
mì rau trộn,mi_tron
tôi muốn nấu trứng cà chua gia đình hấp,trung_chien_ca_chua
món ăn từ hành bò,bo_xao_hanh
ăn với tôm tỏi nướng,tom_xao_toi
có sườn thì nấu gì xào,suon_kho
nguyên liệu: rau thịt nhanh nướng,thit_xao_rau
tôi muốn nấu đậu hũ cà chua,dau_hu_sot_ca
ăn với tôm tỏi,tom_xao_toi
rau,canh_rau
tôi muốn nấu mì bò nướng,mi_xao_bo
tôi có gà cơm hấp,com_ga
tôi có gà,ga_chien
nguyên liệu: sườn,suon_nuong
mình có tỏi tôm,tom_xao_toi
nấu rau được gì,canh_rau
làm món từ rau trứng cơm,com_tron
nấu rau tỏi được gì nướng,rau_xao_toi
nguyên liệu: cà rốt gà,sup_ga
nấu tôm mực mì được gì luộc,mi_xao_hai_san
có sườn thì nấu gì chiên,suon_kho
mình có đậu hũ kho,dau_hu_chien
nguyên liệu: bánh mì trứng,banh_mi_trung
tôi muốn nấu tỏi rau,rau_xao_toi
tôi có tỏi tôm ngon,tom_xao_toi
nguyên liệu: gà kho,ga_chien
tôi có mì,mi_goi
mình có trứng mì,mi_xao_trung
có cơm trứng đậu xúc xích gia đình thì nấu gì hấp,com_chien_duong_chau
mình có mực rau tôm gia đình,lau_thai
món ăn từ gà xào,ga_nuong
có hành trứng thì nấu gì,trung_xao_hanh
làm món từ cà chua trứng,canh_trung_ca_chua
món ăn từ cơm tôm mực nướng,com_chien_hai_san
mình có bánh mì trứng,banh_mi_trung
có bún bò thì nấu gì,bun_bo
nấu cà rốt gà được gì,sup_ga
tôi có rau hấp,canh_rau
có trứng bánh mì thì nấu gì,banh_mi_op_la
tôi có mì tôm mực,mi_xao_hai_san
tôi muốn nấu bánh mì thịt,banh_mi_thit
có mì mực tôm thì nấu gì,mi_xao_hai_san
trứng luộc,trung_hap
tôi muốn nấu tôm tỏi ngon,tom_xao_toi
đậu cơm xúc xích trứng luộc,com_chien_duong_chau
mình có gà,canh_ga
có đậu hũ thì nấu gì,dau_hu_chien
món ăn từ mì,mi_goi
làm món từ trứng hấp,trung_luoc
món ăn từ trứng đơn giản hấp,trung_hap
nấu cá được gì,ca_kho
làm món từ trứng thịt ngon,thit_kho_trung
ăn với bò mì chiên,mi_xao_bo
có cơm trứng hành thì nấu gì,com_chien_trung
mình có bún bò,bun_bo
ăn với cá chiên,ca_chien
mình có tôm tỏi,tom_xao_toi
có bánh mì thịt thì nấu gì luộc,banh_mi_thit
tôi muốn nấu cá,ca_kho
tôi có tôm tỏi,tom_xao_toi
bò khoai cà rốt,bo_kho
tôi có trứng chiên,trung_chien
nguyên liệu: gà hấp,ga_chien
ăn với trứng,trung_luoc
tôi có rau gà xào,lau_ga
bò mì gia đình,mi_xao_bo
tỏi rau chiên,rau_xao_toi
món ăn từ mực tôm cơm,com_chien_hai_san
ăn với đậu hũ cà chua,dau_hu_sot_ca
tôi muốn nấu bánh mì trứng,banh_mi_op_la
tôi có tỏi tôm,tom_xao_toi
tôi muốn nấu bò phở nhanh,pho_bo
nấu cá được gì,ca_chien
tôi có cơm trứng rau đơn giản,com_tron
làm món từ trứng,trung_op_la
trứng,trung_hap
món ăn từ cà rốt gà xào,sup_ga
nguyên liệu: cá,ca_chien
món ăn từ gà,ga_nuong
món ăn từ bánh mì trứng,banh_mi_op_la
tôi muốn nấu rau tỏi ngon,rau_xao_toi
rau tỏi kho,rau_xao_toi
ăn với cà rốt gà,sup_ga
tôi có trứng,trung_hap
đậu hũ,dau_hu_chien
mình có sườn luộc,suon_kho
mình có trứng,trung_chien
mình có trứng cơm hành trộn,com_chien_trung
tôi muốn nấu trứng ngon luộc,trung_cuon
gà cơm,com_ga
ăn với trứng chiên,trung_luoc
nấu đậu hũ cà chua được gì,dau_hu_sot_ca
tôi có cơm gà gia đình,com_ga
nguyên liệu: trứng hấp,trung_op_la
nấu cá được gì,ca_chien
nấu đậu hũ được gì chiên,dau_hu_chien
tôi muốn nấu trứng luộc,trung_cuon
ăn với tôm tỏi chiên,tom_xao_toi
nấu rau mì ngon được gì,mi_tron
nguyên liệu: gà cơm kho,com_ga
món ăn từ mì mực tôm trộn,mi_xao_hai_san
ăn với gà cơm nhanh,com_ga
ăn với gà chiên,canh_ga
làm món từ rau mì chiên,mi_tron
làm món từ bánh mì trứng chiên,banh_mi_op_la
có gà thì nấu gì,ga_nuong
nấu cá nhanh được gì,ca_chien
làm món từ tỏi tôm,tom_xao_toi
ăn với trứng thịt,trung_xao_thit
tôi có mực tôm rau xào,lau_thai
có trứng cơm rau gia đình thì nấu gì chiên,com_tron
mình có trứng,trung_cuon
ăn với bún bò nướng,bun_bo
mình có cà chua đậu hũ,dau_hu_sot_ca
làm món từ cá trộn,ca_chien
món ăn từ bò cà rốt khoai,bo_kho
tôi có bánh mì thịt ngon,banh_mi_thit
cà chua trứng ngon,trung_chien_ca_chua
ăn với tỏi rau xào,rau_xao_toi
nguyên liệu: gà,canh_ga
có trứng cà chua thì nấu gì,trung_chien_ca_chua
có gà thì nấu gì luộc,canh_ga
mình có khoai bò cà rốt,bo_kho
có cá thì nấu gì,ca_chien
làm món từ sườn,suon_kho
ăn với gà cà rốt,sup_ga
có trứng thịt thì nấu gì nướng,thit_kho_trung
nguyên liệu: trứng hấp,trung_hap
tôi muốn nấu gà trộn,ga_chien
tôi có trứng hành cơm gia đình,com_chien_trung
ăn với hành bò ngon,bo_xao_hanh
có rau thì nấu gì trộn,canh_rau
ăn với cà rốt gà,sup_ga
ăn với trứng hành,trung_xao_hanh
món ăn từ thịt trứng nướng,thit_kho_trung
trứng mì đơn giản,mi_xao_trung
ăn với cà chua trứng,trung_chien_ca_chua
ăn với trứng chiên,trung_chien
nguyên liệu: cá,ca_kho
nguyên liệu: mì,mi_goi
nguyên liệu: sườn đơn giản trộn,suon_kho
nấu cà chua đậu hũ được gì,dau_hu_sot_ca
món ăn từ rau,canh_rau
làm món từ phở bò nhanh,pho_bo
có hành bò thì nấu gì xào,bo_xao_hanh
cà chua đậu hũ đơn giản hấp,dau_hu_sot_ca
làm món từ mì bò,mi_xao_bo
tôi có bánh mì thịt,banh_mi_thit
tôi muốn nấu tỏi rau đơn giản,rau_xao_toi
tôi có thịt rau,thit_xao_rau
làm món từ mực tôm rau,lau_thai
trứng đơn giản,trung_cuon
có thịt bánh mì thì nấu gì,banh_mi_thit
làm món từ sườn xào,suon_kho
tôi muốn nấu mực tôm rau,lau_thai
nấu trứng được gì,trung_op_la
tôi có trứng bánh mì xào,banh_mi_op_la
tôi có rau tỏi đơn giản,rau_xao_toi
mình có trứng cà chua luộc,trung_chien_ca_chua
có trứng thì nấu gì,trung_hap
mình có rau,canh_rau
tôi muốn nấu hành cơm trứng,com_chien_trung
nguyên liệu: tỏi rau,rau_xao_toi
tôi muốn nấu cá,ca_kho
có bò mì thì nấu gì,mi_xao_bo
làm món từ tôm tỏi,tom_xao_toi
làm món từ trứng cà chua chiên,trung_chien_ca_chua
nấu trứng bánh mì được gì,banh_mi_op_la
làm món từ mì trứng chiên,mi_xao_trung
rau kho,canh_rau
ăn với mì tôm mực ngon,mi_xao_hai_san
nấu trứng thịt được gì,trung_xao_thit
tôi muốn nấu bò mì,mi_xao_bo
gà kho,ga_chien
tôi có hành bò nướng,bo_xao_hanh
nguyên liệu: mì,mi_goi
có rau trứng cơm thì nấu gì nướng,com_tron
nguyên liệu: bò khoai cà rốt hấp,bo_kho
làm món từ thịt bánh mì ngon,banh_mi_thit
món ăn từ thịt,thit_nuong
cà chua trứng đơn giản luộc,canh_trung_ca_chua
nguyên liệu: rau tỏi kho,rau_xao_toi
ăn với rau tỏi nhanh nướng,rau_xao_toi
có trứng bánh mì thì nấu gì,banh_mi_op_la
nấu trứng thịt đơn giản được gì luộc,thit_kho_trung
sườn,suon_kho
thịt trứng,thit_kho_trung
món ăn từ bún bò kho,bun_bo
nguyên liệu: hành trứng,trung_xao_hanh
nguyên liệu: gà,ga_chien
tôi có khoai cà rốt bò gia đình trộn,bo_kho
có gà thì nấu gì,ga_nuong
món ăn từ gà kho,canh_ga
nấu trứng gia đình được gì chiên,trung_luoc
ăn với thịt xào,thit_nuong
món ăn từ tôm rau mực xào,lau_thai
tôi có mì rau gia đình chiên,mi_tron
có bánh mì trứng thì nấu gì,banh_mi_op_la
tôi có trứng thịt,thit_kho_trung
ăn với rau luộc,canh_rau
nguyên liệu: trứng luộc,trung_chien
làm món từ gà cơm luộc,com_ga
nấu đậu hũ được gì,dau_hu_chien
nguyên liệu: mực tôm mì hấp,mi_xao_hai_san
có phở bò thì nấu gì,pho_bo
có rau gà thì nấu gì,lau_ga
mực tôm rau,lau_thai
mình có trứng thịt,trung_xao_thit
món ăn từ bánh mì thịt,banh_mi_thit
món ăn từ cơm sườn,com_tam
mình có trứng cà chua hấp,canh_trung_ca_chua
rau tỏi,rau_xao_toi
mình có rau tỏi luộc,rau_xao_toi
nấu rau tỏi được gì,rau_xao_toi
mình có rau gà trộn,lau_ga
món ăn từ rau gà,lau_ga
tôm mực rau,lau_thai
nguyên liệu: đậu hũ cà chua,dau_hu_sot_ca
làm món từ thịt trứng,thit_kho_trung
có gà cà rốt thì nấu gì,sup_ga
tôi có trứng luộc,trung_chien
tôi có rau gà ngon nướng,lau_ga
có cá thì nấu gì luộc,ca_kho
món ăn từ tỏi rau,rau_xao_toi
có bò phở thì nấu gì chiên,pho_bo
gà cơm kho,com_ga
làm món từ bún bò,bun_bo
tôi muốn nấu bánh mì thịt chiên,banh_mi_thit
mì rau,mi_tron
tôi muốn nấu xúc xích đậu cơm trứng hấp,com_chien_duong_chau
nguyên liệu: trứng thịt,trung_xao_thit
ăn với gà,canh_ga
tôi có cà rốt bò khoai,bo_kho
cà rốt gà,sup_ga
nấu rau mì được gì luộc,mi_tron
tôi có đậu hũ cà chua trộn,dau_hu_sot_ca
tôi có trứng nhanh,trung_op_la
tôi có gà chiên,ga_nuong
nguyên liệu: đậu hũ nướng,dau_hu_chien
ăn với gà,ga_nuong
mình có sườn hấp,suon_kho
nguyên liệu: cà chua trứng,canh_trung_ca_chua
tôi có sườn,suon_kho
mình có hành cơm trứng,com_chien_trung
có phở bò gia đình thì nấu gì trộn,pho_bo
ăn với trứng gia đình,trung_hap
nấu trứng ngon được gì,trung_cuon
món ăn từ hành bò,bo_xao_hanh
nấu mì rau được gì trộn,mi_tron
tôi có cà chua trứng,trung_chien_ca_chua
tôi muốn nấu cơm hành trứng,com_chien_trung
rau trứng cơm,com_tron
tôi muốn nấu gà cơm trộn,com_ga
làm món từ cơm gà gia đình,com_ga
nấu trứng được gì,trung_chien
tôi muốn nấu bánh mì thịt chiên,banh_mi_thit
có phở bò thì nấu gì,pho_bo
tôi muốn nấu gà,canh_ga
tôi có hành bò,bo_xao_hanh
nấu cơm tôm mực nhanh được gì,com_chien_hai_san
trứng xúc xích đậu cơm,com_chien_duong_chau
tôi muốn nấu trứng cà chua,trung_chien_ca_chua
tôi có cơm trứng đậu xúc xích,com_chien_duong_chau
có cà chua trứng thì nấu gì,trung_chien_ca_chua
tôi có tôm tỏi,tom_xao_toi
cơm mực tôm gia đình chiên,com_chien_hai_san
ăn với cà chua đậu hũ nướng,dau_hu_sot_ca
có thịt trứng ngon thì nấu gì,thit_kho_trung
ăn với đậu hũ cà chua nướng,dau_hu_sot_ca
tôi có gà nướng,ga_nuong
món ăn từ hành trứng cơm hấp,com_chien_trung
nguyên liệu: bò mì,mi_xao_bo
làm món từ cá,ca_kho
sườn xào,suon_nuong
nấu tỏi tôm gia đình được gì,tom_xao_toi
bò mì ngon,mi_xao_bo
nguyên liệu: tôm tỏi kho,tom_xao_toi
mình có sườn,suon_kho
tôi có tỏi rau,rau_xao_toi
món ăn từ trứng kho,trung_op_la
trứng thịt,trung_xao_thit
có bò hành thì nấu gì kho,bo_xao_hanh
nấu mì rau được gì,mi_tron
món ăn từ trứng thịt ngon trộn,trung_xao_thit
làm món từ tôm tỏi xào,tom_xao_toi
có trứng cà chua thì nấu gì,canh_trung_ca_chua
mình có thịt trứng hấp,trung_xao_thit
món ăn từ trứng hành,trung_xao_hanh
gà cơm nướng,com_ga
mình có hành bò gia đình,bo_xao_hanh
món ăn từ cơm gà đơn giản,com_ga
tôi có đậu hũ cà chua,dau_hu_sot_ca
món ăn từ bánh mì thịt,banh_mi_thit
tôi muốn nấu mực tôm cơm,com_chien_hai_san
tôi muốn nấu cà rốt gà nướng,sup_ga
tôi có trứng ngon trộn,trung_op_la
nguyên liệu: trứng cơm xúc xích đậu chiên,com_chien_duong_chau
nấu thịt rau được gì xào,thit_xao_rau
món ăn từ trứng bánh mì,banh_mi_op_la
mình có rau,canh_rau
ăn với cá,ca_kho
nấu trứng mì được gì,mi_xao_trung
ăn với sườn nướng,suon_nuong
có sườn thì nấu gì,suon_kho
mình có trứng,trung_hap
có cơm đậu xúc xích trứng thì nấu gì,com_chien_duong_chau
tôi muốn nấu gà ngon,ga_nuong
nguyên liệu: tỏi rau,rau_xao_toi
ăn với tỏi tôm xào,tom_xao_toi
nguyên liệu: cà rốt gà ngon nướng,sup_ga
tôi có tỏi tôm,tom_xao_toi
nấu thịt được gì xào,thit_nuong
nguyên liệu: trứng bánh mì chiên,banh_mi_trung
mình có cơm trứng xúc xích đậu gia đình,com_chien_duong_chau
món ăn từ thịt rau nhanh nướng,thit_xao_rau
nấu rau được gì,canh_rau
nấu gà ngon được gì nướng,ga_nuong
mình có cơm gà gia đình,com_ga
ăn với bò mì,mi_xao_bo
nguyên liệu: cá,ca_chien
mình có khoai bò cà rốt,bo_kho
nấu bò phở được gì,pho_bo
cá gia đình,ca_chien
có thịt thì nấu gì xào,thit_nuong
đậu hũ gia đình hấp,dau_hu_chien
ăn với cá trộn,ca_chien
mình có hành trứng xào,trung_xao_hanh
có trứng bánh mì đơn giản thì nấu gì,banh_mi_op_la
tôi có đậu hũ cà chua,dau_hu_sot_ca
nguyên liệu: cơm mực tôm ngon,com_chien_hai_san
ăn với tỏi tôm,tom_xao_toi
có bò phở thì nấu gì,pho_bo
tôm mì mực,mi_xao_hai_san
tôi muốn nấu hành trứng nướng,trung_xao_hanh
có mì trứng đơn giản thì nấu gì chiên,mi_xao_trung
mình có trứng cà chua,canh_trung_ca_chua
hành bò chiên,bo_xao_hanh
gà luộc,canh_ga
tôi muốn nấu trứng gia đình,trung_luoc
làm món từ thịt nướng,thit_nuong
món ăn từ trứng rau cơm nướng,com_tron
nấu đậu hũ được gì chiên,dau_hu_chien
ăn với gà hấp,ga_nuong
ăn với tỏi tôm kho,tom_xao_toi
nguyên liệu: trứng bánh mì,banh_mi_trung
tôi muốn nấu sườn cơm,com_tam
có trứng nhanh thì nấu gì,trung_op_la
tôi muốn nấu gà,ga_chien
ăn với cơm trứng xúc xích đậu nhanh,com_chien_duong_chau
ăn với gà,ga_nuong
nguyên liệu: rau mì hấp,mi_tron
có cà chua đậu hũ thì nấu gì,dau_hu_sot_ca
tôi có cà chua đậu hũ trộn,dau_hu_sot_ca
tôi có rau mì,mi_tron
tôi muốn nấu cơm sườn trộn,com_tam
nguyên liệu: trứng mì,mi_xao_trung
món ăn từ gà trộn,canh_ga
ăn với mì,mi_goi
mình có thịt,thit_nuong
cơm trứng rau đơn giản xào,com_tron
nguyên liệu: gà,ga_chien
mình có cơm sườn,com_tam
tôi có mì,mi_goi
nấu trứng hành được gì kho,trung_xao_hanh
mình có mì trứng,mi_xao_trung
mình có trứng cà chua xào,trung_chien_ca_chua
tôi muốn nấu trứng cơm hành,com_chien_trung
món ăn từ trứng hành cơm đơn giản xào,com_chien_trung
mình có bò mì,mi_xao_bo
mình có thịt trứng kho,thit_kho_trung
tôi có phở bò,pho_bo
món ăn từ trứng kho,trung_hap
món ăn từ cá xào,ca_kho
nấu trứng được gì,trung_hap
tôi có rau tỏi,rau_xao_toi
nấu phở bò được gì,pho_bo
có trứng thì nấu gì,trung_luoc
tôi muốn nấu thịt rau,thit_xao_rau
có bò mì thì nấu gì trộn,mi_xao_bo
làm món từ tôm tỏi,tom_xao_toi
món ăn từ trứng nhanh kho,trung_hap
tôi có cơm sườn kho,com_tam
tôi có gà gia đình,ga_chien
tôi muốn nấu thịt trứng,trung_xao_thit
tôi có trứng thịt,thit_kho_trung
món ăn từ mì rau trộn,mi_tron
làm món từ phở bò,pho_bo
nấu trứng mì được gì,mi_xao_trung
thịt,thit_nuong
làm món từ mì mực tôm,mi_xao_hai_san
nguyên liệu: trứng xào,trung_cuon
mình có đậu hũ xào,dau_hu_chien
trứng cà chua,canh_trung_ca_chua
mình có trứng mì hấp,mi_xao_trung
tôi muốn nấu rau mực tôm luộc,lau_thai
tôi có mì rau đơn giản chiên,mi_tron
mình có cá hấp,ca_chien
ăn với gà luộc,ga_nuong
tôi có đậu hũ,dau_hu_chien
tỏi rau đơn giản,rau_xao_toi
mình có mì trứng đơn giản,mi_xao_trung
ăn với trứng trộn,trung_cuon
nguyên liệu: bánh mì thịt hấp,banh_mi_thit
nấu cơm gà đơn giản được gì,com_ga
làm món từ cá trộn,ca_kho
tôi có rau chiên,canh_rau
nguyên liệu: bò hành nướng,bo_xao_hanh
nấu trứng được gì,trung_chien
nguyên liệu: rau mì ngon,mi_tron
ăn với gà cơm,com_ga
mình có gà,ga_chien
cà chua trứng,trung_chien_ca_chua
làm món từ cơm trứng rau,com_tron
tôi muốn nấu hành trứng cơm,com_chien_trung
tôi muốn nấu cơm trứng đậu xúc xích kho,com_chien_duong_chau
tôi có thịt,thit_nuong
mình có hành trứng trộn,trung_xao_hanh
món ăn từ mì,mi_goi
tôi muốn nấu rau,canh_rau
ăn với cá,ca_kho
mình có hành bò đơn giản,bo_xao_hanh
sườn xào,suon_kho
thịt kho,thit_nuong
mình có bánh mì thịt,banh_mi_thit
nguyên liệu: cơm sườn gia đình,com_tam
có trứng thì nấu gì,trung_chien
nguyên liệu: cơm hành trứng,com_chien_trung
rau mực tôm,lau_thai
có cơm gà thì nấu gì hấp,com_ga
tôi muốn nấu trứng mì,mi_xao_trung
tôi muốn nấu hành trứng gia đình,trung_xao_hanh
làm món từ bánh mì trứng,banh_mi_op_la
làm món từ bò phở,pho_bo
tôi muốn nấu đậu hũ đơn giản,dau_hu_chien
món ăn từ cá trộn,ca_kho
làm món từ trứng bánh mì,banh_mi_op_la
nguyên liệu: khoai bò cà rốt,bo_kho
ăn với cá kho,ca_kho
tôi muốn nấu rau xào,canh_rau
làm món từ gà nhanh,ga_nuong
món ăn từ sườn cơm,com_tam
tôi muốn nấu gà xào,canh_ga
có bánh mì trứng thì nấu gì,banh_mi_op_la
làm món từ gà,canh_ga
nguyên liệu: bánh mì trứng,banh_mi_op_la
món ăn từ trứng kho,trung_cuon
trứng hấp,trung_chien
có trứng gia đình thì nấu gì chiên,trung_luoc
làm món từ trứng,trung_hap
có cá thì nấu gì,ca_chien
nấu thịt được gì,thit_nuong
món ăn từ cà rốt gà nhanh,sup_ga
ăn với cá,ca_kho
ăn với đậu hũ cà chua,dau_hu_sot_ca
thịt,thit_nuong
làm món từ trứng thịt xào,trung_xao_thit
có sườn ngon thì nấu gì,suon_kho
nấu trứng cà chua được gì,trung_chien_ca_chua
tôi muốn nấu bò hành,bo_xao_hanh
có rau cơm trứng thì nấu gì,com_tron
nấu trứng được gì kho,trung_cuon
nấu bò bún được gì,bun_bo
nguyên liệu: mì tôm mực,mi_xao_hai_san
nấu gà cà rốt được gì,sup_ga
nguyên liệu: trứng bánh mì,banh_mi_op_la
nguyên liệu: trứng kho,trung_cuon
tôi muốn nấu đậu hũ cà chua,dau_hu_sot_ca
có thịt thì nấu gì chiên,thit_nuong
trứng thịt,thit_kho_trung
nguyên liệu: bánh mì trứng,banh_mi_trung
thịt bánh mì,banh_mi_thit
món ăn từ hành cơm trứng trộn,com_chien_trung
nguyên liệu: sườn,suon_kho
nấu mì được gì trộn,mi_goi
có gà thì nấu gì,ga_nuong
gà,ga_nuong
tôi có cơm gà trộn,com_ga
làm món từ trứng xào,trung_luoc
nấu rau gà được gì,lau_ga
món ăn từ mì rau luộc,mi_tron
tôi có trứng,trung_hap
tôi muốn nấu trứng gia đình,trung_chien
làm món từ trứng cà chua nướng,canh_trung_ca_chua
tôi muốn nấu rau tỏi xào,rau_xao_toi
có đậu hũ ngon thì nấu gì,dau_hu_chien
mình có cá nướng,ca_chien
làm món từ bò hành,bo_xao_hanh
món ăn từ bò phở kho,pho_bo
nấu đậu hũ được gì,dau_hu_chien
tôi muốn nấu trứng chiên,trung_cuon
gà,ga_chien
ăn với sườn cơm nướng,com_tam
tôi muốn nấu thịt trứng nhanh,thit_kho_trung
nguyên liệu: trứng hành nhanh,trung_xao_hanh
ăn với mì bò,mi_xao_bo
món ăn từ gà nướng,canh_ga
có đậu hũ thì nấu gì,dau_hu_chien
nấu trứng cà chua được gì chiên,trung_chien_ca_chua
bò mì,mi_xao_bo
mình có gà gia đình,canh_ga
nguyên liệu: cà chua trứng chiên,canh_trung_ca_chua
làm món từ rau tôm mực,lau_thai
tôi có đậu hũ ngon,dau_hu_chien
mình có trứng thịt nướng,thit_kho_trung
nấu trứng mì được gì,mi_xao_trung
nấu trứng được gì,trung_chien
bún bò trộn,bun_bo
gà cà rốt nướng,sup_ga
nguyên liệu: bò phở,pho_bo
làm món từ trứng,trung_op_la
món ăn từ phở bò,pho_bo
mình có gà gia đình xào,canh_ga
món ăn từ gà rau kho,lau_ga
có trứng thì nấu gì,trung_luoc
có cá thì nấu gì xào,ca_chien
nấu mì trứng được gì luộc,mi_xao_trung
món ăn từ thịt,thit_nuong
mình có trứng thịt gia đình,thit_kho_trung
có thịt bánh mì thì nấu gì nướng,banh_mi_thit
món ăn từ rau chiên,canh_rau
ăn với bò phở,pho_bo
tôi có gà,canh_ga
món ăn từ mì gia đình,mi_goi
nấu cà rốt gà được gì xào,sup_ga
món ăn từ rau,canh_rau
mình có sườn,suon_nuong
nguyên liệu: phở bò luộc,pho_bo
ăn với trứng,trung_cuon
tôi muốn nấu đậu hũ,dau_hu_chien
tôi có rau thịt,thit_xao_rau
làm món từ gà gia đình hấp,canh_ga
có gà thì nấu gì,ga_nuong
có bánh mì thịt thì nấu gì xào,banh_mi_thit
gà,canh_ga
món ăn từ gà,canh_ga
nấu bò cà rốt khoai ngon được gì nướng,bo_kho
mình có trứng,trung_op_la
ăn với cơm tôm mực gia đình xào,com_chien_hai_san
ăn với rau gà,lau_ga
nấu tỏi tôm được gì hấp,tom_xao_toi
tôi muốn nấu trứng,trung_cuon
tôi có cơm xúc xích trứng đậu nhanh nướng,com_chien_duong_chau
rau hấp,canh_rau
có đậu cơm xúc xích trứng thì nấu gì xào,com_chien_duong_chau
món ăn từ gà,canh_ga
mình có gà đơn giản,canh_ga
mình có rau xào,canh_rau
làm món từ trứng bánh mì nhanh trộn,banh_mi_op_la
tôi có trứng,trung_luoc
tôi có trứng cà chua,canh_trung_ca_chua
tôi muốn nấu trứng hành nhanh luộc,trung_xao_hanh
làm món từ bánh mì thịt chiên,banh_mi_thit
trứng thịt chiên,thit_kho_trung
món ăn từ trứng hấp,trung_cuon
mình có tỏi tôm đơn giản,tom_xao_toi
tôi có trứng nướng,trung_cuon
nguyên liệu: gà cơm nướng,com_ga
tôi muốn nấu trứng cà chua,trung_chien_ca_chua
món ăn từ mực tôm mì trộn,mi_xao_hai_san
mình có cơm sườn xào,com_tam
nấu cơm gà được gì,com_ga
làm món từ gà,canh_ga
mình có cà chua trứng,trung_chien_ca_chua
mình có sườn kho,suon_nuong
món ăn từ trứng hành cơm,com_chien_trung
có rau thì nấu gì trộn,canh_rau
nguyên liệu: thịt đơn giản,thit_nuong
món ăn từ rau mì,mi_tron
tôm rau mực,lau_thai
nguyên liệu: trứng chiên,trung_hap
món ăn từ cá nhanh chiên,ca_kho
tôi muốn nấu trứng hành cơm nhanh,com_chien_trung
nấu thịt bánh mì được gì chiên,banh_mi_thit
làm món từ rau mì xào,mi_tron
món ăn từ sườn,suon_kho
ăn với đậu hũ cà chua gia đình,dau_hu_sot_ca
ăn với thịt trứng,thit_kho_trung
có bò bún đơn giản thì nấu gì,bun_bo
làm món từ mì bò nhanh trộn,mi_xao_bo
mình có trứng cà chua,trung_chien_ca_chua
ăn với mì trộn,mi_goi
nguyên liệu: cơm sườn luộc,com_tam
món ăn từ gà,ga_chien
món ăn từ thịt rau,thit_xao_rau
tôi muốn nấu rau tỏi,rau_xao_toi
làm món từ bò mì,mi_xao_bo
làm món từ đậu hũ cà chua luộc,dau_hu_sot_ca
món ăn từ cá nhanh trộn,ca_kho
tôi có trứng,trung_op_la
làm món từ đậu hũ cà chua chiên,dau_hu_sot_ca
ăn với gà,ga_chien
tôi có cơm hành trứng đơn giản,com_chien_trung
có trứng thì nấu gì luộc,trung_cuon
làm món từ mì,mi_goi
nguyên liệu: trứng chiên,trung_chien
tôi muốn nấu mì,mi_goi
có tôm mực rau thì nấu gì hấp,lau_thai
món ăn từ bánh mì trứng ngon luộc,banh_mi_trung
món ăn từ bánh mì trứng hấp,banh_mi_op_la
làm món từ mì rau đơn giản,mi_tron
làm món từ thịt rau,thit_xao_rau
nấu trứng được gì,trung_cuon
sườn,suon_nuong
tôi có đậu trứng cơm xúc xích xào,com_chien_duong_chau
nguyên liệu: cơm gà,com_ga
nguyên liệu: rau nhanh,canh_rau
món ăn từ cà rốt bò khoai,bo_kho
gà xào,ga_chien
làm món từ trứng ngon nướng,trung_cuon
làm món từ thịt nhanh,thit_nuong
tôi có thịt bánh mì,banh_mi_thit
làm món từ bánh mì thịt,banh_mi_thit
ăn với gà chiên,canh_ga
tôi muốn nấu trứng cà chua nhanh,trung_chien_ca_chua
món ăn từ cà chua trứng,canh_trung_ca_chua
ăn với tỏi rau,rau_xao_toi
nguyên liệu: đậu hũ hấp,dau_hu_chien
ăn với sườn,suon_nuong
nguyên liệu: rau,canh_rau
có rau gà thì nấu gì,lau_ga
mình có tôm mực rau,lau_thai
món ăn từ trứng cà chua gia đình luộc,trung_chien_ca_chua
nấu cá được gì kho,ca_chien
mình có gà luộc,ga_nuong
mình có phở bò nướng,pho_bo
nguyên liệu: thịt,thit_nuong
mình có tỏi tôm xào,tom_xao_toi
mình có rau gia đình,canh_rau
nguyên liệu: thịt trứng,trung_xao_thit
tôi có trứng xào,trung_op_la
nguyên liệu: gà,ga_chien
nguyên liệu: gà gia đình,ga_chien
có bò phở thì nấu gì,pho_bo
mình có rau mì xào,mi_tron
nấu tôm mì mực được gì kho,mi_xao_hai_san
tôi muốn nấu trứng xào,trung_chien
cơm sườn hấp,com_tam
tôi muốn nấu trứng mì hấp,mi_xao_trung
làm món từ sườn đơn giản luộc,suon_kho
làm món từ rau trứng cơm,com_tron
mình có trứng bánh mì nhanh hấp,banh_mi_trung
tôi có mì chiên,mi_goi
ăn với phở bò,pho_bo
nấu bò mì đơn giản được gì kho,mi_xao_bo
mình có mực mì tôm,mi_xao_hai_san
tôi muốn nấu bò phở,pho_bo
trứng hành trộn,trung_xao_hanh
làm món từ tôm mực cơm,com_chien_hai_san
gà cơm trộn,com_ga
mình có cà chua đậu hũ hấp,dau_hu_sot_ca
tôi muốn nấu thịt đơn giản,thit_nuong
đậu hũ,dau_hu_chien
rau chiên,canh_rau
tôi có cà chua đậu hũ,dau_hu_sot_ca
tôi muốn nấu đậu hũ luộc,dau_hu_chien
nguyên liệu: cá,ca_kho
mình có tôm mực cơm chiên,com_chien_hai_san
có trứng bánh mì thì nấu gì,banh_mi_op_la
ăn với bò mì,mi_xao_bo
có sườn thì nấu gì,suon_nuong
gà,ga_chien
món ăn từ xúc xích cơm đậu trứng trộn,com_chien_duong_chau
tôi có gà,ga_chien
nguyên liệu: sườn,suon_kho
tôi có mực tôm cơm hấp,com_chien_hai_san
mình có trứng,trung_op_la
tôi có cơm trứng đậu xúc xích chiên,com_chien_duong_chau
mình có cá nhanh,ca_chien
món ăn từ hành trứng gia đình,trung_xao_hanh
có cà rốt bò khoai thì nấu gì kho,bo_kho
có gà cà rốt thì nấu gì,sup_ga
làm món từ bò phở gia đình,pho_bo
tôi muốn nấu tôm mực rau hấp,lau_thai
tôi muốn nấu rau chiên,canh_rau
có rau mì nhanh thì nấu gì,mi_tron
mình có thịt kho,thit_nuong
nấu bún bò được gì,bun_bo
món ăn từ sườn hấp,suon_kho
tôi muốn nấu bún bò,bun_bo
có bò cà rốt khoai thì nấu gì,bo_kho
mình có rau thịt,thit_xao_rau
mình có khoai cà rốt bò,bo_kho
làm món từ trứng,trung_chien
mình có trứng cà chua,canh_trung_ca_chua
trứng kho,trung_op_la
cơm rau trứng,com_tron
có cá gia đình thì nấu gì luộc,ca_chien
làm món từ cơm gà trộn,com_ga
cà chua đậu hũ luộc,dau_hu_sot_ca
mình có trứng bánh mì nhanh nướng,banh_mi_trung
món ăn từ bò phở,pho_bo
nấu cá gia đình được gì,ca_kho
nguyên liệu: trứng,trung_op_la
mực mì tôm đơn giản,mi_xao_hai_san
ăn với cà chua trứng,trung_chien_ca_chua
có cá thì nấu gì hấp,ca_kho
nấu rau được gì luộc,canh_rau
có sườn ngon thì nấu gì,suon_nuong
tôi muốn nấu trứng hành cơm,com_chien_trung
nguyên liệu: cà chua đậu hũ nhanh,dau_hu_sot_ca
món ăn từ trứng hành chiên,trung_xao_hanh
ăn với trứng rau cơm gia đình,com_tron
ăn với thịt rau,thit_xao_rau
ăn với sườn nướng,suon_kho
nấu hành trứng được gì,trung_xao_hanh
nấu trứng hành đơn giản được gì,trung_xao_hanh
nấu cơm gà được gì,com_ga
làm món từ cà chua trứng nhanh,canh_trung_ca_chua
ăn với trứng mì,mi_xao_trung
nguyên liệu: gà nhanh,ga_nuong
có tôm mực mì nhanh thì nấu gì chiên,mi_xao_hai_san
tôi có gà,ga_chien
tỏi tôm nhanh luộc,tom_xao_toi
nấu cà rốt gà được gì luộc,sup_ga
nấu đậu hũ ngon được gì,dau_hu_chien
nguyên liệu: cá,ca_chien
nguyên liệu: trứng đơn giản,trung_op_la
trứng cơm hành ngon hấp,com_chien_trung
nguyên liệu: cá xào,ca_chien
tôi có thịt bánh mì gia đình,banh_mi_thit
tôi muốn nấu sườn,suon_kho
mì bò trộn,mi_xao_bo
ăn với trứng đơn giản,trung_op_la
mình có bò hành chiên,bo_xao_hanh
tôi muốn nấu trứng bánh mì hấp,banh_mi_op_la
nguyên liệu: trứng,trung_hap
làm món từ rau tôm mực,lau_thai
có thịt thì nấu gì hấp,thit_nuong
món ăn từ gà,ga_nuong
tôi có cà rốt gà,sup_ga
thịt,thit_nuong
mình có rau tỏi,rau_xao_toi
tôi muốn nấu thịt,thit_nuong
có trứng ngon thì nấu gì,trung_chien
món ăn từ trứng hành,trung_xao_hanh
món ăn từ gà kho,canh_ga
món ăn từ trứng mì,mi_xao_trung
tôi có cá luộc,ca_kho
món ăn từ bánh mì thịt,banh_mi_thit
nấu thịt bánh mì nhanh được gì,banh_mi_thit
nguyên liệu: mì,mi_goi
tôi muốn nấu cà rốt gà nướng,sup_ga
cá nướng,ca_kho
có rau trứng cơm thì nấu gì,com_tron
làm món từ trứng trộn,trung_hap
tôi muốn nấu rau trứng cơm xào,com_tron
gà cà rốt,sup_ga
sườn,suon_nuong
ăn với sườn cơm hấp,com_tam
mình có bò bún,bun_bo
làm món từ trứng,trung_op_la
có rau gà thì nấu gì,lau_ga
món ăn từ bánh mì trứng,banh_mi_op_la
món ăn từ bún bò nướng,bun_bo
tôi có cơm trứng rau,com_tron
cá,ca_chien
làm món từ trứng bánh mì,banh_mi_op_la
mình có trứng mì chiên,mi_xao_trung
ăn với trứng hành cơm kho,com_chien_trung
có gà thì nấu gì,canh_ga
tôi muốn nấu cá xào,ca_kho
món ăn từ rau tỏi,rau_xao_toi
có trứng hành cơm đơn giản thì nấu gì,com_chien_trung
ăn với trứng thịt nướng,thit_kho_trung
có cà chua trứng gia đình thì nấu gì xào,canh_trung_ca_chua
tôi có trứng chiên,trung_luoc
món ăn từ đậu hũ,dau_hu_chien
cơm trứng hành,com_chien_trung
sườn,suon_kho
tôi muốn nấu bánh mì trứng chiên,banh_mi_op_la
làm món từ trứng luộc,trung_chien
nguyên liệu: cơm xúc xích đậu trứng,com_chien_duong_chau
tôi có bò phở chiên,pho_bo
nấu cơm trứng hành được gì,com_chien_trung
ăn với tỏi tôm,tom_xao_toi
mình có trứng đơn giản,trung_hap
tôi muốn nấu rau gà,lau_ga
nấu cà chua trứng được gì,trung_chien_ca_chua
có thịt bánh mì đơn giản thì nấu gì,banh_mi_thit
món ăn từ sườn chiên,suon_kho
tôi muốn nấu tỏi rau gia đình,rau_xao_toi
có rau tỏi đơn giản thì nấu gì,rau_xao_toi
ăn với cà chua đậu hũ nhanh,dau_hu_sot_ca
trứng hấp,trung_hap
món ăn từ rau trứng cơm xào,com_tron
tôi muốn nấu tỏi tôm chiên,tom_xao_toi
món ăn từ trứng luộc,trung_cuon
mình có cơm xúc xích trứng đậu,com_chien_duong_chau
tôi muốn nấu trứng cà chua,trung_chien_ca_chua
tôi muốn nấu tỏi tôm gia đình,tom_xao_toi
ăn với thịt trứng kho,trung_xao_thit
nấu trứng được gì,trung_hap
tôi có rau mì đơn giản chiên,mi_tron
làm món từ trứng,trung_hap
có gà rau thì nấu gì,lau_ga
tôi muốn nấu hành trứng cơm kho,com_chien_trung
nấu gà cơm được gì,com_ga
sườn,suon_kho
làm món từ cà rốt gà,sup_ga
tôi muốn nấu khoai bò cà rốt luộc,bo_kho
làm món từ thịt,thit_nuong
làm món từ sườn nướng,suon_nuong
ăn với mực rau tôm,lau_thai
nấu trứng gia đình được gì,trung_hap
ăn với sườn kho,suon_kho
nấu bánh mì trứng được gì luộc,banh_mi_op_la
tôi muốn nấu hành trứng trộn,trung_xao_hanh
bò mì,mi_xao_bo
nguyên liệu: trứng cà chua ngon,trung_chien_ca_chua
nguyên liệu: tôm tỏi,tom_xao_toi
tôi muốn nấu tôm tỏi nướng,tom_xao_toi
làm món từ bò mì,mi_xao_bo
ăn với rau gà ngon chiên,lau_ga
tôi có rau,canh_rau
tôi muốn nấu mì,mi_goi
tôi có hành trứng kho,trung_xao_hanh
có cơm sườn thì nấu gì,com_tam
mình có tôm mực cơm,com_chien_hai_san
mình có cà chua trứng nhanh hấp,trung_chien_ca_chua
tôi muốn nấu gà,canh_ga
trứng mì luộc,mi_xao_trung
món ăn từ trứng,trung_luoc
món ăn từ mực tôm mì hấp,mi_xao_hai_san
có cơm sườn thì nấu gì nướng,com_tam
mình có gà,ga_chien
làm món từ rau gà,lau_ga
nấu rau tỏi được gì,rau_xao_toi
rau kho,canh_rau
tôi có trứng,trung_op_la
ăn với bò bún luộc,bun_bo
cá,ca_kho
ăn với trứng đơn giản hấp,trung_cuon
nguyên liệu: rau mì chiên,mi_tron
làm món từ trứng đơn giản,trung_op_la
có rau thịt thì nấu gì,thit_xao_rau
ăn với rau trứng cơm,com_tron
tôi muốn nấu rau gia đình,canh_rau
món ăn từ sườn cơm,com_tam
tôi có bò mì,mi_xao_bo
rau gà,lau_ga
làm món từ mì bò,mi_xao_bo
trứng thịt kho,trung_xao_thit
nấu trứng được gì xào,trung_hap
ăn với cá,ca_chien
nấu cà rốt bò khoai ngon được gì luộc,bo_kho
ăn với thịt trứng nướng,thit_kho_trung
làm món từ rau thịt,thit_xao_rau
mình có bánh mì thịt trộn,banh_mi_thit
thịt,thit_nuong
ăn với rau,canh_rau
mình có cơm trứng rau ngon,com_tron
tôi có trứng bánh mì,banh_mi_op_la
làm món từ trứng cà chua đơn giản,canh_trung_ca_chua
tôi có bò phở kho,pho_bo
món ăn từ trứng ngon,trung_op_la
làm món từ bò bún,bun_bo
mình có cơm gà,com_ga
món ăn từ đậu hũ nhanh,dau_hu_chien
tôi có thịt bánh mì trộn,banh_mi_thit
ăn với cá,ca_chien
có tôm rau mực thì nấu gì,lau_thai
món ăn từ gà cà rốt ngon,sup_ga
làm món từ gà trộn,canh_ga
khoai bò cà rốt,bo_kho
nguyên liệu: cà chua trứng,canh_trung_ca_chua
trứng ngon xào,trung_chien
mình có thịt trứng trộn,thit_kho_trung
mình có trứng,trung_hap
mình có trứng đậu cơm xúc xích,com_chien_duong_chau
mình có mì,mi_goi
trứng xào,trung_hap
làm món từ trứng,trung_luoc
ăn với tôm mì mực chiên,mi_xao_hai_san
mình có trứng trộn,trung_chien
tôi có xúc xích trứng đậu cơm nhanh,com_chien_duong_chau
mình có gà rau xào,lau_ga
nấu sườn được gì chiên,suon_kho
mình có thịt,thit_nuong
làm món từ trứng cơm xúc xích đậu nhanh,com_chien_duong_chau
món ăn từ mì luộc,mi_goi
trứng mì,mi_xao_trung
tôi muốn nấu cà chua đậu hũ ngon,dau_hu_sot_ca
nấu hành bò được gì trộn,bo_xao_hanh
nguyên liệu: gà rau kho,lau_ga
nguyên liệu: mì mực tôm,mi_xao_hai_san
làm món từ đậu hũ chiên,dau_hu_chien
mình có bò mì,mi_xao_bo
mình có rau,canh_rau
nguyên liệu: bánh mì trứng,banh_mi_trung
ăn với trứng mì hấp,mi_xao_trung
ăn với trứng cơm hành nhanh,com_chien_trung
nấu sườn đơn giản được gì chiên,suon_nuong
tôi muốn nấu cá chiên,ca_kho
ăn với trứng thịt,trung_xao_thit
bò mì chiên,mi_xao_bo
nguyên liệu: trứng,trung_cuon
thịt bánh mì,banh_mi_thit
tôi có sườn,suon_nuong
ăn với hành bò,bo_xao_hanh
nguyên liệu: đậu hũ cà chua ngon,dau_hu_sot_ca
có trứng thì nấu gì trộn,trung_hap
món ăn từ cá,ca_chien
nguyên liệu: bánh mì thịt gia đình xào,banh_mi_thit
tôm cơm mực,com_chien_hai_san
tôi muốn nấu cơm trứng rau,com_tron
món ăn từ gà,ga_nuong
tôi có đậu hũ ngon,dau_hu_chien
nguyên liệu: gà rau kho,lau_ga
mình có trứng thịt,thit_kho_trung
tôi có mì bò,mi_xao_bo
ăn với hành cơm trứng đơn giản,com_chien_trung
mì trứng nướng,mi_xao_trung
tôi có trứng kho,trung_chien
ăn với rau gia đình kho,canh_rau
tôi muốn nấu cơm sườn đơn giản luộc,com_tam
tôm cơm mực,com_chien_hai_san
có tỏi tôm thì nấu gì,tom_xao_toi
bánh mì trứng hấp,banh_mi_op_la
làm món từ bò phở,pho_bo
tôi có rau gà,lau_ga
tôi có trứng thịt kho,thit_kho_trung
có gà rau thì nấu gì,lau_ga
hành trứng chiên,trung_xao_hanh
món ăn từ thịt rau đơn giản chiên,thit_xao_rau
mình có trứng,trung_cuon
tôi muốn nấu trứng,trung_hap
mình có cơm gà,com_ga
món ăn từ khoai cà rốt bò chiên,bo_kho
cá,ca_kho
làm món từ trứng,trung_chien
nấu bánh mì thịt được gì kho,banh_mi_thit
trứng luộc,trung_op_la
nấu trứng mì được gì,mi_xao_trung
có gà rau thì nấu gì,lau_ga
món ăn từ thịt rau,thit_xao_rau
tôi muốn nấu trứng thịt,trung_xao_thit
tôi muốn nấu trứng hành,trung_xao_hanh
ăn với trứng,trung_cuon
nguyên liệu: mì luộc,mi_goi
nấu trứng được gì,trung_chien
nấu bánh mì trứng nhanh được gì,banh_mi_op_la
làm món từ thịt,thit_nuong
nấu hành cơm trứng được gì,com_chien_trung
mình có trứng bánh mì,banh_mi_trung
làm món từ trứng,trung_chien
mình có mì,mi_goi
mình có bánh mì trứng,banh_mi_op_la
làm món từ đậu hũ trộn,dau_hu_chien
nguyên liệu: rau,canh_rau
làm món từ gà gia đình kho,canh_ga
làm món từ phở bò nướng,pho_bo
làm món từ trứng cơm xúc xích đậu luộc,com_chien_duong_chau
ăn với rau gia đình luộc,canh_rau
nguyên liệu: bánh mì thịt,banh_mi_thit
tôi có tôm tỏi,tom_xao_toi
ăn với tôm mực cơm luộc,com_chien_hai_san
mình có trứng cà chua,canh_trung_ca_chua
món ăn từ trứng mì nhanh hấp,mi_xao_trung
tôi muốn nấu hành bò,bo_xao_hanh
nguyên liệu: rau nướng,canh_rau
nguyên liệu: trứng bánh mì nướng,banh_mi_op_la
tôi muốn nấu cà chua trứng ngon,trung_chien_ca_chua
nấu bánh mì trứng được gì,banh_mi_op_la
mình có cá luộc,ca_kho
ăn với tôm mực rau,lau_thai
tôi có trứng mì hấp,mi_xao_trung
nấu cá được gì,ca_chien
nguyên liệu: gà,canh_ga
mình có rau thịt,thit_xao_rau
nguyên liệu: thịt bánh mì gia đình,banh_mi_thit
mình có sườn đơn giản,suon_nuong
món ăn từ mì,mi_goi
làm món từ trứng đơn giản chiên,trung_chien
nguyên liệu: trứng,trung_chien
tôi muốn nấu trứng,trung_op_la
làm món từ trứng mì,mi_xao_trung
món ăn từ rau nhanh,canh_rau
phở bò xào,pho_bo
nấu rau gà được gì,lau_ga
tôi muốn nấu trứng,trung_op_la
mình có trứng mì gia đình nướng,mi_xao_trung
nguyên liệu: bò hành,bo_xao_hanh
tôi muốn nấu thịt trứng hấp,thit_kho_trung
tôi có trứng đậu xúc xích cơm,com_chien_duong_chau
nấu bò hành được gì,bo_xao_hanh
có mì tôm mực thì nấu gì hấp,mi_xao_hai_san
tôi có phở bò,pho_bo
tôi muốn nấu bò cà rốt khoai,bo_kho
nấu rau được gì,canh_rau
trứng bánh mì nhanh,banh_mi_op_la
có trứng thì nấu gì,trung_op_la
có cơm trứng rau thì nấu gì luộc,com_tron
có sườn thì nấu gì,suon_nuong
mình có thịt trứng chiên,thit_kho_trung
thịt ngon nướng,thit_nuong
làm món từ bò bún,bun_bo
trứng cà chua kho,canh_trung_ca_chua
nấu bò bún được gì kho,bun_bo
làm món từ trứng đơn giản chiên,trung_chien
nguyên liệu: rau trứng cơm,com_tron
nguyên liệu: gà cà rốt xào,sup_ga
ăn với rau gà đơn giản kho,lau_ga
làm món từ bánh mì trứng luộc,banh_mi_op_la
có bánh mì trứng thì nấu gì,banh_mi_trung
mình có tôm mực cơm,com_chien_hai_san
làm món từ gà,canh_ga
món ăn từ bò phở,pho_bo
làm món từ bánh mì thịt gia đình,banh_mi_thit
nguyên liệu: trứng cà chua nướng,canh_trung_ca_chua
làm món từ mì,mi_goi
tôi muốn nấu bò mì,mi_xao_bo
tôi có tôm mực mì nướng,mi_xao_hai_san
làm món từ cơm tôm mực,com_chien_hai_san
nguyên liệu: trứng mì đơn giản chiên,mi_xao_trung
có cá thì nấu gì,ca_chien
ăn với cà chua trứng,trung_chien_ca_chua
mình có trứng cà chua xào,trung_chien_ca_chua
nguyên liệu: bò phở đơn giản chiên,pho_bo
làm món từ trứng hành kho,trung_xao_hanh
nấu bún bò được gì,bun_bo
có thịt đơn giản thì nấu gì chiên,thit_nuong
tôi muốn nấu trứng nhanh,trung_op_la
làm món từ cà rốt gà,sup_ga
bánh mì thịt ngon,banh_mi_thit
tôi muốn nấu gà,ga_nuong
mình có thịt trứng xào,thit_kho_trung
mình có thịt trứng luộc,trung_xao_thit
nấu cá được gì,ca_kho
làm món từ bò bún nhanh xào,bun_bo
nấu thịt trứng được gì,trung_xao_thit
làm món từ trứng cà chua ngon,trung_chien_ca_chua
mình có gà,canh_ga
tôi muốn nấu rau thịt xào,thit_xao_rau
món ăn từ tôm cơm mực,com_chien_hai_san
làm món từ rau chiên,canh_rau
ăn với bún bò,bun_bo
món ăn từ cà rốt gà kho,sup_ga
sườn,suon_nuong
nấu mì được gì kho,mi_goi
đậu hũ,dau_hu_chien
tôi có trứng nướng,trung_chien
món ăn từ rau,canh_rau
nấu tôm cơm mực được gì,com_chien_hai_san
nguyên liệu: trứng nhanh,trung_cuon
làm món từ gà rau,lau_ga
làm món từ gà rau,lau_ga
mình có cơm hành trứng xào,com_chien_trung
tôi có cà chua trứng nướng,canh_trung_ca_chua
cà chua trứng,trung_chien_ca_chua
ăn với thịt,thit_nuong
tôi có mì,mi_goi
tôi có gà rau xào,lau_ga
sườn,suon_nuong
món ăn từ sườn cơm ngon trộn,com_tam
nguyên liệu: sườn,suon_nuong
làm món từ rau thịt chiên,thit_xao_rau
món ăn từ gà rau ngon chiên,lau_ga
nấu trứng được gì,trung_cuon
làm món từ thịt,thit_nuong
tôi muốn nấu trứng bánh mì đơn giản luộc,banh_mi_trung
tôi muốn nấu thịt trứng hấp,trung_xao_thit
làm món từ trứng bánh mì đơn giản,banh_mi_op_la
nấu gà được gì,ga_nuong
mình có mì bò,mi_xao_bo
nấu trứng rau cơm được gì,com_tron
nguyên liệu: cơm tôm mực ngon,com_chien_hai_san
làm món từ trứng,trung_luoc
làm món từ bò hành kho,bo_xao_hanh
mình có tôm mực cơm luộc,com_chien_hai_san
tôi muốn nấu sườn,suon_nuong
ăn với trứng thịt xào,trung_xao_thit
mình có đậu trứng xúc xích cơm xào,com_chien_duong_chau
tôi muốn nấu gà cơm chiên,com_ga
có bún bò thì nấu gì xào,bun_bo
mình có mì gia đình luộc,mi_goi
có cơm trứng xúc xích đậu thì nấu gì chiên,com_chien_duong_chau
nấu trứng được gì,trung_op_la
có gà cà rốt thì nấu gì nướng,sup_ga
tôi có gà,ga_nuong
nấu cá được gì,ca_chien
mình có tôm tỏi kho,tom_xao_toi
sườn,suon_nuong
có rau thịt thì nấu gì,thit_xao_rau
trứng,trung_chien
tôi có gà,ga_chien
bò phở nhanh,pho_bo
làm món từ trứng gia đình chiên,trung_hap
tôi có trứng,trung_luoc
có gà nhanh thì nấu gì nướng,ga_nuong
tôi muốn nấu tôm tỏi nhanh,tom_xao_toi
ăn với trứng,trung_hap
tôi có cà rốt khoai bò nướng,bo_kho
món ăn từ thịt trứng chiên,thit_kho_trung
tôi có gà,canh_ga
có bánh mì trứng thì nấu gì,banh_mi_trung
tôi có rau mì kho,mi_tron
mình có rau gà,lau_ga
tôi muốn nấu thịt xào,thit_nuong
ăn với trứng thịt nhanh chiên,trung_xao_thit
rau trứng cơm hấp,com_tron
tôi muốn nấu tôm mực rau chiên,lau_thai
tôi muốn nấu phở bò,pho_bo
có mì thì nấu gì,mi_goi
gà cà rốt,sup_ga
khoai bò cà rốt,bo_kho
nấu gà gia đình được gì,ga_chien
nấu gà cơm được gì,com_ga
tỏi tôm kho,tom_xao_toi
tôi muốn nấu bún bò,bun_bo
tỏi tôm,tom_xao_toi
nấu mực tôm cơm được gì,com_chien_hai_san
món ăn từ cá nhanh,ca_kho
món ăn từ trứng hành,trung_xao_hanh
ăn với rau thịt,thit_xao_rau
có sườn ngon thì nấu gì chiên,suon_kho
mình có sườn ngon,suon_nuong
tôi muốn nấu cơm trứng hành trộn,com_chien_trung
nguyên liệu: trứng thịt,thit_kho_trung
nguyên liệu: cà chua trứng kho,trung_chien_ca_chua
tôi có hành cơm trứng,com_chien_trung
món ăn từ thịt trứng,trung_xao_thit
có tỏi rau thì nấu gì nướng,rau_xao_toi
nấu tỏi tôm được gì luộc,tom_xao_toi
gà,ga_chien
món ăn từ bò hành đơn giản,bo_xao_hanh
nấu trứng ngon được gì nướng,trung_cuon
làm món từ gà đơn giản,ga_chien
cà rốt khoai bò gia đình hấp,bo_kho
bánh mì trứng xào,banh_mi_trung
ăn với tôm mực mì,mi_xao_hai_san
làm món từ mì,mi_goi
nguyên liệu: mì tôm mực,mi_xao_hai_san
mình có trứng đậu cơm xúc xích,com_chien_duong_chau
ăn với gà,ga_chien
tôi có rau mì,mi_tron
có thịt thì nấu gì,thit_nuong
ăn với mì rau kho,mi_tron
nguyên liệu: sườn,suon_kho
món ăn từ trứng xào,trung_cuon
ăn với bánh mì trứng hấp,banh_mi_op_la
món ăn từ tôm tỏi nướng,tom_xao_toi
nguyên liệu: trứng thịt,trung_xao_thit
làm món từ trứng,trung_cuon
món ăn từ tôm cơm mực,com_chien_hai_san
ăn với sườn trộn,suon_nuong
ăn với mì,mi_goi
tôi có mì trứng nhanh,mi_xao_trung
tôi muốn nấu trứng hành cơm,com_chien_trung
tôi muốn nấu rau thịt nhanh chiên,thit_xao_rau
món ăn từ tôm mì mực,mi_xao_hai_san
có cà chua trứng thì nấu gì nướng,trung_chien_ca_chua
nấu cơm gà được gì,com_ga
nấu rau gà được gì,lau_ga
tôi muốn nấu thịt trộn,thit_nuong
gà rau chiên,lau_ga
cá ngon,ca_kho
nấu bò hành được gì,bo_xao_hanh
món ăn từ trứng cà chua nhanh hấp,trung_chien_ca_chua
nấu cơm đậu xúc xích trứng được gì chiên,com_chien_duong_chau
làm món từ gà,canh_ga
ăn với thịt trứng đơn giản chiên,thit_kho_trung
tôi có trứng đậu cơm xúc xích kho,com_chien_duong_chau
làm món từ trứng thịt,trung_xao_thit
có sườn thì nấu gì,suon_kho
tôi muốn nấu gà,ga_chien
món ăn từ tôm mực cơm luộc,com_chien_hai_san
gà nhanh chiên,canh_ga
làm món từ phở bò,pho_bo
ăn với sườn xào,suon_kho
tỏi rau đơn giản,rau_xao_toi
tôi muốn nấu cà rốt bò khoai nướng,bo_kho
làm món từ thịt trứng nhanh,trung_xao_thit
có trứng cơm rau thì nấu gì,com_tron
làm món từ trứng,trung_hap
có bò khoai cà rốt thì nấu gì,bo_kho
tôi muốn nấu rau thịt,thit_xao_rau
tôi có gà gia đình,canh_ga
làm món từ thịt trứng chiên,trung_xao_thit
nấu gà được gì nướng,canh_ga
nấu trứng được gì,trung_hap
mình có gà hấp,ga_chien
tôi có thịt trứng đơn giản kho,trung_xao_thit
làm món từ gà đơn giản,ga_chien
mình có trứng thịt,thit_kho_trung
tôi muốn nấu bún bò,bun_bo
tôi muốn nấu cá ngon chiên,ca_chien
nấu trứng cơm rau được gì nướng,com_tron
tôi muốn nấu mì tôm mực,mi_xao_hai_san
làm món từ trứng cà chua đơn giản xào,canh_trung_ca_chua
trứng cơm hành luộc,com_chien_trung
món ăn từ cà chua đậu hũ,dau_hu_sot_ca
món ăn từ tỏi tôm chiên,tom_xao_toi
nấu đậu hũ được gì,dau_hu_chien
có cơm tôm mực thì nấu gì,com_chien_hai_san
nấu sườn được gì,suon_kho
nấu trứng được gì,trung_chien
nấu cá được gì,ca_chien
bánh mì thịt nhanh xào,banh_mi_thit
ăn với gà nướng,canh_ga
gà cà rốt kho,sup_ga
nấu trứng mì đơn giản được gì nướng,mi_xao_trung
tôi muốn nấu trứng luộc,trung_chien
gà rau,lau_ga
nấu mì trứng nhanh được gì,mi_xao_trung
ăn với trứng chiên,trung_chien
nguyên liệu: rau mì luộc,mi_tron
món ăn từ trứng xào,trung_chien
gà,ga_chien
nấu trứng được gì,trung_luoc
tôi muốn nấu gà,canh_ga
tôi có cá,ca_kho
món ăn từ trứng cơm đậu xúc xích,com_chien_duong_chau
món ăn từ thịt bánh mì,banh_mi_thit
nguyên liệu: gà cơm gia đình hấp,com_ga
nấu đậu hũ được gì kho,dau_hu_chien
bún bò,bun_bo
nấu mì được gì luộc,mi_goi
tôi muốn nấu thịt đơn giản,thit_nuong
có gà thì nấu gì,ga_chien
làm món từ trứng cà chua,trung_chien_ca_chua
có mì trứng thì nấu gì luộc,mi_xao_trung
món ăn từ bánh mì trứng luộc,banh_mi_trung
làm món từ thịt trứng,trung_xao_thit
sườn cơm trộn,com_tam
tôi có cà rốt gà nướng,sup_ga
có mì bò thì nấu gì,mi_xao_bo
có trứng gia đình thì nấu gì,trung_op_la
nguyên liệu: hành trứng,trung_xao_hanh
ăn với bánh mì trứng đơn giản,banh_mi_op_la
tôi có trứng xúc xích đậu cơm,com_chien_duong_chau
làm món từ thịt bánh mì chiên,banh_mi_thit
cà chua đậu hũ,dau_hu_sot_ca
cơm tôm mực chiên,com_chien_hai_san
nguyên liệu: trứng kho,trung_chien
mình có trứng hành cơm,com_chien_trung
nguyên liệu: cá gia đình,ca_chien
làm món từ tôm mì mực ngon trộn,mi_xao_hai_san
có rau gà thì nấu gì xào,lau_ga
tôi có thịt trộn,thit_nuong
món ăn từ trứng thịt,thit_kho_trung
nấu thịt rau được gì nướng,thit_xao_rau
ăn với cá hấp,ca_kho
tôi muốn nấu hành cơm trứng kho,com_chien_trung
làm món từ bún bò luộc,bun_bo
tôi có mực tôm rau chiên,lau_thai
ăn với sườn hấp,suon_kho
nguyên liệu: cá,ca_chien
mình có bò hành kho,bo_xao_hanh
nấu phở bò được gì,pho_bo
ăn với cà chua trứng kho,trung_chien_ca_chua
mình có mì,mi_goi
ăn với mực tôm cơm nướng,com_chien_hai_san
nấu rau gà được gì luộc,lau_ga
nguyên liệu: thịt bánh mì,banh_mi_thit
nguyên liệu: sườn,suon_nuong
làm món từ sườn cơm gia đình,com_tam
nguyên liệu: hành bò,bo_xao_hanh
ăn với sườn,suon_kho
bò hành,bo_xao_hanh
tôi muốn nấu bò phở,pho_bo
mình có thịt ngon chiên,thit_nuong
tôi có gà cà rốt luộc,sup_ga
món ăn từ trứng hành luộc,trung_xao_hanh
nguyên liệu: trứng cơm rau,com_tron
rau tỏi,rau_xao_toi
làm món từ gà ngon,ga_nuong
mình có tôm tỏi,tom_xao_toi
mình có trứng,trung_op_la
món ăn từ trứng cà chua,canh_trung_ca_chua
nấu thịt trứng được gì,thit_kho_trung
nấu cơm trứng hành ngon được gì,com_chien_trung
nguyên liệu: gà rau đơn giản,lau_ga
làm món từ cà chua đậu hũ hấp,dau_hu_sot_ca
nấu mì trứng được gì,mi_xao_trung
mình có bò mì kho,mi_xao_bo
tôi có mì bò hấp,mi_xao_bo
nấu thịt rau được gì,thit_xao_rau
làm món từ hành bò kho,bo_xao_hanh
tôi có đậu trứng xúc xích cơm kho,com_chien_duong_chau
ăn với cá xào,ca_chien
có bánh mì trứng đơn giản thì nấu gì,banh_mi_op_la
bánh mì trứng,banh_mi_op_la
nấu trứng cà chua được gì nướng,canh_trung_ca_chua
tôi muốn nấu cá kho,ca_chien
làm món từ đậu hũ nhanh,dau_hu_chien
tôi có gà luộc,ga_chien
có sườn cơm thì nấu gì luộc,com_tam
nấu thịt trứng được gì,thit_kho_trung
ăn với trứng hấp,trung_hap
mực mì tôm,mi_xao_hai_san
trứng hành cơm,com_chien_trung
có rau thì nấu gì,canh_rau
trứng,trung_luoc
ăn với cơm tôm mực luộc,com_chien_hai_san
tôi muốn nấu sườn,suon_kho
có bún bò thì nấu gì,bun_bo
ăn với trứng ngon xào,trung_op_la
tôi có trứng chiên,trung_op_la
tôi có trứng đơn giản luộc,trung_op_la
món ăn từ thịt rau,thit_xao_rau
có sườn thì nấu gì,suon_kho
món ăn từ thịt bánh mì đơn giản,banh_mi_thit
có hành trứng thì nấu gì,trung_xao_hanh
tôi muốn nấu hành trứng nướng,trung_xao_hanh
tôi có bò hành,bo_xao_hanh
nấu thịt rau được gì,thit_xao_rau
nấu bò mì được gì,mi_xao_bo
tôi muốn nấu thịt,thit_nuong
mình có tỏi rau,rau_xao_toi
món ăn từ bún bò,bun_bo
có mực mì tôm thì nấu gì,mi_xao_hai_san
tôi có cà chua trứng,canh_trung_ca_chua
làm món từ trứng,trung_chien
món ăn từ thịt trứng luộc,trung_xao_thit
hành trứng chiên,trung_xao_hanh
mình có cơm trứng rau gia đình,com_tron
nguyên liệu: trứng hấp,trung_chien
ăn với trứng cơm hành ngon,com_chien_trung
làm món từ trứng thịt nướng,thit_kho_trung
ăn với gà ngon,ga_chien
tôi có hành trứng kho,trung_xao_hanh
tôi muốn nấu trứng thịt trộn,trung_xao_thit
ăn với rau trộn,canh_rau
món ăn từ gà cơm nhanh trộn,com_ga
trứng bánh mì,banh_mi_op_la
mình có trứng nướng,trung_luoc
có mì rau thì nấu gì,mi_tron
tôi muốn nấu mì đơn giản,mi_goi
tôi có tôm cơm mực nhanh trộn,com_chien_hai_san
mình có trứng kho,trung_chien
làm món từ gà,ga_chien
nguyên liệu: cơm sườn,com_tam
có xúc xích đậu trứng cơm thì nấu gì,com_chien_duong_chau
mình có tỏi rau đơn giản nướng,rau_xao_toi
nguyên liệu: tôm tỏi trộn,tom_xao_toi
nấu thịt trứng được gì,thit_kho_trung
thịt trứng nhanh chiên,trung_xao_thit
làm món từ trứng bánh mì gia đình chiên,banh_mi_trung
món ăn từ gà rau,lau_ga
tôi muốn nấu mì kho,mi_goi
mình có gà cơm trộn,com_ga
mình có trứng rau cơm,com_tron
làm món từ cá,ca_chien
trứng thịt luộc,thit_kho_trung
nấu rau tôm mực ngon được gì,lau_thai
ăn với mì rau hấp,mi_tron
cà chua trứng chiên,trung_chien_ca_chua
món ăn từ trứng,trung_hap
mình có tôm tỏi,tom_xao_toi
nguyên liệu: rau trứng cơm,com_tron
mình có rau,canh_rau
nguyên liệu: trứng ngon kho,trung_luoc
nấu trứng cà chua đơn giản được gì,trung_chien_ca_chua
nấu trứng hành được gì,trung_xao_hanh
tôi muốn nấu sườn,suon_nuong
tôi có rau tỏi nướng,rau_xao_toi
mình có mì trứng,mi_xao_trung
nguyên liệu: gà rau,lau_ga
nguyên liệu: trứng,trung_cuon
nấu trứng gia đình được gì,trung_chien
nguyên liệu: cá gia đình,ca_chien
món ăn từ cà chua đậu hũ,dau_hu_sot_ca
hành bò luộc,bo_xao_hanh
nấu cơm tôm mực được gì,com_chien_hai_san
tôi muốn nấu sườn nhanh,suon_nuong
có cà rốt gà thì nấu gì nướng,sup_ga
nguyên liệu: trứng thịt,thit_kho_trung
tôi có gà hấp,ga_chien
ăn với cà chua trứng xào,trung_chien_ca_chua
làm món từ cơm sườn trộn,com_tam
mình có trứng xào,trung_op_la
có cơm mực tôm thì nấu gì,com_chien_hai_san
ăn với trứng nướng,trung_hap
ăn với hành bò,bo_xao_hanh
tôi có rau mì,mi_tron
có tôm mực mì thì nấu gì trộn,mi_xao_hai_san
làm món từ mì bò,mi_xao_bo
làm món từ bún bò,bun_bo
nấu gà được gì nướng,canh_ga
mình có mì rau kho,mi_tron
ăn với mì ngon,mi_goi
có sườn thì nấu gì,suon_nuong
ăn với cà rốt khoai bò,bo_kho
có thịt rau thì nấu gì xào,thit_xao_rau
làm món từ bánh mì thịt chiên,banh_mi_thit
bò phở,pho_bo
có tôm mực cơm thì nấu gì xào,com_chien_hai_san
tôi muốn nấu cà rốt bò khoai hấp,bo_kho
nấu mì trứng nhanh được gì,mi_xao_trung
cà rốt khoai bò,bo_kho
gà rau kho,lau_ga
tôi muốn nấu trứng bánh mì,banh_mi_trung
nguyên liệu: bò phở trộn,pho_bo
món ăn từ trứng thịt ngon trộn,thit_kho_trung
món ăn từ cơm mực tôm chiên,com_chien_hai_san
món ăn từ mì rau luộc,mi_tron
món ăn từ mì nhanh chiên,mi_goi
nấu sườn gia đình được gì trộn,suon_kho
mình có gà nướng,canh_ga
tôi muốn nấu cơm trứng hành,com_chien_trung
tôi muốn nấu thịt trứng gia đình,trung_xao_thit
bánh mì trứng,banh_mi_trung
món ăn từ sườn hấp,suon_kho
mình có thịt trứng nướng,trung_xao_thit
làm món từ gà cơm gia đình,com_ga
có sườn cơm thì nấu gì,com_tam
có cơm sườn thì nấu gì,com_tam
tôi có rau gà chiên,lau_ga
món ăn từ trứng hấp,trung_luoc
tôi muốn nấu bún bò,bun_bo
món ăn từ rau mì,mi_tron
nấu thịt trứng được gì,trung_xao_thit
tôi có bò khoai cà rốt nướng,bo_kho
có mì trứng thì nấu gì luộc,mi_xao_trung
tôi có cơm gà,com_ga
ăn với trứng hành đơn giản hấp,trung_xao_hanh
làm món từ bò hành chiên,bo_xao_hanh
làm món từ trứng bánh mì gia đình xào,banh_mi_op_la
mình có rau,canh_rau
sườn,suon_nuong
mình có gà chiên,ga_nuong
có trứng bánh mì thì nấu gì,banh_mi_trung
có gà rau thì nấu gì,lau_ga
mình có đậu hũ cà chua đơn giản,dau_hu_sot_ca
tôi có mì rau đơn giản trộn,mi_tron
tôi có phở bò nướng,pho_bo
tôi muốn nấu rau mì,mi_tron
món ăn từ cà rốt gà,sup_ga
mình có trứng hành kho,trung_xao_hanh
nấu cơm mực tôm được gì nướng,com_chien_hai_san
làm món từ sườn nướng,suon_nuong
tôi có cà chua trứng xào,canh_trung_ca_chua
cà chua trứng chiên,trung_chien_ca_chua
tôi có rau,canh_rau
ăn với trứng bánh mì kho,banh_mi_op_la
tôi muốn nấu rau tỏi,rau_xao_toi
tôi có trứng luộc,trung_op_la
tôm rau mực,lau_thai
ăn với đậu hũ cà chua hấp,dau_hu_sot_ca
tôi có trứng,trung_hap
mình có rau cơm trứng,com_tron
tôi muốn nấu mì trứng nhanh,mi_xao_trung
nấu trứng cà chua được gì trộn,canh_trung_ca_chua
rau trứng cơm chiên,com_tron
ăn với mì bò nướng,mi_xao_bo
nguyên liệu: trứng cà chua luộc,canh_trung_ca_chua
ăn với khoai bò cà rốt,bo_kho
làm món từ trứng thịt hấp,thit_kho_trung
có cá thì nấu gì nướng,ca_chien
tôi muốn nấu trứng chiên,trung_hap
tôi có cá,ca_chien
làm món từ bánh mì trứng xào,banh_mi_trung
có rau gà ngon thì nấu gì,lau_ga
ăn với gà,ga_chien
mình có hành trứng,trung_xao_hanh
ăn với rau mì,mi_tron
ăn với gà cà rốt,sup_ga
bún bò kho,bun_bo
nấu trứng hành được gì,trung_xao_hanh
tôm tỏi,tom_xao_toi
có khoai bò cà rốt thì nấu gì chiên,bo_kho
mình có sườn chiên,suon_nuong
tôi có gà kho,canh_ga
tôi muốn nấu bò bún nhanh,bun_bo
tôi muốn nấu rau tỏi đơn giản hấp,rau_xao_toi
làm món từ rau mì,mi_tron
có tỏi rau thì nấu gì xào,rau_xao_toi
nguyên liệu: mì đơn giản,mi_goi
làm món từ cơm gà gia đình,com_ga
nấu hành trứng được gì,trung_xao_hanh
ăn với cà chua trứng nướng,trung_chien_ca_chua
tôi muốn nấu trứng cà chua,trung_chien_ca_chua
tôi muốn nấu gà nhanh,ga_chien
ăn với trứng gia đình,trung_luoc
ăn với trứng,trung_cuon
nấu thịt trứng được gì,trung_xao_thit
làm món từ trứng hành kho,trung_xao_hanh
nấu trứng bánh mì đơn giản được gì,banh_mi_op_la
nguyên liệu: rau tôm mực,lau_thai
mình có rau mì chiên,mi_tron
tôi có trứng,trung_hap
có rau thịt thì nấu gì,thit_xao_rau
nguyên liệu: trứng nhanh chiên,trung_cuon
tôi muốn nấu bún bò luộc,bun_bo
nấu cơm gà được gì,com_ga
gà,canh_ga
làm món từ mì bò nhanh luộc,mi_xao_bo
làm món từ trứng,trung_cuon
món ăn từ gà chiên,canh_ga
nguyên liệu: gà chiên,canh_ga
món ăn từ đậu hũ,dau_hu_chien
món ăn từ rau gà đơn giản kho,lau_ga
làm món từ thịt trứng nướng,trung_xao_thit
món ăn từ mì bò hấp,mi_xao_bo
trứng,trung_cuon
làm món từ rau trứng cơm,com_tron
ăn với khoai cà rốt bò,bo_kho
nguyên liệu: gà,ga_chien
có trứng thì nấu gì xào,trung_op_la
món ăn từ mực tôm cơm trộn,com_chien_hai_san
cơm sườn trộn,com_tam
tôi muốn nấu đậu hũ cà chua chiên,dau_hu_sot_ca
nấu trứng được gì,trung_hap
nấu đậu hũ nhanh được gì luộc,dau_hu_chien
thịt kho,thit_nuong
trứng,trung_luoc
tôi muốn nấu tỏi rau xào,rau_xao_toi
ăn với phở bò,pho_bo
nấu khoai cà rốt bò gia đình được gì hấp,bo_kho
nấu hành bò được gì,bo_xao_hanh
làm món từ cà chua trứng hấp,trung_chien_ca_chua
món ăn từ tôm tỏi gia đình,tom_xao_toi
mì bò chiên,mi_xao_bo
nấu sườn được gì luộc,suon_nuong
cơm trứng rau chiên,com_tron
thịt chiên,thit_nuong
nguyên liệu: cà rốt gà luộc,sup_ga
tôi muốn nấu bò cà rốt khoai ngon kho,bo_kho
nguyên liệu: trứng,trung_hap
làm món từ cà rốt bò khoai ngon hấp,bo_kho
tôi có bánh mì thịt,banh_mi_thit
ăn với trứng xúc xích đậu cơm,com_chien_duong_chau
mình có cá,ca_kho
tôi có trứng,trung_op_la
ăn với trứng nướng,trung_luoc
có rau thịt thì nấu gì,thit_xao_rau
nấu gà ngon được gì hấp,canh_ga
nguyên liệu: cơm sườn luộc,com_tam
tôi có bò hành,bo_xao_hanh
món ăn từ mì chiên,mi_goi
có trứng bánh mì thì nấu gì xào,banh_mi_op_la
mình có cơm sườn,com_tam
nấu mực tôm cơm được gì,com_chien_hai_san
có cơm sườn thì nấu gì,com_tam
có mực tôm cơm thì nấu gì hấp,com_chien_hai_san
rau nhanh kho,canh_rau
tôi có rau gia đình,canh_rau
có gà thì nấu gì nướng,ga_nuong
có trứng rau cơm nhanh thì nấu gì,com_tron
tôi muốn nấu phở bò,pho_bo
món ăn từ bò hành,bo_xao_hanh
mình có mì,mi_goi
mình có mì trứng kho,mi_xao_trung
nguyên liệu: gà rau luộc,lau_ga
làm món từ phở bò,pho_bo
ăn với rau nướng,canh_rau
ăn với trứng luộc,trung_hap
tôi có cà chua đậu hũ,dau_hu_sot_ca
món ăn từ bò mì gia đình,mi_xao_bo
trứng gia đình,trung_cuon
có trứng rau cơm thì nấu gì,com_tron
có trứng thì nấu gì,trung_cuon
tôi có rau tỏi,rau_xao_toi
ăn với mì mực tôm,mi_xao_hai_san
mình có rau tỏi,rau_xao_toi
tôi muốn nấu mì,mi_goi
nguyên liệu: gà,ga_nuong
nấu trứng thịt được gì,thit_kho_trung
sườn cơm nhanh,com_tam
tôi có thịt rau,thit_xao_rau
tôi muốn nấu trứng xào,trung_hap
tôi có mì mực tôm,mi_xao_hai_san
món ăn từ trứng gia đình nướng,trung_hap
tôi muốn nấu tôm mực cơm xào,com_chien_hai_san
mình có bò cà rốt khoai đơn giản,bo_kho
làm món từ bánh mì trứng,banh_mi_trung
tôi muốn nấu cà chua trứng hấp,trung_chien_ca_chua
ăn với gà,canh_ga
nguyên liệu: trứng mì nhanh,mi_xao_trung
món ăn từ rau mì gia đình,mi_tron
làm món từ cơm mực tôm,com_chien_hai_san
mình có bánh mì trứng,banh_mi_op_la
nguyên liệu: cơm tôm mực hấp,com_chien_hai_san
tôi muốn nấu rau trứng cơm luộc,com_tron
nguyên liệu: trứng cơm rau,com_tron
mình có gà rau ngon,lau_ga
có cá thì nấu gì,ca_kho
tôi có bò phở,pho_bo
có bò bún đơn giản thì nấu gì,bun_bo
tôi có đậu hũ chiên,dau_hu_chien
nấu cơm sườn được gì,com_tam
có cơm sườn ngon thì nấu gì nướng,com_tam
mình có cà rốt gà xào,sup_ga
món ăn từ trứng bánh mì luộc,banh_mi_op_la
nấu rau tỏi được gì,rau_xao_toi
món ăn từ mực rau tôm,lau_thai
món ăn từ thịt,thit_nuong
tôi có gà cơm xào,com_ga
nguyên liệu: mực tôm cơm xào,com_chien_hai_san
nấu cá được gì,ca_kho
ăn với thịt,thit_nuong
mình có bò hành xào,bo_xao_hanh
món ăn từ hành trứng cơm,com_chien_trung
nấu gà gia đình được gì,ga_nuong
nấu bánh mì trứng được gì,banh_mi_op_la
cá,ca_chien
có rau mì thì nấu gì,mi_tron
tôi có mực tôm rau nhanh,lau_thai
món ăn từ sườn xào,suon_nuong
làm món từ thịt đơn giản hấp,thit_nuong
tôi muốn nấu trứng đậu xúc xích cơm đơn giản,com_chien_duong_chau
tôi có xúc xích cơm đậu trứng hấp,com_chien_duong_chau
tôi muốn nấu tôm cơm mực,com_chien_hai_san
làm món từ trứng,trung_hap
làm món từ trứng gia đình,trung_luoc
ăn với trứng kho,trung_chien
mình có cà chua trứng nướng,canh_trung_ca_chua
nấu tôm mực rau được gì luộc,lau_thai
món ăn từ trứng rau cơm,com_tron
nguyên liệu: bò phở gia đình,pho_bo
làm món từ sườn,suon_kho
trứng,trung_luoc
món ăn từ gà,canh_ga
trứng bánh mì,banh_mi_op_la
có gà thì nấu gì,canh_ga
tôi có cà rốt gà,sup_ga
nguyên liệu: rau mì,mi_tron
món ăn từ tôm rau mực,lau_thai
nguyên liệu: mì rau nhanh,mi_tron
ăn với tỏi rau,rau_xao_toi
tôi muốn nấu cà chua trứng,canh_trung_ca_chua
nguyên liệu: mực cơm tôm,com_chien_hai_san
mình có gà,ga_nuong
ăn với thịt trứng xào,trung_xao_thit
sườn kho,suon_nuong
nấu thịt ngon được gì kho,thit_nuong
nấu trứng được gì luộc,trung_op_la
làm món từ cá,ca_chien
đậu hũ cà chua,dau_hu_sot_ca
nấu đậu hũ cà chua được gì,dau_hu_sot_ca
nguyên liệu: sườn,suon_kho
ăn với trứng hành,trung_xao_hanh
làm món từ rau thịt hấp,thit_xao_rau
làm món từ sườn cơm,com_tam
có trứng thì nấu gì,trung_cuon
nấu trứng ngon được gì,trung_hap
nguyên liệu: mực tôm cơm trộn,com_chien_hai_san
nguyên liệu: tôm mì mực nhanh hấp,mi_xao_hai_san
có mì trứng thì nấu gì kho,mi_xao_trung
nguyên liệu: trứng cà chua,canh_trung_ca_chua
nguyên liệu: thịt bánh mì ngon hấp,banh_mi_thit
có bò mì thì nấu gì kho,mi_xao_bo
mình có bún bò,bun_bo
có cá thì nấu gì,ca_chien
ăn với cà chua đậu hũ kho,dau_hu_sot_ca
có rau cơm trứng thì nấu gì,com_tron
nấu trứng được gì,trung_chien
có cơm gà thì nấu gì,com_ga
nấu thịt trứng được gì kho,thit_kho_trung
món ăn từ rau gà trộn,lau_ga
tôi có thịt bánh mì,banh_mi_thit
nấu sườn được gì,suon_kho
làm món từ gà gia đình,canh_ga
rau tỏi,rau_xao_toi
làm món từ gà,ga_chien
ăn với trứng,trung_chien
ăn với trứng luộc,trung_chien
bánh mì trứng hấp,banh_mi_trung
mình có bánh mì trứng,banh_mi_trung
làm món từ trứng bánh mì nướng,banh_mi_op_la
ăn với tôm mực cơm,com_chien_hai_san
mình có cà rốt gà,sup_ga
mình có trứng,trung_cuon
mình có sườn gia đình nướng,suon_nuong
có rau tỏi thì nấu gì,rau_xao_toi
nguyên liệu: bò bún luộc,bun_bo
tôi muốn nấu thịt bánh mì,banh_mi_thit
làm món từ trứng,trung_luoc
mình có mì rau trộn,mi_tron
ăn với sườn,suon_nuong
nấu gà cơm được gì,com_ga
làm món từ cá,ca_kho
món ăn từ cá nướng,ca_chien
gà rau kho,lau_ga
mình có rau thịt,thit_xao_rau
món ăn từ mực mì tôm nướng,mi_xao_hai_san
món ăn từ rau đơn giản,canh_rau
nấu thịt bánh mì được gì hấp,banh_mi_thit
ăn với rau mì,mi_tron
món ăn từ đậu hũ,dau_hu_chien
có cà rốt khoai bò thì nấu gì,bo_kho
tôi muốn nấu thịt bánh mì,banh_mi_thit
món ăn từ đậu hũ cà chua,dau_hu_sot_ca
nguyên liệu: cá,ca_kho
nấu mì gia đình được gì,mi_goi
món ăn từ rau tôm mực hấp,lau_thai
sườn hấp,suon_kho
tôi muốn nấu rau chiên,canh_rau
gà,ga_chien
có trứng thì nấu gì,trung_chien
nấu bò phở được gì,pho_bo
nguyên liệu: trứng cà chua chiên,canh_trung_ca_chua
nguyên liệu: trứng xúc xích cơm đậu,com_chien_duong_chau
ăn với trứng thịt đơn giản luộc,thit_kho_trung
tôi có cơm trứng xúc xích đậu gia đình,com_chien_duong_chau
ăn với tỏi tôm hấp,tom_xao_toi
làm món từ gà rau trộn,lau_ga
mình có cà chua trứng gia đình,canh_trung_ca_chua
có mì thì nấu gì nướng,mi_goi
tôi có gà nhanh hấp,canh_ga
ăn với trứng kho,trung_cuon
cơm sườn,com_tam
món ăn từ thịt,thit_nuong
có trứng thì nấu gì,trung_luoc
có rau mì thì nấu gì,mi_tron
có rau gà thì nấu gì luộc,lau_ga
tôi muốn nấu cá trộn,ca_kho
ăn với trứng,trung_hap
món ăn từ rau gà xào,lau_ga
ăn với gà nhanh,canh_ga
ăn với trứng chiên,trung_chien
làm món từ gà,ga_nuong
tôi có trứng luộc,trung_cuon
ăn với trứng,trung_luoc
làm món từ gà ngon,ga_nuong
tôi có trứng hấp,trung_op_la
có rau mực tôm ngon thì nấu gì,lau_thai
món ăn từ tôm tỏi,tom_xao_toi
rau trộn,canh_rau
nấu rau gà được gì,lau_ga
làm món từ trứng hành,trung_xao_hanh
làm món từ rau gà nhanh luộc,lau_ga
tôi có thịt,thit_nuong
có cá đơn giản thì nấu gì nướng,ca_chien
ăn với rau thịt,thit_xao_rau
mình có bò phở luộc,pho_bo
nấu tỏi rau ngon được gì trộn,rau_xao_toi
tôi có thịt rau nhanh,thit_xao_rau
nấu sườn được gì trộn,suon_nuong
bò khoai cà rốt trộn,bo_kho
món ăn từ xúc xích trứng đậu cơm nhanh,com_chien_duong_chau
món ăn từ trứng,trung_chien
tôi muốn nấu trứng,trung_cuon
rau gà,lau_ga
nguyên liệu: trứng xúc xích đậu cơm,com_chien_duong_chau
làm món từ thịt nhanh,thit_nuong
tôi có mì rau chiên,mi_tron
có cơm sườn thì nấu gì trộn,com_tam
món ăn từ cá nướng,ca_chien
làm món từ tôm mực mì,mi_xao_hai_san
nguyên liệu: rau,canh_rau
nấu bò bún nhanh được gì trộn,bun_bo
trứng,trung_chien
cá,ca_kho
món ăn từ hành bò xào,bo_xao_hanh
mình có sườn,suon_nuong
tôi có sườn cơm nướng,com_tam
mình có cơm sườn nhanh,com_tam
tôi có trứng mì,mi_xao_trung
làm món từ gà cơm,com_ga
nấu rau mì đơn giản được gì,mi_tron
nấu mì được gì,mi_goi
nấu bún bò được gì,bun_bo
làm món từ trứng hành cơm,com_chien_trung
làm món từ trứng hành cơm chiên,com_chien_trung
tôm mực rau trộn,lau_thai
có sườn thì nấu gì,suon_nuong
ăn với thịt rau,thit_xao_rau
tôi muốn nấu bánh mì thịt chiên,banh_mi_thit
tôi có mì bò luộc,mi_xao_bo
gà cơm trộn,com_ga
có sườn thì nấu gì,suon_nuong
có trứng hành thì nấu gì,trung_xao_hanh
tôi có cơm sườn ngon luộc,com_tam
ăn với rau xào,canh_rau
nguyên liệu: tỏi tôm nhanh chiên,tom_xao_toi
mình có trứng,trung_chien
tôi muốn nấu thịt,thit_nuong
trứng hành,trung_xao_hanh
nguyên liệu: sườn luộc,suon_nuong
tôi muốn nấu tỏi tôm,tom_xao_toi
nấu trứng mì nhanh được gì xào,mi_xao_trung
trứng thịt,thit_kho_trung
nguyên liệu: cà chua trứng,trung_chien_ca_chua
tôi có trứng,trung_hap
mình có gà trộn,ga_chien
có tôm tỏi thì nấu gì,tom_xao_toi
tôi muốn nấu trứng cà chua,trung_chien_ca_chua
làm món từ bánh mì trứng,banh_mi_trung
mình có thịt đơn giản,thit_nuong
có thịt trứng thì nấu gì,thit_kho_trung
ăn với sườn cơm chiên,com_tam
làm món từ bún bò hấp,bun_bo
tôi có đậu hũ cà chua trộn,dau_hu_sot_ca
ăn với rau thịt hấp,thit_xao_rau
làm món từ mì,mi_goi
nấu cá được gì,ca_kho
món ăn từ rau,canh_rau
mình có trứng cà chua,trung_chien_ca_chua
mình có mì rau,mi_tron
tôi có thịt,thit_nuong
làm món từ gà ngon chiên,ga_nuong
cá,ca_chien
làm món từ cà rốt bò khoai,bo_kho
ăn với đậu hũ,dau_hu_chien
nguyên liệu: trứng,trung_cuon
mình có trứng hành,trung_xao_hanh
nấu bò phở được gì trộn,pho_bo
nguyên liệu: mì trộn,mi_goi
làm món từ cơm hành trứng,com_chien_trung
nấu thịt được gì hấp,thit_nuong
món ăn từ đậu hũ cà chua ngon chiên,dau_hu_sot_ca
tôi muốn nấu thịt bánh mì,banh_mi_thit
món ăn từ mực tôm cơm,com_chien_hai_san
món ăn từ sườn cơm gia đình,com_tam
tôi muốn nấu trứng mì luộc,mi_xao_trung
trứng trộn,trung_op_la
nấu cà rốt khoai bò được gì,bo_kho
nấu trứng ngon được gì chiên,trung_op_la
có trứng cà chua thì nấu gì,trung_chien_ca_chua
nấu bò mì ngon được gì luộc,mi_xao_bo
ăn với cá nhanh,ca_chien
tôi có gà chiên,ga_nuong
ăn với mì trứng chiên,mi_xao_trung
tôi có thịt,thit_nuong
tôm mực rau trộn,lau_thai
mình có rau thịt luộc,thit_xao_rau
nguyên liệu: xúc xích đậu cơm trứng chiên,com_chien_duong_chau
có sườn cơm đơn giản thì nấu gì hấp,com_tam
tôi có cá chiên,ca_kho
món ăn từ cá,ca_chien
tôi có bánh mì trứng xào,banh_mi_trung
nguyên liệu: tỏi tôm luộc,tom_xao_toi
nguyên liệu: trứng cơm rau đơn giản xào,com_tron
có đậu hũ thì nấu gì,dau_hu_chien
mình có sườn cơm luộc,com_tam
ăn với sườn cơm luộc,com_tam
khoai bò cà rốt nướng,bo_kho
có trứng thì nấu gì,trung_hap
nguyên liệu: đậu hũ nướng,dau_hu_chien
món ăn từ trứng,trung_hap
có thịt trứng ngon thì nấu gì,thit_kho_trung
tôi muốn nấu trứng mì,mi_xao_trung
làm món từ cà chua trứng kho,trung_chien_ca_chua
tôi có trứng,trung_luoc
có sườn thì nấu gì,suon_kho
có gà thì nấu gì chiên,ga_chien
món ăn từ cơm tôm mực,com_chien_hai_san
tôi có trứng cà chua trộn,trung_chien_ca_chua
nguyên liệu: trứng cà chua xào,canh_trung_ca_chua
nguyên liệu: mì trứng,mi_xao_trung
nấu trứng gia đình được gì,trung_hap
mình có thịt trứng,trung_xao_thit
tôi có bún bò trộn,bun_bo
nguyên liệu: thịt xào,thit_nuong
mình có gà cà rốt,sup_ga
phở bò hấp,pho_bo
nguyên liệu: bò mì,mi_xao_bo
mình có mì trứng nhanh,mi_xao_trung
làm món từ đậu hũ nướng,dau_hu_chien
hành trứng cơm gia đình,com_chien_trung
ăn với mì ngon,mi_goi
làm món từ cơm tôm mực gia đình,com_chien_hai_san
làm món từ cá đơn giản chiên,ca_chien
nấu cá được gì,ca_chien
làm món từ hành bò,bo_xao_hanh
món ăn từ bánh mì thịt xào,banh_mi_thit
có sườn gia đình thì nấu gì luộc,suon_nuong
có trứng cà chua thì nấu gì,canh_trung_ca_chua
mình có trứng,trung_chien
nguyên liệu: thịt rau xào,thit_xao_rau
món ăn từ bò hành trộn,bo_xao_hanh
mình có bò bún đơn giản,bun_bo
nguyên liệu: trứng kho,trung_chien
mình có trứng,trung_cuon
làm món từ thịt rau,thit_xao_rau
làm món từ thịt bánh mì xào,banh_mi_thit
sườn kho,suon_kho
tôi muốn nấu trứng cà chua luộc,canh_trung_ca_chua
mình có cơm gà,com_ga
ăn với mì bò,mi_xao_bo
tôi muốn nấu rau gà,lau_ga
mình có rau mì trộn,mi_tron
cá nướng,ca_chien
ăn với trứng hành,trung_xao_hanh
nguyên liệu: sườn,suon_nuong
tôi có khoai bò cà rốt nhanh,bo_kho
nguyên liệu: mì,mi_goi
nguyên liệu: gà rau nhanh luộc,lau_ga
nguyên liệu: phở bò xào,pho_bo
nguyên liệu: cà chua đậu hũ gia đình,dau_hu_sot_ca
hành trứng,trung_xao_hanh
món ăn từ trứng thịt nướng,trung_xao_thit
tôi có rau trứng cơm trộn,com_tron
trứng,trung_hap
tôi muốn nấu cơm gà chiên,com_ga
mình có gà rau luộc,lau_ga
món ăn từ trứng bánh mì ngon,banh_mi_trung
mì tôm mực gia đình hấp,mi_xao_hai_san
mực rau tôm ngon,lau_thai
nguyên liệu: gà,canh_ga
làm món từ cơm gà kho,com_ga
có tỏi tôm nhanh thì nấu gì,tom_xao_toi
ăn với gà cơm ngon hấp,com_ga
tôi muốn nấu đậu hũ hấp,dau_hu_chien
nấu trứng thịt được gì,thit_kho_trung
có trứng thì nấu gì,trung_luoc
nấu thịt trứng ngon được gì,trung_xao_thit
cá,ca_chien
mình có bò cà rốt khoai,bo_kho
nấu mì tôm mực gia đình được gì,mi_xao_hai_san
tôi muốn nấu gà,canh_ga
mình có trứng,trung_hap
làm món từ bánh mì trứng đơn giản,banh_mi_op_la
có bò bún gia đình thì nấu gì,bun_bo
có hành trứng đơn giản thì nấu gì nướng,trung_xao_hanh
nguyên liệu: sườn hấp,suon_nuong
làm món từ trứng thịt,trung_xao_thit
làm món từ gà cơm nhanh xào,com_ga
gà rau,lau_ga
ăn với trứng cơm hành hấp,com_chien_trung
nấu rau được gì xào,canh_rau
mình có trứng,trung_cuon
mình có trứng thịt,thit_kho_trung
món ăn từ cà chua đậu hũ ngon,dau_hu_sot_ca
món ăn từ đậu xúc xích cơm trứng kho,com_chien_duong_chau
nguyên liệu: gà đơn giản chiên,ga_nuong
nguyên liệu: rau tỏi kho,rau_xao_toi
nấu gà được gì luộc,ga_chien
nguyên liệu: thịt trứng gia đình,trung_xao_thit
nấu thịt bánh mì nhanh được gì kho,banh_mi_thit
tôi muốn nấu bò bún gia đình,bun_bo
tôi muốn nấu phở bò,pho_bo
món ăn từ trứng bánh mì nhanh,banh_mi_op_la
có trứng gia đình thì nấu gì,trung_hap
món ăn từ cà chua đậu hũ trộn,dau_hu_sot_ca
phở bò,pho_bo
món ăn từ thịt bánh mì,banh_mi_thit
nấu trứng hành được gì nướng,trung_xao_hanh
món ăn từ sườn,suon_nuong
tôi có bánh mì trứng hấp,banh_mi_op_la
làm món từ mực cơm tôm,com_chien_hai_san
tôi có cá chiên,ca_kho
có đậu hũ cà chua thì nấu gì,dau_hu_sot_ca
mì rau,mi_tron
có trứng ngon thì nấu gì,trung_hap
tôi muốn nấu cà chua trứng,canh_trung_ca_chua
trứng cà chua,canh_trung_ca_chua
tôi muốn nấu mì,mi_goi
mình có gà,canh_ga
có bò mì thì nấu gì kho,mi_xao_bo
nấu tôm mực rau được gì,lau_thai
món ăn từ trứng cà chua kho,canh_trung_ca_chua
mình có trứng bánh mì,banh_mi_op_la
ăn với trứng,trung_cuon
tôi có gà cơm kho,com_ga
làm món từ thịt,thit_nuong
nguyên liệu: hành bò đơn giản chiên,bo_xao_hanh
nguyên liệu: đậu hũ,dau_hu_chien
nấu mì được gì nướng,mi_goi
mình có cá,ca_kho
nguyên liệu: thịt trứng đơn giản,thit_kho_trung
nấu gà cà rốt được gì xào,sup_ga
làm món từ thịt gia đình,thit_nuong
tôi muốn nấu tôm cơm mực kho,com_chien_hai_san
có bánh mì trứng ngon thì nấu gì,banh_mi_op_la
làm món từ thịt rau trộn,thit_xao_rau
nấu rau mực tôm được gì,lau_thai
tôi muốn nấu rau gà,lau_ga
tôi muốn nấu trứng nướng,trung_luoc
mình có rau tỏi nướng,rau_xao_toi
có sườn thì nấu gì,suon_kho
tôi muốn nấu trứng thịt,thit_kho_trung
mình có mì,mi_goi
nguyên liệu: tôm tỏi,tom_xao_toi
mình có trứng hấp,trung_hap
rau gà nướng,lau_ga
nguyên liệu: tôm cơm mực gia đình,com_chien_hai_san
làm món từ bò khoai cà rốt,bo_kho
bò phở,pho_bo
mình có sườn cơm luộc,com_tam
nấu trứng được gì,trung_luoc
làm món từ trứng nướng,trung_chien
có rau mì thì nấu gì luộc,mi_tron
tôi có cơm sườn đơn giản,com_tam
nguyên liệu: gà xào,ga_chien
tôi muốn nấu cà chua đậu hũ hấp,dau_hu_sot_ca
có trứng thì nấu gì,trung_hap
món ăn từ phở bò,pho_bo
có mực tôm cơm thì nấu gì chiên,com_chien_hai_san
tôi có trứng mì xào,mi_xao_trung
nấu cà chua đậu hũ được gì,dau_hu_sot_ca
trứng kho,trung_op_la
có mì thì nấu gì hấp,mi_goi
tôi muốn nấu đậu hũ,dau_hu_chien
món ăn từ tôm cơm mực,com_chien_hai_san
tôi có sườn nhanh,suon_nuong
tôi muốn nấu trứng,trung_luoc
làm món từ bò bún hấp,bun_bo
mình có thịt trứng xào,thit_kho_trung
tôi có gà cà rốt,sup_ga
có cà chua trứng thì nấu gì,canh_trung_ca_chua
tôi muốn nấu mực tôm mì,mi_xao_hai_san
nấu cá được gì,ca_chien
tôi muốn nấu bún bò,bun_bo
làm món từ sườn nhanh hấp,suon_nuong
trứng,trung_luoc
món ăn từ gà cơm nhanh trộn,com_ga
nguyên liệu: cá,ca_kho
ăn với thịt,thit_nuong
món ăn từ trứng,trung_hap
gà nhanh chiên,ga_chien
tôi muốn nấu trứng,trung_op_la
tôi có trứng hành cơm,com_chien_trung
có trứng thì nấu gì kho,trung_op_la
mình có tỏi rau,rau_xao_toi
nấu gà cơm được gì,com_ga
tôi muốn nấu mì rau nhanh,mi_tron
nguyên liệu: trứng mì,mi_xao_trung
tôi muốn nấu thịt trứng,trung_xao_thit
món ăn từ gà đơn giản,ga_nuong
nấu thịt được gì,thit_nuong
tôi muốn nấu mì bò hấp,mi_xao_bo
trứng,trung_chien
nấu sườn được gì luộc,suon_nuong
làm món từ cơm gà,com_ga
có trứng thì nấu gì,trung_cuon
mình có mì gia đình nướng,mi_goi
trứng luộc,trung_hap
mình có gà kho,canh_ga
có cơm rau trứng gia đình thì nấu gì,com_tron
ăn với trứng cơm xúc xích đậu,com_chien_duong_chau
món ăn từ cơm sườn,com_tam
món ăn từ gà,ga_chien
tôi có trứng cà chua,trung_chien_ca_chua
ăn với trứng bánh mì,banh_mi_trung
làm món từ thịt,thit_nuong
nấu sườn ngon được gì,suon_nuong
nguyên liệu: trứng gia đình,trung_luoc
đậu hũ,dau_hu_chien
có gà cơm đơn giản thì nấu gì,com_ga
tôi muốn nấu tôm mực rau,lau_thai
có trứng thì nấu gì kho,trung_hap
món ăn từ khoai bò cà rốt,bo_kho
bò mì trộn,mi_xao_bo
tôi có đậu hũ cà chua xào,dau_hu_sot_ca
tôi có bún bò,bun_bo
tôi muốn nấu trứng,trung_chien
mình có tỏi tôm,tom_xao_toi
mình có bò phở gia đình,pho_bo
có trứng thì nấu gì,trung_cuon
nấu cá được gì,ca_kho
món ăn từ trứng đơn giản,trung_hap
nguyên liệu: trứng,trung_cuon
thịt trứng,trung_xao_thit
có đậu hũ ngon thì nấu gì chiên,dau_hu_chien
có cà chua trứng thì nấu gì nướng,canh_trung_ca_chua
mình có rau,canh_rau
món ăn từ trứng,trung_luoc
có trứng bánh mì thì nấu gì hấp,banh_mi_trung
hành trứng,trung_xao_hanh
nấu rau được gì,canh_rau
nguyên liệu: rau chiên,canh_rau
nguyên liệu: tôm cơm mực gia đình kho,com_chien_hai_san
làm món từ cá kho,ca_chien
mình có cơm tôm mực hấp,com_chien_hai_san
mình có gà gia đình,ga_nuong
tôi muốn nấu thịt rau,thit_xao_rau
nguyên liệu: cá,ca_chien
mình có tôm rau mực trộn,lau_thai
làm món từ trứng đơn giản,trung_cuon
nấu cà rốt gà được gì kho,sup_ga
món ăn từ sườn,suon_nuong
có tôm cơm mực thì nấu gì nướng,com_chien_hai_san
nấu cơm đậu trứng xúc xích được gì hấp,com_chien_duong_chau
rau,canh_rau
cà chua trứng xào,trung_chien_ca_chua
rau thịt,thit_xao_rau
tôi muốn nấu cơm trứng rau ngon,com_tron
tôi có tôm tỏi,tom_xao_toi
nguyên liệu: bò khoai cà rốt,bo_kho
ăn với trứng,trung_cuon
món ăn từ cơm hành trứng,com_chien_trung
nguyên liệu: gà đơn giản,ga_nuong
tôi muốn nấu tỏi tôm,tom_xao_toi
làm món từ gà kho,ga_chien
tôi muốn nấu gà cơm,com_ga
ăn với gà,canh_ga
ăn với rau tỏi đơn giản xào,rau_xao_toi
trứng hấp,trung_chien
tôi muốn nấu trứng trộn,trung_cuon
có rau gà thì nấu gì,lau_ga
có trứng mì thì nấu gì,mi_xao_trung
ăn với trứng cà chua hấp,trung_chien_ca_chua
ăn với thịt trộn,thit_nuong
nguyên liệu: trứng hành,trung_xao_hanh
làm món từ khoai bò cà rốt,bo_kho
làm món từ mì bò,mi_xao_bo
nấu rau được gì nướng,canh_rau
làm món từ trứng hành,trung_xao_hanh
tôi có trứng bánh mì,banh_mi_trung
làm món từ gà trộn,ga_chien
ăn với trứng kho,trung_chien
nguyên liệu: trứng,trung_chien
gà cơm luộc,com_ga
nấu trứng được gì kho,trung_luoc
nấu rau mực tôm được gì,lau_thai
mình có sườn kho,suon_nuong
làm món từ cá,ca_chien
làm món từ tôm cơm mực chiên,com_chien_hai_san
làm món từ sườn đơn giản,suon_nuong
ăn với trứng bánh mì,banh_mi_trung
ăn với cơm trứng hành,com_chien_trung
nguyên liệu: cơm rau trứng,com_tron
ăn với thịt ngon,thit_nuong
nguyên liệu: gà xào,canh_ga
ăn với trứng thịt,thit_kho_trung
cà chua trứng luộc,canh_trung_ca_chua
ăn với trứng hành,trung_xao_hanh
mình có sườn nướng,suon_nuong
nguyên liệu: gà trộn,canh_ga
sườn,suon_kho
ăn với cá,ca_kho
mình có rau cơm trứng đơn giản xào,com_tron
ăn với sườn cơm,com_tam
mình có bò bún,bun_bo
tôi muốn nấu cà chua trứng,trung_chien_ca_chua
tôi có cơm trứng rau,com_tron
nấu gà cà rốt được gì,sup_ga
có thịt trứng thì nấu gì,thit_kho_trung
tôi muốn nấu bò bún,bun_bo
làm món từ gà nướng,ga_chien
tôi có rau thịt nhanh,thit_xao_rau
tôi có bò cà rốt khoai,bo_kho
làm món từ rau trứng cơm,com_tron
nấu trứng được gì kho,trung_chien
mình có rau thịt nướng,thit_xao_rau
ăn với gà,ga_chien
tôi muốn nấu gà cơm ngon xào,com_ga
tôi muốn nấu rau mì,mi_tron
mình có bún bò gia đình,bun_bo
có rau thì nấu gì hấp,canh_rau
ăn với gà cà rốt,sup_ga
tôi có trứng cà chua luộc,canh_trung_ca_chua
nguyên liệu: cơm tôm mực,com_chien_hai_san
ăn với mì mực tôm,mi_xao_hai_san
ăn với rau thịt nướng,thit_xao_rau
nấu bò phở được gì,pho_bo
nguyên liệu: mì mực tôm,mi_xao_hai_san
có rau ngon thì nấu gì,canh_rau
nấu trứng được gì,trung_luoc
tôi muốn nấu xúc xích cơm trứng đậu chiên,com_chien_duong_chau
bún bò,bun_bo
tôi có cơm trứng hành,com_chien_trung
món ăn từ gà,canh_ga
ăn với cà chua trứng ngon kho,canh_trung_ca_chua
trứng thịt,trung_xao_thit
món ăn từ trứng hành đơn giản chiên,trung_xao_hanh
làm món từ gà cà rốt,sup_ga
mình có cà chua trứng trộn,trung_chien_ca_chua
mình có trứng rau cơm kho,com_tron
nấu sườn được gì trộn,suon_kho
nguyên liệu: thịt luộc,thit_nuong
món ăn từ tôm tỏi,tom_xao_toi
mình có bò khoai cà rốt gia đình hấp,bo_kho
mình có trứng ngon trộn,trung_op_la
ăn với trứng cơm hành luộc,com_chien_trung
tôi có thịt,thit_nuong
tôi muốn nấu trứng,trung_cuon
tôi muốn nấu trứng,trung_luoc
món ăn từ trứng,trung_chien
tôi có hành trứng,trung_xao_hanh
có tôm mì mực thì nấu gì nướng,mi_xao_hai_san
trứng luộc,trung_luoc
ăn với bò phở,pho_bo
tôi có cà rốt gà,sup_ga
tôi có tôm tỏi,tom_xao_toi
gà gia đình,ga_chien
tôi muốn nấu trứng mì,mi_xao_trung
nấu bánh mì trứng được gì,banh_mi_op_la
nguyên liệu: tôm tỏi,tom_xao_toi
mình có trứng mì,mi_xao_trung
tôi muốn nấu trứng thịt trộn,thit_kho_trung
nấu mực rau tôm nhanh được gì,lau_thai
làm món từ đậu hũ đơn giản xào,dau_hu_chien
món ăn từ rau,canh_rau
ăn với mì gia đình,mi_goi
tôi muốn nấu tỏi tôm,tom_xao_toi
món ăn từ rau tỏi nhanh chiên,rau_xao_toi
có cơm hành trứng ngon thì nấu gì hấp,com_chien_trung
nấu mực cơm tôm được gì,com_chien_hai_san
nguyên liệu: sườn,suon_kho
tôi muốn nấu gà gia đình,canh_ga
có trứng thì nấu gì,trung_luoc
nguyên liệu: trứng chiên,trung_chien
mình có gà,ga_nuong
cơm sườn hấp,com_tam
tôi muốn nấu cà chua đậu hũ trộn,dau_hu_sot_ca
mình có phở bò hấp,pho_bo
tôi muốn nấu phở bò gia đình,pho_bo
có rau thì nấu gì,canh_rau
mình có trứng,trung_chien
món ăn từ sườn,suon_nuong
tôi muốn nấu trứng cơm xúc xích đậu,com_chien_duong_chau
làm món từ khoai bò cà rốt,bo_kho
nguyên liệu: cà rốt gà đơn giản nướng,sup_ga
nấu trứng được gì trộn,trung_op_la
ăn với thịt trứng,trung_xao_thit
bò bún,bun_bo
mì rau nướng,mi_tron
tôi muốn nấu sườn cơm chiên,com_tam
tôi có cà chua đậu hũ,dau_hu_sot_ca
tôi có sườn hấp,suon_kho
món ăn từ cá đơn giản,ca_chien
tôi có tỏi rau,rau_xao_toi
làm món từ bò hành,bo_xao_hanh
làm món từ trứng rau cơm,com_tron
bò bún ngon,bun_bo
món ăn từ rau tỏi nướng,rau_xao_toi
món ăn từ cá xào,ca_chien
nguyên liệu: rau mực tôm,lau_thai
món ăn từ sườn hấp,suon_kho
tôm mực cơm,com_chien_hai_san
bò bún,bun_bo
mình có mì gia đình,mi_goi
món ăn từ trứng hấp,trung_cuon
tôi muốn nấu trứng nướng,trung_cuon
nấu thịt trứng gia đình được gì,trung_xao_thit
tôi muốn nấu trứng hấp,trung_chien
làm món từ trứng cà chua,canh_trung_ca_chua
có mì rau ngon thì nấu gì,mi_tron
làm món từ trứng,trung_op_la
nấu cơm tôm mực được gì nướng,com_chien_hai_san
làm món từ cơm xúc xích đậu trứng kho,com_chien_duong_chau
có trứng thì nấu gì,trung_op_la
làm món từ mực mì tôm gia đình trộn,mi_xao_hai_san
nấu gà được gì,ga_chien
nguyên liệu: bánh mì trứng,banh_mi_trung
ăn với thịt bánh mì ngon chiên,banh_mi_thit
tôi có gà ngon,canh_ga
có cà chua trứng thì nấu gì nướng,canh_trung_ca_chua
tôi có gà cà rốt,sup_ga
làm món từ trứng mì,mi_xao_trung
tôi muốn nấu rau luộc,canh_rau
món ăn từ cá kho,ca_kho
tôi có gà cơm nướng,com_ga
nấu trứng được gì,trung_op_la
nấu rau tỏi được gì,rau_xao_toi
tôi muốn nấu đậu hũ,dau_hu_chien
tôi có thịt,thit_nuong
món ăn từ trứng thịt,thit_kho_trung
nấu trứng được gì nướng,trung_cuon
tôi muốn nấu gà kho,canh_ga
món ăn từ cà chua đậu hũ,dau_hu_sot_ca
ăn với trứng gia đình,trung_op_la
nấu đậu hũ cà chua được gì,dau_hu_sot_ca
nấu cơm gà được gì luộc,com_ga
nguyên liệu: rau gà,lau_ga
mình có sườn cơm xào,com_tam
mình có gà đơn giản luộc,canh_ga
mình có tôm mì mực luộc,mi_xao_hai_san
tôi muốn nấu bánh mì thịt trộn,banh_mi_thit
món ăn từ bò khoai cà rốt,bo_kho
món ăn từ bò mì đơn giản,mi_xao_bo
ăn với mì mực tôm,mi_xao_hai_san
mình có bò mì nướng,mi_xao_bo
làm món từ sườn cơm,com_tam
nguyên liệu: sườn,suon_kho
món ăn từ trứng đậu cơm xúc xích luộc,com_chien_duong_chau
ăn với gà gia đình xào,canh_ga
mình có sườn,suon_nuong
nguyên liệu: mì rau đơn giản hấp,mi_tron
mình có cà chua đậu hũ ngon kho,dau_hu_sot_ca
tôi có mì rau xào,mi_tron
làm món từ trứng thịt,trung_xao_thit
rau,canh_rau
tôi có rau tỏi xào,rau_xao_toi
món ăn từ mực tôm cơm,com_chien_hai_san
nguyên liệu: gà cà rốt kho,sup_ga
món ăn từ thịt trứng xào,trung_xao_thit
ăn với trứng,trung_op_la
làm món từ gà gia đình,ga_nuong
mình có thịt trứng chiên,thit_kho_trung
tôi có cơm mực tôm xào,com_chien_hai_san
làm món từ tôm tỏi xào,tom_xao_toi
rau thịt hấp,thit_xao_rau
trứng gia đình,trung_hap
ăn với thịt trứng,trung_xao_thit
tôi có thịt chiên,thit_nuong
mình có cà chua trứng,trung_chien_ca_chua
nấu trứng được gì trộn,trung_hap
tôi muốn nấu bò mì,mi_xao_bo
gà kho,ga_chien
món ăn từ gà ngon kho,canh_ga
trứng,trung_cuon
mình có trứng xúc xích đậu cơm,com_chien_duong_chau
có sườn thì nấu gì,suon_kho
nguyên liệu: đậu xúc xích cơm trứng,com_chien_duong_chau
nấu bánh mì thịt được gì,banh_mi_thit
có thịt trứng thì nấu gì,thit_kho_trung
ăn với gà hấp,ga_nuong
mình có gà,ga_nuong
món ăn từ cà chua trứng đơn giản trộn,trung_chien_ca_chua
nấu cơm trứng hành được gì xào,com_chien_trung
làm món từ cơm hành trứng,com_chien_trung
tôi có gà,canh_ga
có thịt thì nấu gì,thit_nuong
làm món từ gà,ga_chien
ăn với cơm sườn gia đình luộc,com_tam
tôi muốn nấu trứng luộc,trung_op_la
trứng,trung_luoc
ăn với gà nướng,ga_chien
làm món từ bò phở,pho_bo
tôi muốn nấu bò mì,mi_xao_bo
có bánh mì thịt thì nấu gì,banh_mi_thit
mình có gà,canh_ga
nấu gà ngon được gì,ga_chien
có thịt trứng thì nấu gì xào,trung_xao_thit
có mì rau thì nấu gì,mi_tron
nguyên liệu: cà rốt gà xào,sup_ga
thịt trứng,thit_kho_trung
nguyên liệu: tỏi tôm ngon,tom_xao_toi
tôi muốn nấu rau thịt,thit_xao_rau
ăn với đậu hũ cà chua chiên,dau_hu_sot_ca
có bánh mì trứng thì nấu gì,banh_mi_op_la
có trứng cà chua thì nấu gì chiên,canh_trung_ca_chua
tôi muốn nấu gà gia đình,ga_chien
làm món từ rau nướng,canh_rau
có gà thì nấu gì xào,ga_nuong
ăn với rau,canh_rau
làm món từ đậu hũ cà chua gia đình hấp,dau_hu_sot_ca
mình có thịt trứng ngon,thit_kho_trung
bò phở nhanh,pho_bo
ăn với sườn,suon_nuong
tôi muốn nấu rau gà đơn giản nướng,lau_ga
nguyên liệu: trứng,trung_cuon
mình có bò hành nhanh,bo_xao_hanh
mình có mực mì tôm gia đình,mi_xao_hai_san
tôm mực cơm nhanh,com_chien_hai_san
món ăn từ tôm tỏi ngon trộn,tom_xao_toi
sườn gia đình,suon_kho
tôi có bún bò nướng,bun_bo
tôi có cơm trứng hành,com_chien_trung
nấu trứng được gì,trung_chien
tôi có trứng bánh mì,banh_mi_trung
có rau mì thì nấu gì,mi_tron
làm món từ hành bò trộn,bo_xao_hanh
làm món từ đậu hũ luộc,dau_hu_chien
tôi có bánh mì trứng,banh_mi_trung
có trứng thì nấu gì,trung_op_la
món ăn từ rau thịt,thit_xao_rau
có trứng cà chua thì nấu gì,canh_trung_ca_chua
làm món từ hành cơm trứng,com_chien_trung
bò hành nướng,bo_xao_hanh
ăn với tỏi rau nướng,rau_xao_toi
nấu trứng ngon được gì,trung_hap
làm món từ cá,ca_chien
món ăn từ trứng cà chua đơn giản nướng,canh_trung_ca_chua
có mì thì nấu gì,mi_goi
tôi muốn nấu trứng bánh mì,banh_mi_trung
ăn với bò mì,mi_xao_bo
tôi muốn nấu hành cơm trứng nhanh trộn,com_chien_trung
món ăn từ cà chua đậu hũ xào,dau_hu_sot_ca
nấu gà cơm được gì,com_ga
món ăn từ bánh mì trứng xào,banh_mi_trung
nấu đậu xúc xích trứng cơm được gì chiên,com_chien_duong_chau
ăn với thịt bánh mì,banh_mi_thit
làm món từ rau mì gia đình,mi_tron
mì rau ngon,mi_tron
ăn với tôm mực cơm nhanh,com_chien_hai_san
nguyên liệu: trứng mì xào,mi_xao_trung
món ăn từ trứng rau cơm,com_tron
ăn với cà chua đậu hũ,dau_hu_sot_ca
cơm tôm mực,com_chien_hai_san
tôi có trứng cà chua luộc,trung_chien_ca_chua
ăn với gà rau,lau_ga
có gà thì nấu gì,canh_ga
món ăn từ gà nướng,canh_ga
ăn với trứng,trung_cuon
trứng,trung_chien
ăn với cá đơn giản,ca_kho
nấu đậu hũ cà chua ngon được gì kho,dau_hu_sot_ca
nguyên liệu: mì trứng trộn,mi_xao_trung
tôi có bò hành,bo_xao_hanh
tôi muốn nấu trứng cà chua,canh_trung_ca_chua
làm món từ mì hấp,mi_goi
ăn với bò bún luộc,bun_bo
nguyên liệu: thịt bánh mì,banh_mi_thit
có cà chua trứng thì nấu gì nướng,canh_trung_ca_chua
cá,ca_kho
có mì mực tôm gia đình thì nấu gì,mi_xao_hai_san
món ăn từ trứng,trung_chien
mình có thịt bánh mì,banh_mi_thit
làm món từ trứng xào,trung_cuon
món ăn từ đậu hũ,dau_hu_chien
ăn với gà rau gia đình,lau_ga
món ăn từ gà trộn,ga_chien
có mực mì tôm thì nấu gì,mi_xao_hai_san
tôi có thịt rau,thit_xao_rau
có cơm hành trứng thì nấu gì,com_chien_trung
nguyên liệu: thịt bánh mì trộn,banh_mi_thit
mình có mì trứng kho,mi_xao_trung
mình có tôm mực cơm chiên,com_chien_hai_san
ăn với cơm gà,com_ga
có bò mì thì nấu gì xào,mi_xao_bo
nguyên liệu: trứng cơm rau,com_tron
tôi có cà rốt gà,sup_ga
ăn với cà chua đậu hũ nhanh,dau_hu_sot_ca
nguyên liệu: cà chua trứng,canh_trung_ca_chua
tôi có rau thịt ngon luộc,thit_xao_rau
nấu trứng cơm xúc xích đậu được gì,com_chien_duong_chau
ăn với hành trứng,trung_xao_hanh
nấu mì trứng được gì,mi_xao_trung
có đậu hũ thì nấu gì,dau_hu_chien
nguyên liệu: đậu cơm xúc xích trứng nhanh luộc,com_chien_duong_chau
làm món từ cá kho,ca_kho
làm món từ sườn,suon_kho
tôi có gà chiên,ga_chien
có rau trứng cơm thì nấu gì xào,com_tron
làm món từ bò bún kho,bun_bo
mình có mì bò ngon,mi_xao_bo
ăn với hành bò trộn,bo_xao_hanh
nguyên liệu: rau hấp,canh_rau
nguyên liệu: thịt rau đơn giản trộn,thit_xao_rau
nấu gà ngon được gì nướng,ga_nuong
nấu trứng thịt được gì luộc,trung_xao_thit
tôi muốn nấu bò hành ngon,bo_xao_hanh
nguyên liệu: thịt trứng trộn,thit_kho_trung
mình có bò bún,bun_bo
tôi muốn nấu thịt trứng đơn giản,trung_xao_thit
món ăn từ sườn cơm kho,com_tam
ăn với bò phở đơn giản,pho_bo
mình có cơm sườn,com_tam
tôi có trứng nướng,trung_chien
làm món từ trứng cà chua xào,canh_trung_ca_chua
làm món từ thịt trứng,trung_xao_thit
mình có phở bò trộn,pho_bo
tôi muốn nấu rau thịt nhanh trộn,thit_xao_rau
trứng,trung_hap
có gà thì nấu gì nướng,ga_chien
có mì rau thì nấu gì chiên,mi_tron
có mì rau thì nấu gì trộn,mi_tron
món ăn từ xúc xích đậu trứng cơm,com_chien_duong_chau
có tôm mì mực thì nấu gì kho,mi_xao_hai_san
tôi muốn nấu cơm sườn hấp,com_tam
món ăn từ gà rau,lau_ga
món ăn từ sườn ngon luộc,suon_nuong
mình có sườn đơn giản,suon_kho
làm món từ cà rốt gà luộc,sup_ga
tôi muốn nấu hành trứng đơn giản trộn,trung_xao_hanh
mình có thịt trứng kho,thit_kho_trung
ăn với rau đơn giản xào,canh_rau
nấu trứng cà chua được gì,canh_trung_ca_chua
tôi muốn nấu sườn cơm hấp,com_tam
ăn với gà,canh_ga
mình có đậu hũ cà chua,dau_hu_sot_ca
tỏi rau chiên,rau_xao_toi
mình có trứng,trung_op_la
tôi muốn nấu bánh mì trứng ngon,banh_mi_op_la
ăn với bò cà rốt khoai trộn,bo_kho
món ăn từ cà rốt bò khoai,bo_kho
tôi có gà,ga_chien
món ăn từ trứng cơm đậu xúc xích đơn giản,com_chien_duong_chau
tôm tỏi gia đình,tom_xao_toi
mình có sườn,suon_kho
nguyên liệu: trứng cơm rau kho,com_tron
món ăn từ đậu hũ cà chua,dau_hu_sot_ca
ăn với đậu hũ cà chua nướng,dau_hu_sot_ca
món ăn từ trứng cà chua,canh_trung_ca_chua
trứng mì nướng,mi_xao_trung
có gà đơn giản thì nấu gì kho,canh_ga
ăn với hành trứng cơm,com_chien_trung
món ăn từ mì rau,mi_tron
ăn với trứng thịt ngon kho,trung_xao_thit
bánh mì thịt ngon xào,banh_mi_thit
có thịt thì nấu gì,thit_nuong
nguyên liệu: cá,ca_chien
có trứng thịt thì nấu gì,trung_xao_thit
tôi có thịt gia đình,thit_nuong
tôi muốn nấu thịt,thit_nuong
có mì rau thì nấu gì kho,mi_tron
tôi muốn nấu trứng bánh mì kho,banh_mi_op_la
ăn với trứng cà chua ngon,trung_chien_ca_chua
nguyên liệu: bò phở nhanh,pho_bo
tôi muốn nấu rau thịt nướng,thit_xao_rau
trứng thịt kho,trung_xao_thit
mình có cơm sườn nướng,com_tam
nguyên liệu: gà,ga_chien
nguyên liệu: hành cơm trứng ngon,com_chien_trung
tôi có cá đơn giản hấp,ca_chien
làm món từ cơm mực tôm,com_chien_hai_san
có cà chua đậu hũ thì nấu gì,dau_hu_sot_ca
món ăn từ cà chua đậu hũ,dau_hu_sot_ca
làm món từ mực cơm tôm,com_chien_hai_san
nguyên liệu: thịt,thit_nuong
mình có trứng cà chua gia đình luộc,trung_chien_ca_chua
ăn với trứng mì,mi_xao_trung
tôi có gà chiên,canh_ga
làm món từ mì bò đơn giản,mi_xao_bo
tôi muốn nấu cà chua đậu hũ kho,dau_hu_sot_ca
nguyên liệu: cá,ca_kho
hành trứng nướng,trung_xao_hanh
nấu gà cơm được gì,com_ga
làm món từ bò bún,bun_bo
nguyên liệu: phở bò gia đình,pho_bo
ăn với gà hấp,canh_ga
trứng bánh mì kho,banh_mi_trung
ăn với gà hấp,ga_nuong
ăn với tôm cơm mực nhanh nướng,com_chien_hai_san
tôi muốn nấu cơm gà,com_ga
món ăn từ thịt trứng kho,thit_kho_trung
mình có thịt rau,thit_xao_rau
tôi có bánh mì trứng luộc,banh_mi_op_la
mình có cơm sườn,com_tam
làm món từ thịt trứng,thit_kho_trung
món ăn từ sườn,suon_nuong
mình có trứng,trung_op_la
ăn với cá chiên,ca_kho
tôi có trứng nướng,trung_chien
có tỏi rau thì nấu gì,rau_xao_toi
nguyên liệu: mì bò đơn giản xào,mi_xao_bo
nấu cà chua đậu hũ được gì,dau_hu_sot_ca
ăn với sườn nướng,suon_kho
mình có cơm tôm mực,com_chien_hai_san
hành trứng luộc,trung_xao_hanh
cà rốt khoai bò,bo_kho
ăn với trứng hành cơm gia đình hấp,com_chien_trung
có bò mì thì nấu gì,mi_xao_bo
có sườn thì nấu gì trộn,suon_kho
ăn với thịt,thit_nuong
tôi có đậu hũ cà chua,dau_hu_sot_ca
nguyên liệu: tôm rau mực nướng,lau_thai
nấu đậu hũ được gì,dau_hu_chien
ăn với bánh mì trứng hấp,banh_mi_op_la
tôi muốn nấu hành bò nhanh,bo_xao_hanh
ăn với trứng chiên,trung_luoc
tôi có trứng đơn giản hấp,trung_hap
cà chua trứng nhanh,canh_trung_ca_chua
có phở bò nhanh thì nấu gì,pho_bo
tôi có trứng nhanh,trung_cuon
tôi có trứng kho,trung_cuon
có cơm sườn đơn giản thì nấu gì trộn,com_tam
gà đơn giản,ga_chien
nấu gà được gì,ga_chien
có bò bún nhanh thì nấu gì,bun_bo
tôi muốn nấu mì mực tôm gia đình,mi_xao_hai_san
tôi muốn nấu gà hấp,ga_nuong
mình có trứng cà chua,trung_chien_ca_chua
tôi có cá,ca_kho
nấu bánh mì trứng nhanh được gì,banh_mi_op_la
nấu hành trứng cơm được gì trộn,com_chien_trung
ăn với rau tỏi gia đình,rau_xao_toi
làm món từ mực mì tôm hấp,mi_xao_hai_san
tôi có cơm sườn gia đình kho,com_tam
món ăn từ cà chua trứng gia đình hấp,canh_trung_ca_chua
món ăn từ cà chua trứng,trung_chien_ca_chua
ăn với rau trứng cơm chiên,com_tron
ăn với khoai bò cà rốt nhanh nướng,bo_kho
món ăn từ thịt bánh mì nướng,banh_mi_thit
mì bò nhanh,mi_xao_bo
nguyên liệu: tôm mực mì,mi_xao_hai_san
món ăn từ phở bò hấp,pho_bo
mình có trứng hành hấp,trung_xao_hanh
món ăn từ bánh mì trứng nhanh,banh_mi_trung
tôi muốn nấu cá gia đình luộc,ca_kho
làm món từ cơm sườn,com_tam
nguyên liệu: rau tôm mực trộn,lau_thai
mình có rau gà,lau_ga
bánh mì thịt,banh_mi_thit
nấu gà rau được gì,lau_ga
ăn với bánh mì trứng,banh_mi_op_la
ăn với cá gia đình xào,ca_kho
tôi muốn nấu cá gia đình xào,ca_chien
tôi có bún bò đơn giản,bun_bo
làm món từ trứng,trung_luoc
món ăn từ bún bò kho,bun_bo
thịt trứng,thit_kho_trung
tôi có thịt rau hấp,thit_xao_rau
nấu bánh mì thịt được gì kho,banh_mi_thit
tôi muốn nấu mì đơn giản xào,mi_goi
ăn với trứng mì,mi_xao_trung
nấu trứng thịt được gì,trung_xao_thit
nguyên liệu: trứng gia đình,trung_luoc
có bánh mì trứng thì nấu gì,banh_mi_op_la
có trứng thịt thì nấu gì trộn,trung_xao_thit
nấu trứng cơm xúc xích đậu được gì,com_chien_duong_chau
mình có trứng chiên,trung_chien
mình có hành bò,bo_xao_hanh
tôi có thịt,thit_nuong
tôi muốn nấu rau,canh_rau
có thịt trứng thì nấu gì hấp,thit_kho_trung
trứng hành xào,trung_xao_hanh
tôi muốn nấu mì trứng gia đình hấp,mi_xao_trung
ăn với khoai bò cà rốt,bo_kho
ăn với mì tôm mực đơn giản trộn,mi_xao_hai_san
nấu rau thịt được gì trộn,thit_xao_rau
tôi muốn nấu thịt trứng luộc,thit_kho_trung
nguyên liệu: bò mì gia đình kho,mi_xao_bo
tôi muốn nấu sườn,suon_kho
trứng ngon,trung_chien
làm món từ gà,canh_ga
ăn với trứng,trung_luoc
mực rau tôm nướng,lau_thai
tôi có cá ngon trộn,ca_kho
làm món từ bò hành,bo_xao_hanh
món ăn từ gà rau,lau_ga
tôi có trứng hành cơm,com_chien_trung
mình có mì mực tôm,mi_xao_hai_san
nguyên liệu: trứng,trung_op_la
trứng nhanh,trung_cuon
tôi muốn nấu trứng cà chua,trung_chien_ca_chua
nấu sườn được gì,suon_nuong
nguyên liệu: cơm gà,com_ga
tôi có cá ngon luộc,ca_kho
món ăn từ hành trứng gia đình,trung_xao_hanh
ăn với trứng,trung_chien
ăn với cá hấp,ca_chien
nguyên liệu: cá nướng,ca_kho
tôi muốn nấu cà rốt bò khoai chiên,bo_kho
cà rốt khoai bò hấp,bo_kho
có bò khoai cà rốt thì nấu gì hấp,bo_kho
tôi có bún bò,bun_bo
nguyên liệu: đậu hũ trộn,dau_hu_chien
nấu cá được gì,ca_chien
có trứng cà chua ngon thì nấu gì xào,canh_trung_ca_chua
tôi có rau gà,lau_ga
tôi muốn nấu thịt trứng kho,thit_kho_trung
nấu cà chua trứng được gì,canh_trung_ca_chua
ăn với trứng bánh mì,banh_mi_trung
làm món từ trứng ngon hấp,trung_luoc
có trứng cà chua thì nấu gì,trung_chien_ca_chua
nguyên liệu: tỏi rau chiên,rau_xao_toi
làm món từ trứng rau cơm luộc,com_tron
nguyên liệu: thịt rau,thit_xao_rau
ăn với đậu hũ,dau_hu_chien
nguyên liệu: đậu hũ kho,dau_hu_chien
tôi muốn nấu trứng hấp,trung_hap
tôi muốn nấu trứng thịt kho,thit_kho_trung
nguyên liệu: cà chua trứng nướng,trung_chien_ca_chua
nguyên liệu: cá xào,ca_kho
ăn với mì tôm mực,mi_xao_hai_san
tôi có rau,canh_rau
món ăn từ thịt bánh mì,banh_mi_thit
mình có trứng,trung_hap
tôi có trứng hành nướng,trung_xao_hanh
nguyên liệu: rau,canh_rau
tôm tỏi đơn giản,tom_xao_toi
mình có trứng thịt,thit_kho_trung
mì trứng kho,mi_xao_trung
tôi muốn nấu đậu trứng xúc xích cơm trộn,com_chien_duong_chau
rau tỏi đơn giản,rau_xao_toi
nấu trứng được gì nướng,trung_hap
có thịt trứng đơn giản thì nấu gì,thit_kho_trung
làm món từ tỏi rau luộc,rau_xao_toi
mình có trứng mì hấp,mi_xao_trung
mình có thịt trứng,trung_xao_thit
tôi muốn nấu cơm gà,com_ga
làm món từ khoai cà rốt bò chiên,bo_kho
tôi có gà nhanh chiên,ga_nuong
ăn với thịt trứng đơn giản,trung_xao_thit
mình có tôm rau mực trộn,lau_thai
tôi muốn nấu trứng kho,trung_chien
mình có cà chua trứng,trung_chien_ca_chua
có bánh mì trứng thì nấu gì chiên,banh_mi_op_la
mình có cơm rau trứng,com_tron
làm món từ thịt trứng trộn,trung_xao_thit
mình có bánh mì trứng trộn,banh_mi_trung
ăn với đậu hũ hấp,dau_hu_chien
nấu mực cơm tôm được gì luộc,com_chien_hai_san
nguyên liệu: bánh mì thịt ngon nướng,banh_mi_thit
nguyên liệu: trứng cơm rau,com_tron
có sườn thì nấu gì,suon_kho
mình có sườn kho,suon_kho
làm món từ trứng trộn,trung_cuon
nguyên liệu: trứng nướng,trung_hap
nấu thịt rau được gì kho,thit_xao_rau
làm món từ khoai cà rốt bò ngon trộn,bo_kho
ăn với gà rau,lau_ga
món ăn từ cà rốt bò khoai,bo_kho
nấu gà được gì,canh_ga
mình có trứng thịt,trung_xao_thit
tôi muốn nấu thịt trứng,thit_kho_trung
làm món từ hành trứng đơn giản,trung_xao_hanh
tôi có hành trứng xào,trung_xao_hanh
ăn với trứng cơm đậu xúc xích,com_chien_duong_chau
có tỏi tôm thì nấu gì luộc,tom_xao_toi
tôi có trứng bánh mì nhanh,banh_mi_trung
làm món từ mì bò nhanh,mi_xao_bo
tôi muốn nấu rau gà,lau_ga
tôi có bánh mì trứng đơn giản,banh_mi_trung
nguyên liệu: đậu hũ cà chua gia đình nướng,dau_hu_sot_ca
thịt,thit_nuong
có thịt bánh mì thì nấu gì hấp,banh_mi_thit
món ăn từ gà nướng,canh_ga
cà rốt khoai bò,bo_kho
trứng bánh mì,banh_mi_op_la
mình có tỏi rau,rau_xao_toi
nấu bánh mì trứng được gì,banh_mi_trung
món ăn từ tôm mực mì,mi_xao_hai_san
mình có bò cà rốt khoai kho,bo_kho
tôi có thịt,thit_nuong
tôi có tôm mực rau đơn giản,lau_thai
ăn với tôm mực cơm trộn,com_chien_hai_san
ăn với bò phở,pho_bo
mình có gà trộn,canh_ga
có bánh mì trứng đơn giản thì nấu gì,banh_mi_trung
nấu mì bò được gì trộn,mi_xao_bo
tôi có trứng ngon,trung_chien
món ăn từ mực tôm mì,mi_xao_hai_san
có trứng ngon thì nấu gì hấp,trung_op_la
có trứng ngon thì nấu gì hấp,trung_chien
có rau tôm mực thì nấu gì nướng,lau_thai
làm món từ gà,ga_nuong
có trứng bánh mì thì nấu gì,banh_mi_op_la
có sườn thì nấu gì,suon_kho
món ăn từ trứng mì nướng,mi_xao_trung
nấu gà cơm được gì,com_ga
tôi có gà,ga_chien
làm món từ đậu hũ cà chua,dau_hu_sot_ca
có cà rốt gà đơn giản thì nấu gì hấp,sup_ga
mình có cá,ca_kho
làm món từ thịt trứng xào,thit_kho_trung
làm món từ cơm tôm mực,com_chien_hai_san
nấu tỏi rau được gì nướng,rau_xao_toi
tôi có mì rau,mi_tron
nguyên liệu: gà,ga_nuong
mình có trứng mì,mi_xao_trung
làm món từ rau mì,mi_tron
món ăn từ trứng rau cơm,com_tron
làm món từ sườn,suon_kho
mình có hành bò,bo_xao_hanh
nguyên liệu: cá xào,ca_chien
tôi có mực rau tôm hấp,lau_thai
món ăn từ gà luộc,ga_nuong
làm món từ trứng mì,mi_xao_trung
món ăn từ cơm hành trứng chiên,com_chien_trung
ăn với bò bún ngon,bun_bo
món ăn từ mực mì tôm gia đình,mi_xao_hai_san
tôi có rau mì,mi_tron
có trứng bánh mì thì nấu gì,banh_mi_op_la
nguyên liệu: tỏi tôm nhanh nướng,tom_xao_toi
tôi muốn nấu rau xào,canh_rau
ăn với gà rau xào,lau_ga
ăn với gà,ga_nuong
làm món từ thịt trứng,trung_xao_thit
tôi có tôm mực rau,lau_thai
nguyên liệu: gà cà rốt nhanh,sup_ga
trứng ngon,trung_chien
tôi có đậu hũ trộn,dau_hu_chien
món ăn từ cá,ca_chien
làm món từ trứng cà chua nướng,canh_trung_ca_chua
tôi có trứng bánh mì trộn,banh_mi_op_la
nấu gà được gì,ga_nuong
trứng,trung_chien
mình có đậu hũ hấp,dau_hu_chien
nguyên liệu: sườn,suon_kho
nguyên liệu: mì bò,mi_xao_bo
tôi có tỏi tôm,tom_xao_toi
món ăn từ trứng gia đình,trung_cuon
mình có bánh mì trứng,banh_mi_trung
mình có trứng,trung_op_la
tôi có trứng nhanh,trung_hap
tôi có cà chua đậu hũ luộc,dau_hu_sot_ca
tôi có bò phở nhanh,pho_bo
tôi có cà chua đậu hũ kho,dau_hu_sot_ca
tôi muốn nấu tôm tỏi ngon,tom_xao_toi
món ăn từ bánh mì trứng,banh_mi_trung
có rau cơm trứng gia đình thì nấu gì chiên,com_tron
ăn với mì bò luộc,mi_xao_bo
tôi có trứng,trung_hap
có trứng thì nấu gì,trung_chien
ăn với bò mì,mi_xao_bo
nấu bò bún được gì,bun_bo
tôi muốn nấu mì nướng,mi_goi
món ăn từ trứng cơm rau,com_tron
nguyên liệu: đậu hũ cà chua hấp,dau_hu_sot_ca
nấu rau trứng cơm được gì,com_tron
nấu mì bò được gì,mi_xao_bo
làm món từ rau mì,mi_tron
nấu cà rốt khoai bò được gì,bo_kho
nguyên liệu: mực rau tôm xào,lau_thai
có cà rốt gà thì nấu gì,sup_ga
tôi muốn nấu thịt rau,thit_xao_rau
ăn với bò phở đơn giản,pho_bo
có mì thì nấu gì,mi_goi
mực tôm cơm,com_chien_hai_san
làm món từ bò phở nướng,pho_bo
khoai cà rốt bò gia đình hấp,bo_kho
nấu sườn gia đình được gì xào,suon_kho
tôi muốn nấu trứng mì nướng,mi_xao_trung
làm món từ bánh mì thịt,banh_mi_thit
tôi muốn nấu trứng,trung_chien
mình có trứng bánh mì nhanh hấp,banh_mi_trung
có rau thịt ngon thì nấu gì,thit_xao_rau
tôm mực rau,lau_thai
mình có gà nhanh xào,canh_ga
tôi có cơm sườn,com_tam
mình có trứng,trung_luoc
tôi có cơm xúc xích đậu trứng,com_chien_duong_chau
tôi có sườn cơm,com_tam
tôi có mì bò đơn giản,mi_xao_bo
có trứng hành cơm thì nấu gì luộc,com_chien_trung
món ăn từ trứng,trung_cuon
nguyên liệu: trứng thịt hấp,thit_kho_trung
món ăn từ mì,mi_goi
ăn với bánh mì trứng trộn,banh_mi_op_la
nấu trứng thịt được gì xào,trung_xao_thit
đậu hũ gia đình,dau_hu_chien
tôi có hành trứng nhanh chiên,trung_xao_hanh
tôi muốn nấu trứng nhanh,trung_op_la
làm món từ gà,ga_nuong
tôi muốn nấu cá,ca_kho
nguyên liệu: gà,ga_nuong
có bún bò nhanh thì nấu gì,bun_bo
gà,ga_nuong
tôi muốn nấu gà rau đơn giản kho,lau_ga
tôi muốn nấu rau mì,mi_tron
làm món từ trứng cà chua trộn,trung_chien_ca_chua
gà,ga_nuong
có gà đơn giản thì nấu gì hấp,ga_chien
nấu hành bò được gì,bo_xao_hanh
làm món từ trứng xúc xích đậu cơm,com_chien_duong_chau
làm món từ bánh mì trứng,banh_mi_trung
có trứng thì nấu gì,trung_hap
tôi có mì bò,mi_xao_bo
làm món từ tôm mực rau nướng,lau_thai
ăn với trứng,trung_chien
gà,ga_chien
nấu gà được gì,ga_chien
mình có trứng,trung_hap
ăn với trứng,trung_op_la
làm món từ thịt rau hấp,thit_xao_rau
làm món từ cá nhanh,ca_kho
gà rau ngon,lau_ga
nguyên liệu: cá luộc,ca_chien
mì trứng nhanh xào,mi_xao_trung
làm món từ cà rốt gà hấp,sup_ga
món ăn từ cà chua trứng chiên,trung_chien_ca_chua
ăn với rau gà,lau_ga
ăn với thịt xào,thit_nuong
tôi muốn nấu rau cơm trứng,com_tron
trứng trộn,trung_cuon
làm món từ hành bò hấp,bo_xao_hanh
tôi có bún bò luộc,bun_bo
ăn với cơm trứng xúc xích đậu nướng,com_chien_duong_chau
tôi muốn nấu trứng bánh mì nhanh,banh_mi_op_la
tôi có bánh mì trứng chiên,banh_mi_trung
món ăn từ mì mực tôm,mi_xao_hai_san
tôi muốn nấu trứng hành nướng,trung_xao_hanh
có bún bò thì nấu gì,bun_bo
mình có bún bò,bun_bo
làm món từ thịt rau nhanh,thit_xao_rau
tôi muốn nấu tôm cơm mực gia đình,com_chien_hai_san
tỏi rau ngon trộn,rau_xao_toi
có mì thì nấu gì,mi_goi
mì bò,mi_xao_bo
có đậu xúc xích trứng cơm thì nấu gì luộc,com_chien_duong_chau
cà rốt gà ngon hấp,sup_ga
có bánh mì thịt thì nấu gì,banh_mi_thit
mình có cơm mực tôm,com_chien_hai_san
có rau tôm mực đơn giản thì nấu gì chiên,lau_thai
tôi muốn nấu cà chua trứng,trung_chien_ca_chua
nấu tôm cơm mực được gì,com_chien_hai_san
tôi muốn nấu bò cà rốt khoai chiên,bo_kho
mình có trứng,trung_op_la
nấu trứng được gì nướng,trung_chien
tôi muốn nấu trứng thịt xào,thit_kho_trung
nấu gà rau được gì chiên,lau_ga
làm món từ sườn cơm,com_tam
trứng,trung_luoc
trứng nhanh kho,trung_chien
ăn với khoai cà rốt bò,bo_kho
có trứng ngon thì nấu gì chiên,trung_hap
nguyên liệu: gà luộc,ga_chien
tôi muốn nấu rau gà,lau_ga
ăn với bò khoai cà rốt trộn,bo_kho
trứng cà chua nướng,canh_trung_ca_chua
món ăn từ trứng bánh mì luộc,banh_mi_trung
làm món từ phở bò,pho_bo
tôi có trứng,trung_chien
tôi có cà chua trứng trộn,canh_trung_ca_chua
nguyên liệu: hành trứng cơm,com_chien_trung
tôi muốn nấu cà chua trứng,canh_trung_ca_chua
món ăn từ trứng thịt luộc,trung_xao_thit
nấu thịt trứng được gì hấp,trung_xao_thit
làm món từ cà chua trứng ngon luộc,trung_chien_ca_chua
mình có cà rốt gà luộc,sup_ga
tôi muốn nấu thịt,thit_nuong
mình có trứng hành kho,trung_xao_hanh
tôi muốn nấu cơm sườn,com_tam
nguyên liệu: cà rốt gà nhanh,sup_ga
tôi có trứng hấp,trung_op_la
có trứng đơn giản thì nấu gì xào,trung_hap
tôi muốn nấu sườn,suon_nuong
bánh mì trứng,banh_mi_trung
có mì bò thì nấu gì,mi_xao_bo
nguyên liệu: mì nướng,mi_goi
nấu hành cơm trứng được gì trộn,com_chien_trung
mình có bò mì nhanh,mi_xao_bo
làm món từ rau mì đơn giản,mi_tron
làm món từ trứng mì nướng,mi_xao_trung
tôi có sườn gia đình,suon_nuong
nấu gà được gì,ga_chien
tôi muốn nấu cà rốt bò khoai đơn giản luộc,bo_kho
tôi muốn nấu cơm sườn,com_tam
mình có mì mực tôm chiên,mi_xao_hai_san
tôi muốn nấu sườn cơm,com_tam
cơm đậu xúc xích trứng chiên,com_chien_duong_chau
mình có thịt trứng nhanh xào,thit_kho_trung
tôi muốn nấu rau thịt trộn,thit_xao_rau
nấu bánh mì trứng ngon được gì nướng,banh_mi_op_la
mình có trứng hành luộc,trung_xao_hanh
món ăn từ rau mì,mi_tron
ăn với bánh mì thịt,banh_mi_thit
mình có thịt trứng,thit_kho_trung
làm món từ tôm tỏi,tom_xao_toi
nấu cà chua trứng gia đình được gì chiên,canh_trung_ca_chua
nấu mực tôm rau được gì,lau_thai
mình có tỏi tôm,tom_xao_toi
tôi có thịt trứng luộc,trung_xao_thit
trứng,trung_op_la
tôi muốn nấu gà,ga_chien
nấu trứng được gì hấp,trung_luoc
mực mì tôm chiên,mi_xao_hai_san
mình có bò khoai cà rốt luộc,bo_kho
làm món từ trứng đơn giản chiên,trung_chien
nguyên liệu: gà,canh_ga
có trứng hành cơm thì nấu gì nướng,com_chien_trung
tôi muốn nấu đậu hũ,dau_hu_chien
tôi muốn nấu bánh mì thịt gia đình kho,banh_mi_thit
tôi muốn nấu sườn,suon_nuong
trứng thịt hấp,thit_kho_trung
ăn với tỏi tôm,tom_xao_toi
ăn với sườn nhanh,suon_nuong
làm món từ cơm sườn trộn,com_tam
nấu bánh mì thịt được gì,banh_mi_thit
làm món từ bò mì luộc,mi_xao_bo
rau gà gia đình luộc,lau_ga
tôi muốn nấu hành bò ngon,bo_xao_hanh
tôi muốn nấu đậu trứng cơm xúc xích kho,com_chien_duong_chau
rau luộc,canh_rau
làm món từ cơm rau trứng hấp,com_tron
làm món từ trứng chiên,trung_op_la
món ăn từ trứng cà chua hấp,canh_trung_ca_chua
có cà chua đậu hũ thì nấu gì,dau_hu_sot_ca
tôi muốn nấu sườn,suon_nuong
mình có trứng nướng,trung_cuon
nấu thịt trứng được gì,thit_kho_trung
có trứng thì nấu gì luộc,trung_luoc
món ăn từ trứng ngon chiên,trung_luoc
món ăn từ mì rau,mi_tron
nguyên liệu: cà rốt gà đơn giản,sup_ga
tôi muốn nấu tôm rau mực kho,lau_thai
tôi muốn nấu trứng thịt kho,thit_kho_trung
tôi có cà rốt gà chiên,sup_ga
nấu mì được gì luộc,mi_goi
món ăn từ cá,ca_kho
làm món từ gà luộc,ga_chien
nấu rau ngon được gì,canh_rau
món ăn từ hành trứng cơm,com_chien_trung
tôi có trứng,trung_cuon
mình có cơm sườn,com_tam
tôi có trứng,trung_op_la
làm món từ cá,ca_kho
tôi có gà,ga_chien
tôi có trứng,trung_hap
tôi có gà rau luộc,lau_ga
tôi muốn nấu bò mì nhanh,mi_xao_bo
nấu trứng được gì kho,trung_cuon
làm món từ hành trứng cơm,com_chien_trung
tôi muốn nấu cơm gà luộc,com_ga
tôi muốn nấu trứng thịt,thit_kho_trung
có trứng thịt thì nấu gì,trung_xao_thit
tôi muốn nấu thịt rau,thit_xao_rau
nguyên liệu: mì trứng,mi_xao_trung
tôi muốn nấu bánh mì trứng luộc,banh_mi_op_la
làm món từ trứng hấp,trung_cuon
nguyên liệu: đậu cơm xúc xích trứng,com_chien_duong_chau
đậu hũ trộn,dau_hu_chien
tôi có rau tỏi nướng,rau_xao_toi
làm món từ mì rau,mi_tron
ăn với bò hành xào,bo_xao_hanh
món ăn từ cà rốt gà nướng,sup_ga
món ăn từ trứng thịt đơn giản,thit_kho_trung
làm món từ gà luộc,canh_ga
nguyên liệu: trứng xúc xích đậu cơm hấp,com_chien_duong_chau
nguyên liệu: gà cơm đơn giản luộc,com_ga
tôi muốn nấu cà chua trứng xào,trung_chien_ca_chua
làm món từ mì trứng,mi_xao_trung
món ăn từ thịt trứng trộn,thit_kho_trung
cơm trứng rau kho,com_tron
ăn với thịt,thit_nuong
nấu rau mì được gì nướng,mi_tron
ăn với khoai cà rốt bò,bo_kho
món ăn từ tôm mực cơm,com_chien_hai_san
cà rốt khoai bò,bo_kho
có sườn thì nấu gì,suon_nuong
làm món từ trứng,trung_chien
tôi muốn nấu trứng gia đình,trung_luoc
bún bò trộn,bun_bo
ăn với trứng,trung_cuon
ăn với thịt gia đình hấp,thit_nuong
nấu trứng hành được gì xào,trung_xao_hanh
nguyên liệu: sườn,suon_nuong
món ăn từ cơm sườn,com_tam
nấu gà được gì,ga_nuong
có trứng cà chua gia đình thì nấu gì,trung_chien_ca_chua
tôi có thịt trứng hấp,thit_kho_trung
món ăn từ bánh mì trứng xào,banh_mi_trung
tôi có sườn nhanh,suon_nuong
tôi muốn nấu thịt,thit_nuong
nấu mì được gì,mi_goi
nấu tôm tỏi đơn giản được gì,tom_xao_toi
gà,ga_chien
có hành trứng thì nấu gì,trung_xao_hanh
làm món từ mì nướng,mi_goi
món ăn từ sườn,suon_nuong
món ăn từ trứng thịt,thit_kho_trung
tôi muốn nấu cà chua trứng xào,trung_chien_ca_chua
nguyên liệu: trứng đơn giản trộn,trung_hap
trứng hấp,trung_luoc
ăn với cơm trứng rau,com_tron
ăn với bánh mì trứng,banh_mi_op_la
tôi có trứng xúc xích cơm đậu,com_chien_duong_chau
tôi muốn nấu tôm mực rau,lau_thai
ăn với trứng bánh mì kho,banh_mi_trung
nguyên liệu: bánh mì thịt,banh_mi_thit
mình có sườn,suon_nuong
có cà chua trứng thì nấu gì,canh_trung_ca_chua
tôi có cơm tôm mực gia đình,com_chien_hai_san
tôi có trứng bánh mì luộc,banh_mi_trung
món ăn từ rau mực tôm chiên,lau_thai
mình có trứng hành ngon,trung_xao_hanh
tôi có mì rau,mi_tron
nguyên liệu: rau tỏi luộc,rau_xao_toi
tôi muốn nấu trứng hành,trung_xao_hanh
món ăn từ sườn nhanh,suon_nuong
làm món từ thịt bánh mì nướng,banh_mi_thit
cơm gà,com_ga
ăn với trứng nướng,trung_luoc
ăn với trứng cà chua gia đình,trung_chien_ca_chua
món ăn từ sườn nhanh,suon_kho
làm món từ gà rau,lau_ga
thịt trứng,trung_xao_thit
làm món từ cá,ca_kho
món ăn từ cơm trứng rau chiên,com_tron
hành trứng cơm hấp,com_chien_trung
trứng cơm đậu xúc xích,com_chien_duong_chau
nấu trứng được gì xào,trung_luoc
mình có mì rau,mi_tron
nấu gà rau được gì,lau_ga
nguyên liệu: tỏi tôm,tom_xao_toi
nguyên liệu: trứng,trung_chien
tôi muốn nấu mì ngon,mi_goi
có gà thì nấu gì luộc,canh_ga
có gà thì nấu gì xào,canh_ga
trứng thịt chiên,trung_xao_thit
nấu xúc xích trứng cơm đậu được gì,com_chien_duong_chau
tôi có thịt,thit_nuong
nấu gà được gì,ga_chien
món ăn từ sườn,suon_nuong
ăn với gà rau,lau_ga
nguyên liệu: sườn,suon_kho
mình có gà,ga_chien
món ăn từ tỏi rau,rau_xao_toi
món ăn từ trứng,trung_op_la
tôi có cá luộc,ca_chien
mình có cơm trứng rau,com_tron
có thịt bánh mì thì nấu gì,banh_mi_thit
nguyên liệu: bò phở xào,pho_bo
ăn với bò hành trộn,bo_xao_hanh
nấu trứng rau cơm được gì luộc,com_tron
làm món từ thịt kho,thit_nuong
mình có trứng,trung_luoc
mình có trứng xúc xích cơm đậu gia đình chiên,com_chien_duong_chau
mình có cá hấp,ca_chien
nguyên liệu: bò hành,bo_xao_hanh
nấu bánh mì thịt được gì trộn,banh_mi_thit
tôi có mì trứng nhanh,mi_xao_trung
làm món từ gà,ga_chien
nấu thịt rau được gì,thit_xao_rau
tôi có thịt trứng nướng,trung_xao_thit
tôi muốn nấu cá,ca_kho
làm món từ rau tỏi hấp,rau_xao_toi
mình có mì bò xào,mi_xao_bo
tôi muốn nấu cá trộn,ca_chien
tôi có sườn,suon_kho
mình có gà gia đình,ga_chien
nấu bò hành được gì hấp,bo_xao_hanh
ăn với gà,ga_nuong
có khoai cà rốt bò thì nấu gì,bo_kho
làm món từ rau tỏi,rau_xao_toi
tôi muốn nấu trứng bánh mì xào,banh_mi_op_la
làm món từ trứng bánh mì gia đình,banh_mi_op_la
nấu trứng đơn giản được gì,trung_luoc
ăn với gà rau nướng,lau_ga
nguyên liệu: gà hấp,canh_ga
nguyên liệu: trứng đơn giản luộc,trung_cuon
tôi có đậu hũ nướng,dau_hu_chien
món ăn từ trứng nhanh luộc,trung_chien
nấu hành bò được gì nướng,bo_xao_hanh
tôi muốn nấu bánh mì trứng luộc,banh_mi_trung
nguyên liệu: gà rau ngon luộc,lau_ga
ăn với rau thịt luộc,thit_xao_rau
nấu mì rau được gì,mi_tron
ăn với xúc xích cơm đậu trứng gia đình chiên,com_chien_duong_chau
làm món từ mì,mi_goi
làm món từ trứng,trung_op_la
món ăn từ trứng,trung_cuon
nấu gà được gì kho,canh_ga
có hành bò thì nấu gì xào,bo_xao_hanh
nguyên liệu: bò hành,bo_xao_hanh
tôm mực cơm,com_chien_hai_san
trứng gia đình nướng,trung_hap
tôi muốn nấu cà chua đậu hũ,dau_hu_sot_ca
mình có trứng bánh mì luộc,banh_mi_trung
món ăn từ tỏi tôm gia đình,tom_xao_toi
trứng cà chua,canh_trung_ca_chua
nấu thịt được gì nướng,thit_nuong
nguyên liệu: gà nhanh,ga_chien
tôi muốn nấu xúc xích đậu cơm trứng chiên,com_chien_duong_chau
tôi có trứng,trung_luoc
nấu sườn được gì nướng,suon_nuong
tôi có phở bò trộn,pho_bo
nấu mì bò được gì,mi_xao_bo
ăn với trứng đơn giản,trung_op_la
tôi có trứng thịt,trung_xao_thit
tôi có phở bò,pho_bo
làm món từ trứng chiên,trung_luoc
nấu trứng được gì,trung_chien
nguyên liệu: cà chua trứng gia đình,trung_chien_ca_chua
ăn với trứng bánh mì ngon trộn,banh_mi_trung
làm món từ gà,ga_chien
gà cà rốt chiên,sup_ga
ăn với hành trứng,trung_xao_hanh
nguyên liệu: cá kho,ca_chien
nấu trứng được gì,trung_hap
ăn với tôm mì mực kho,mi_xao_hai_san
tôi có cà chua đậu hũ trộn,dau_hu_sot_ca
ăn với xúc xích trứng cơm đậu kho,com_chien_duong_chau
món ăn từ trứng thịt,trung_xao_thit
nguyên liệu: cơm sườn kho,com_tam
làm món từ cá đơn giản,ca_chien
làm món từ trứng hấp,trung_chien
nấu rau được gì,canh_rau
nấu hành trứng nhanh được gì luộc,trung_xao_hanh
nguyên liệu: tỏi tôm hấp,tom_xao_toi
làm món từ bò hành,bo_xao_hanh
ăn với bún bò,bun_bo
tôi muốn nấu thịt trứng hấp,trung_xao_thit
ăn với trứng cà chua trộn,trung_chien_ca_chua
cà chua đậu hũ ngon,dau_hu_sot_ca
có rau thì nấu gì,canh_rau
nguyên liệu: gà nướng,ga_chien
nguyên liệu: cơm trứng rau,com_tron
nguyên liệu: sườn cơm,com_tam
nguyên liệu: bánh mì thịt,banh_mi_thit
nấu trứng bánh mì được gì xào,banh_mi_op_la
cá trộn,ca_kho
làm món từ cá gia đình,ca_kho
nấu trứng đơn giản được gì hấp,trung_hap
tôi có gà cơm,com_ga
món ăn từ thịt trứng nhanh,trung_xao_thit
tôi có trứng gia đình,trung_cuon
tôi muốn nấu rau thịt,thit_xao_rau
tôi có bò bún,bun_bo
thịt rau hấp,thit_xao_rau
tôi muốn nấu bò phở,pho_bo
tôi muốn nấu cơm xúc xích trứng đậu,com_chien_duong_chau
nguyên liệu: mì,mi_goi
tôi muốn nấu mì bò,mi_xao_bo
nguyên liệu: sườn,suon_nuong
tôi có cà rốt bò khoai xào,bo_kho
tôi có rau hấp,canh_rau
tôi có bánh mì thịt nhanh,banh_mi_thit
có hành bò đơn giản thì nấu gì,bo_xao_hanh
tôi có trứng bánh mì chiên,banh_mi_trung
nấu gà cà rốt được gì,sup_ga
tôi có rau gà,lau_ga
bánh mì thịt xào,banh_mi_thit
ăn với cá,ca_chien
nguyên liệu: trứng cà chua,trung_chien_ca_chua
ăn với trứng rau cơm nhanh xào,com_tron
có gà cà rốt thì nấu gì,sup_ga
tôi có bánh mì thịt trộn,banh_mi_thit
tôi muốn nấu cá,ca_chien
ăn với gà kho,ga_chien
mình có đậu hũ luộc,dau_hu_chien
ăn với rau mì kho,mi_tron
tôi muốn nấu trứng hấp,trung_cuon
mình có rau cơm trứng nướng,com_tron
ăn với cà chua trứng luộc,trung_chien_ca_chua
nguyên liệu: cơm mực tôm trộn,com_chien_hai_san
món ăn từ thịt bánh mì,banh_mi_thit
làm món từ cá,ca_chien
tôi có đậu hũ cà chua,dau_hu_sot_ca
có trứng bánh mì gia đình thì nấu gì,banh_mi_trung
tôi muốn nấu thịt trứng,thit_kho_trung
nấu cà chua trứng được gì,canh_trung_ca_chua
ăn với hành bò ngon,bo_xao_hanh
nấu trứng được gì,trung_chien
món ăn từ trứng,trung_chien
món ăn từ tôm cơm mực,com_chien_hai_san
nguyên liệu: trứng hành,trung_xao_hanh
thịt trứng,thit_kho_trung
ăn với hành trứng,trung_xao_hanh
nguyên liệu: cá ngon luộc,ca_kho
nguyên liệu: trứng rau cơm,com_tron
đậu hũ cà chua,dau_hu_sot_ca
nấu mực mì tôm được gì,mi_xao_hai_san
nguyên liệu: mực cơm tôm,com_chien_hai_san
tôi có mì,mi_goi
có trứng thịt thì nấu gì,thit_kho_trung
món ăn từ tỏi tôm,tom_xao_toi
có trứng bánh mì thì nấu gì,banh_mi_op_la
nấu bánh mì trứng nhanh được gì,banh_mi_trung
có gà thì nấu gì,ga_chien
tôi muốn nấu hành cơm trứng,com_chien_trung
nấu rau cơm trứng được gì trộn,com_tron
tôi muốn nấu bánh mì thịt kho,banh_mi_thit
tôi muốn nấu tỏi rau,rau_xao_toi
ăn với trứng,trung_chien
nấu mì trứng được gì,mi_xao_trung
tôi có cá,ca_chien
mình có trứng,trung_hap
ăn với hành bò hấp,bo_xao_hanh
ăn với trứng,trung_cuon
cơm trứng hành,com_chien_trung
nguyên liệu: tôm tỏi,tom_xao_toi
nguyên liệu: cà rốt gà gia đình,sup_ga
nguyên liệu: thịt trứng nhanh,thit_kho_trung
mình có cơm sườn nhanh trộn,com_tam
ăn với trứng mì kho,mi_xao_trung
làm món từ trứng thịt luộc,trung_xao_thit
tôi có trứng gia đình nướng,trung_op_la
tôi muốn nấu trứng hành,trung_xao_hanh
mình có gà rau,lau_ga
tôi có thịt rau luộc,thit_xao_rau
nấu gà rau được gì,lau_ga
ăn với sườn,suon_nuong
có trứng nhanh thì nấu gì,trung_cuon
nguyên liệu: trứng cơm rau gia đình,com_tron
tôi muốn nấu mì bò,mi_xao_bo
ăn với cá xào,ca_kho
có bò hành thì nấu gì,bo_xao_hanh
tôm rau mực,lau_thai
nấu hành trứng được gì,trung_xao_hanh
tôi muốn nấu sườn cơm,com_tam
cá ngon,ca_kho
tôi có cơm trứng rau xào,com_tron
tôi có hành bò gia đình,bo_xao_hanh
mình có thịt bánh mì xào,banh_mi_thit
tôi muốn nấu đậu hũ cà chua luộc,dau_hu_sot_ca
tôi muốn nấu cơm sườn ngon,com_tam
món ăn từ sườn ngon trộn,suon_kho
tôi có đậu hũ cà chua,dau_hu_sot_ca
có mì mực tôm thì nấu gì,mi_xao_hai_san
món ăn từ cà chua trứng,canh_trung_ca_chua
tôi có mì rau,mi_tron
tôi muốn nấu mì rau,mi_tron
ăn với cơm trứng rau kho,com_tron
nguyên liệu: cà rốt gà,sup_ga
có trứng thì nấu gì luộc,trung_chien
nấu mì trứng được gì luộc,mi_xao_trung
ăn với sườn luộc,suon_kho
mình có sườn kho,suon_nuong
mình có gà,ga_nuong
ăn với bò cà rốt khoai,bo_kho
mực cơm tôm nướng,com_chien_hai_san
làm món từ hành bò chiên,bo_xao_hanh
tôi có thịt rau ngon,thit_xao_rau
có rau mì thì nấu gì kho,mi_tron
nguyên liệu: gà,ga_chien
mình có cơm sườn xào,com_tam
làm món từ bò hành ngon,bo_xao_hanh
làm món từ cơm hành trứng nhanh nướng,com_chien_trung
làm món từ bò phở nhanh kho,pho_bo
món ăn từ gà cơm nhanh luộc,com_ga
ăn với thịt,thit_nuong
tôi có cà rốt gà chiên,sup_ga
nấu trứng cà chua được gì,trung_chien_ca_chua
món ăn từ cơm rau trứng,com_tron
ăn với cà chua trứng luộc,canh_trung_ca_chua
món ăn từ mì luộc,mi_goi
ăn với cà rốt khoai bò nhanh trộn,bo_kho
tôi muốn nấu gà hấp,ga_chien
trứng nướng,trung_op_la
tôi muốn nấu trứng bánh mì,banh_mi_op_la
tôi muốn nấu trứng chiên,trung_cuon
bánh mì trứng nhanh hấp,banh_mi_op_la
món ăn từ trứng,trung_luoc
nấu cá được gì chiên,ca_kho
có bánh mì thịt thì nấu gì,banh_mi_thit
tôi có tỏi tôm đơn giản,tom_xao_toi
tôi có gà trộn,ga_chien
nấu trứng mì được gì,mi_xao_trung
tôi muốn nấu mì mực tôm chiên,mi_xao_hai_san
ăn với trứng,trung_op_la
ăn với trứng rau cơm chiên,com_tron
làm món từ cơm trứng hành nhanh trộn,com_chien_trung
món ăn từ sườn trộn,suon_kho
làm món từ trứng bánh mì đơn giản luộc,banh_mi_op_la
nguyên liệu: cá,ca_kho
có mì bò nhanh thì nấu gì,mi_xao_bo
tôi muốn nấu thịt,thit_nuong
tôi muốn nấu cá,ca_chien
nấu sườn cơm ngon được gì,com_tam
tôi muốn nấu gà cà rốt,sup_ga
tôi có sườn cơm xào,com_tam
làm món từ tỏi tôm,tom_xao_toi
nguyên liệu: mì mực tôm,mi_xao_hai_san
có rau cơm trứng thì nấu gì,com_tron
có thịt thì nấu gì,thit_nuong
tôi có mì mực tôm,mi_xao_hai_san
tôi muốn nấu mì rau nhanh kho,mi_tron
nấu trứng xúc xích cơm đậu được gì,com_chien_duong_chau
trứng mì,mi_xao_trung
tôi có gà xào,canh_ga
có bánh mì trứng thì nấu gì,banh_mi_op_la
có trứng thì nấu gì luộc,trung_hap
mình có thịt,thit_nuong
mình có cơm gà gia đình luộc,com_ga
làm món từ trứng bánh mì ngon,banh_mi_trung
nấu sườn cơm được gì hấp,com_tam
rau,canh_rau
tôi có tôm cơm mực chiên,com_chien_hai_san
tôi có thịt trứng,thit_kho_trung
có cơm gà thì nấu gì,com_ga
làm món từ rau gà nướng,lau_ga
mình có gà,ga_chien
tôi muốn nấu cá đơn giản hấp,ca_kho
làm món từ hành trứng trộn,trung_xao_hanh
ăn với mì,mi_goi
làm món từ gà đơn giản,canh_ga
tôi có thịt trứng luộc,trung_xao_thit
món ăn từ trứng,trung_chien
ăn với rau mì,mi_tron
tôi muốn nấu bò bún hấp,bun_bo
có tôm tỏi thì nấu gì xào,tom_xao_toi
món ăn từ rau gà nướng,lau_ga
nguyên liệu: tỏi rau nướng,rau_xao_toi
có cà chua đậu hũ thì nấu gì trộn,dau_hu_sot_ca
ăn với trứng bánh mì,banh_mi_trung
có sườn ngon thì nấu gì,suon_nuong
ăn với đậu hũ hấp,dau_hu_chien
món ăn từ thịt hấp,thit_nuong
có cà chua đậu hũ thì nấu gì,dau_hu_sot_ca
món ăn từ trứng cà chua,trung_chien_ca_chua
nấu gà rau đơn giản được gì chiên,lau_ga
đậu hũ,dau_hu_chien
tôi có cơm trứng đậu xúc xích,com_chien_duong_chau
mình có tôm rau mực,lau_thai
mình có trứng,trung_op_la
trứng trộn,trung_hap
tôi có xúc xích đậu trứng cơm hấp,com_chien_duong_chau
tôi muốn nấu cà rốt gà,sup_ga
tôi có trứng cà chua xào,canh_trung_ca_chua
làm món từ tôm mì mực nhanh,mi_xao_hai_san
có trứng bánh mì thì nấu gì,banh_mi_op_la
mình có trứng,trung_cuon
món ăn từ mực tôm rau,lau_thai
cơm hành trứng,com_chien_trung
trứng bánh mì ngon luộc,banh_mi_op_la
món ăn từ bò phở,pho_bo
tôi muốn nấu thịt,thit_nuong
tôi muốn nấu mì,mi_goi
làm món từ trứng hành,trung_xao_hanh
có gà thì nấu gì,ga_nuong
thịt bánh mì,banh_mi_thit
nguyên liệu: rau cơm trứng xào,com_tron
nguyên liệu: cơm gà nhanh trộn,com_ga
tôi muốn nấu rau thịt,thit_xao_rau
tôi có sườn,suon_nuong
tôi muốn nấu bò phở,pho_bo
món ăn từ cá ngon nướng,ca_chien
món ăn từ cà chua đậu hũ chiên,dau_hu_sot_ca
ăn với cơm gà nhanh,com_ga
làm món từ tôm rau mực,lau_thai
có trứng hành thì nấu gì,trung_xao_hanh
làm món từ đậu xúc xích cơm trứng,com_chien_duong_chau
món ăn từ thịt trứng luộc,thit_kho_trung
tôi có trứng gia đình,trung_chien
nấu trứng cà chua được gì,trung_chien_ca_chua
tôi muốn nấu trứng thịt chiên,trung_xao_thit
rau mực tôm,lau_thai
tôi muốn nấu bánh mì trứng,banh_mi_trung
làm món từ trứng,trung_luoc
món ăn từ trứng cà chua,canh_trung_ca_chua
nguyên liệu: gà luộc,canh_ga
nấu gà được gì,ga_chien
nấu trứng được gì,trung_cuon
tôi có tỏi tôm trộn,tom_xao_toi
mình có đậu hũ chiên,dau_hu_chien
trứng cơm hành luộc,com_chien_trung
nấu bánh mì trứng được gì nướng,banh_mi_op_la
tôi có thịt trứng,thit_kho_trung
ăn với trứng,trung_chien
làm món từ trứng,trung_luoc
nấu gà được gì,ga_chien
trứng,trung_op_la
món ăn từ hành bò,bo_xao_hanh
nguyên liệu: trứng ngon,trung_cuon
nguyên liệu: sườn,suon_nuong
tôi có thịt rau,thit_xao_rau
có trứng ngon thì nấu gì xào,trung_op_la
nấu gà rau được gì,lau_ga
tôi có trứng cơm hành kho,com_chien_trung
làm món từ hành bò hấp,bo_xao_hanh
nấu cà chua trứng nhanh được gì kho,canh_trung_ca_chua
nguyên liệu: gà trộn,ga_chien
nguyên liệu: mì tôm mực đơn giản hấp,mi_xao_hai_san
gà,ga_chien
có gà thì nấu gì,ga_chien
làm món từ đậu hũ,dau_hu_chien
tỏi tôm,tom_xao_toi
có rau nhanh thì nấu gì,canh_rau
mình có đậu hũ cà chua,dau_hu_sot_ca
có đậu hũ thì nấu gì nướng,dau_hu_chien
bánh mì trứng xào,banh_mi_op_la
tôi có gà xào,ga_chien
làm món từ bò hành,bo_xao_hanh
món ăn từ trứng,trung_hap
mình có tỏi rau,rau_xao_toi
tôi muốn nấu cá,ca_kho
tôi muốn nấu cơm rau trứng,com_tron
nấu đậu hũ cà chua được gì,dau_hu_sot_ca
tôi có gà,ga_nuong
làm món từ trứng rau cơm chiên,com_tron
hành trứng gia đình,trung_xao_hanh
có bò hành thì nấu gì,bo_xao_hanh
món ăn từ hành trứng,trung_xao_hanh
tôi có cơm sườn,com_tam
ăn với mì trứng nướng,mi_xao_trung
làm món từ tỏi tôm,tom_xao_toi
cá,ca_kho
mình có tôm cơm mực hấp,com_chien_hai_san
cá,ca_chien
ăn với gà đơn giản,ga_chien
nguyên liệu: trứng cà chua,trung_chien_ca_chua
làm món từ thịt rau,thit_xao_rau
có bún bò thì nấu gì,bun_bo
có trứng thịt thì nấu gì,thit_kho_trung
ăn với cà chua trứng ngon,trung_chien_ca_chua
món ăn từ rau mì,mi_tron
nấu trứng được gì,trung_op_la
món ăn từ thịt trứng nướng,trung_xao_thit
mình có rau tỏi nướng,rau_xao_toi
món ăn từ đậu hũ cà chua kho,dau_hu_sot_ca
ăn với cà rốt gà,sup_ga
mình có tôm cơm mực trộn,com_chien_hai_san
trứng nướng,trung_op_la
làm món từ mì trứng,mi_xao_trung
nấu tỏi tôm được gì,tom_xao_toi
tôi có gà cơm đơn giản,com_ga
tôi có cá,ca_kho
món ăn từ trứng,trung_hap
món ăn từ trứng bánh mì,banh_mi_op_la
nấu cơm tôm mực gia đình được gì nướng,com_chien_hai_san
nấu mì rau được gì chiên,mi_tron
món ăn từ sườn,suon_nuong
món ăn từ tôm mực mì chiên,mi_xao_hai_san
nguyên liệu: hành cơm trứng nhanh,com_chien_trung
ăn với rau thịt,thit_xao_rau
nguyên liệu: bò phở,pho_bo
mình có bánh mì trứng kho,banh_mi_op_la
nấu sườn được gì,suon_nuong
nấu bò hành được gì,bo_xao_hanh
nấu thịt bánh mì được gì,banh_mi_thit
làm món từ thịt rau xào,thit_xao_rau
nấu trứng cà chua được gì nướng,canh_trung_ca_chua
có hành trứng thì nấu gì chiên,trung_xao_hanh
tôi muốn nấu cá,ca_kho
có rau tỏi thì nấu gì,rau_xao_toi
mình có cơm mực tôm chiên,com_chien_hai_san
làm món từ cơm xúc xích trứng đậu gia đình nướng,com_chien_duong_chau
nấu thịt trứng được gì trộn,trung_xao_thit
tôi muốn nấu gà,ga_chien
tôi có gà,ga_chien
nguyên liệu: cơm đậu xúc xích trứng trộn,com_chien_duong_chau
ăn với trứng trộn,trung_hap
tôi muốn nấu bò hành,bo_xao_hanh
ăn với gà trộn,canh_ga
tôi muốn nấu gà,ga_chien
món ăn từ mực tôm mì,mi_xao_hai_san
món ăn từ trứng thịt,trung_xao_thit
mình có cà chua đậu hũ,dau_hu_sot_ca
nấu sườn cơm được gì,com_tam
nguyên liệu: rau thịt,thit_xao_rau
mình có thịt kho,thit_nuong
ăn với thịt trứng xào,thit_kho_trung
làm món từ mực cơm tôm luộc,com_chien_hai_san
tôi muốn nấu trứng hành gia đình,trung_xao_hanh
nấu trứng được gì hấp,trung_chien
ăn với tỏi rau,rau_xao_toi
tôi có trứng kho,trung_chien
có trứng thì nấu gì luộc,trung_op_la
làm món từ trứng thịt,thit_kho_trung
đậu hũ,dau_hu_chien
tôi có trứng,trung_op_la
món ăn từ khoai cà rốt bò ngon,bo_kho
làm món từ cà chua đậu hũ,dau_hu_sot_ca
trứng,trung_hap
mình có đậu hũ kho,dau_hu_chien
trứng luộc,trung_hap
tôi muốn nấu thịt bánh mì,banh_mi_thit
mình có sườn cơm chiên,com_tam
mình có cá,ca_chien
bánh mì thịt gia đình,banh_mi_thit
làm món từ thịt trứng,thit_kho_trung
gà nhanh,ga_nuong
làm món từ cà chua trứng,canh_trung_ca_chua
ăn với mì,mi_goi
làm món từ tôm mì mực kho,mi_xao_hai_san
nấu bánh mì thịt được gì,banh_mi_thit
nấu rau tỏi được gì trộn,rau_xao_toi
có gà cơm gia đình thì nấu gì luộc,com_ga
món ăn từ mì rau,mi_tron
làm món từ trứng bánh mì nướng,banh_mi_trung
nấu trứng hành được gì,trung_xao_hanh
món ăn từ rau mì,mi_tron
nấu cà chua trứng được gì kho,trung_chien_ca_chua
mình có cơm gà,com_ga
ăn với sườn,suon_nuong
nguyên liệu: mực mì tôm xào,mi_xao_hai_san
nguyên liệu: trứng,trung_luoc
gà rau kho,lau_ga
làm món từ khoai bò cà rốt,bo_kho
có sườn thì nấu gì,suon_kho
rau thịt nhanh nướng,thit_xao_rau
nguyên liệu: tôm tỏi,tom_xao_toi
có xúc xích cơm đậu trứng thì nấu gì kho,com_chien_duong_chau
nguyên liệu: trứng cà chua luộc,canh_trung_ca_chua
làm món từ trứng bánh mì kho,banh_mi_op_la
nấu phở bò được gì,pho_bo
tôi có khoai bò cà rốt đơn giản hấp,bo_kho
nguyên liệu: bò hành,bo_xao_hanh
có đậu hũ thì nấu gì,dau_hu_chien
món ăn từ trứng rau cơm ngon xào,com_tron
nguyên liệu: trứng hành kho,trung_xao_hanh
món ăn từ gà đơn giản luộc,ga_nuong
làm món từ trứng cà chua ngon nướng,canh_trung_ca_chua
làm món từ gà rau luộc,lau_ga
tôi có bò hành,bo_xao_hanh
nguyên liệu: trứng hành nhanh,trung_xao_hanh
làm món từ cá,ca_kho
mình có trứng,trung_chien
nguyên liệu: trứng hành,trung_xao_hanh
làm món từ mì nướng,mi_goi
có trứng thì nấu gì chiên,trung_luoc
tôi muốn nấu bánh mì trứng kho,banh_mi_trung
ăn với trứng hành gia đình trộn,trung_xao_hanh
làm món từ bánh mì trứng,banh_mi_trung
làm món từ tỏi tôm,tom_xao_toi
tôi có hành bò,bo_xao_hanh
đậu hũ gia đình nướng,dau_hu_chien
rau tỏi đơn giản,rau_xao_toi
có bò phở thì nấu gì,pho_bo
có rau thịt ngon thì nấu gì,thit_xao_rau
món ăn từ mì,mi_goi
nguyên liệu: rau,canh_rau
gà,ga_chien
tôi muốn nấu sườn đơn giản nướng,suon_nuong
món ăn từ hành bò trộn,bo_xao_hanh
ăn với sườn,suon_kho
nấu gà rau được gì trộn,lau_ga
tôi muốn nấu bún bò,bun_bo
ăn với gà chiên,ga_chien
mình có bò phở,pho_bo
mình có cà chua đậu hũ luộc,dau_hu_sot_ca
ăn với trứng bánh mì,banh_mi_trung
món ăn từ khoai bò cà rốt,bo_kho
tôi muốn nấu gà cơm,com_ga
món ăn từ sườn,suon_kho
nguyên liệu: mì bò kho,mi_xao_bo
làm món từ sườn đơn giản luộc,suon_kho
gà rau chiên,lau_ga
cà rốt khoai bò,bo_kho
làm món từ trứng ngon,trung_hap
có trứng thì nấu gì,trung_chien
có trứng thì nấu gì,trung_op_la
mì,mi_goi
nguyên liệu: mì bò,mi_xao_bo
có sườn nhanh thì nấu gì,suon_nuong
tôi muốn nấu bò hành chiên,bo_xao_hanh
có gà thì nấu gì nướng,canh_ga
đậu hũ hấp,dau_hu_chien
làm món từ đậu hũ cà chua luộc,dau_hu_sot_ca
ăn với cơm trứng rau,com_tron
tôi có rau,canh_rau
làm món từ mì trứng đơn giản,mi_xao_trung
nguyên liệu: trứng thịt,thit_kho_trung
nấu bò bún nhanh được gì,bun_bo
món ăn từ trứng nướng,trung_chien
tôi có rau nhanh,canh_rau
thịt gia đình,thit_nuong
làm món từ tôm mực mì,mi_xao_hai_san
làm món từ cà chua trứng trộn,canh_trung_ca_chua
mình có gà nướng,canh_ga
tôi muốn nấu cơm tôm mực ngon,com_chien_hai_san
làm món từ cơm gà xào,com_ga
mình có trứng kho,trung_cuon
nấu mực tôm mì nhanh được gì kho,mi_xao_hai_san
ăn với mì,mi_goi
làm món từ thịt trứng,trung_xao_thit
tôi có bún bò,bun_bo
món ăn từ cơm xúc xích đậu trứng chiên,com_chien_duong_chau
có mực rau tôm thì nấu gì,lau_thai
nấu cá được gì xào,ca_chien
gà gia đình chiên,ga_chien
mình có rau tỏi nướng,rau_xao_toi
có cà chua trứng thì nấu gì luộc,canh_trung_ca_chua
làm món từ cà chua trứng,canh_trung_ca_chua
trứng,trung_hap
tôi có trứng đơn giản,trung_hap
tôi muốn nấu trứng,trung_chien
tôi muốn nấu đậu hũ nướng,dau_hu_chien
cà rốt gà,sup_ga
tôi có hành trứng xào,trung_xao_hanh
món ăn từ hành trứng,trung_xao_hanh
trứng bánh mì kho,banh_mi_trung
làm món từ hành trứng ngon,trung_xao_hanh
mình có mì bò ngon chiên,mi_xao_bo
tôi có gà cơm gia đình xào,com_ga
nấu bánh mì trứng được gì xào,banh_mi_trung
món ăn từ cá,ca_kho
làm món từ trứng bánh mì,banh_mi_trung
mình có tôm rau mực hấp,lau_thai
tôi muốn nấu thịt trứng kho,thit_kho_trung
nguyên liệu: đậu hũ trộn,dau_hu_chien
gà rau ngon chiên,lau_ga
mình có cá nhanh trộn,ca_chien
món ăn từ gà đơn giản,ga_nuong
ăn với cơm sườn,com_tam
làm món từ rau mực tôm xào,lau_thai
món ăn từ trứng,trung_chien
tôi có mì bò,mi_xao_bo
nấu trứng thịt được gì,thit_kho_trung
món ăn từ thịt rau luộc,thit_xao_rau
nguyên liệu: cà chua đậu hũ đơn giản,dau_hu_sot_ca
món ăn từ trứng bánh mì trộn,banh_mi_trung
ăn với trứng,trung_luoc
nguyên liệu: sườn cơm,com_tam
có hành trứng nhanh thì nấu gì,trung_xao_hanh
món ăn từ trứng,trung_op_la
mình có rau cơm trứng,com_tron
nấu thịt rau nhanh được gì nướng,thit_xao_rau
nguyên liệu: gà trộn,ga_chien
bánh mì trứng,banh_mi_op_la
nguyên liệu: cà chua trứng,trung_chien_ca_chua
món ăn từ thịt rau,thit_xao_rau
món ăn từ bò hành,bo_xao_hanh
ăn với thịt chiên,thit_nuong
bò phở ngon kho,pho_bo
nguyên liệu: bún bò,bun_bo
nguyên liệu: sườn cơm luộc,com_tam
nấu rau trứng cơm ngon được gì nướng,com_tron
tôi muốn nấu mì nướng,mi_goi
tôi muốn nấu rau cơm trứng hấp,com_tron
làm món từ gà hấp,ga_chien
làm món từ sườn,suon_nuong
nguyên liệu: trứng xào,trung_hap
món ăn từ cơm sườn nướng,com_tam
tôi có trứng hấp,trung_luoc
ăn với trứng ngon,trung_luoc
làm món từ đậu hũ gia đình luộc,dau_hu_chien
nguyên liệu: trứng hấp,trung_cuon
món ăn từ tỏi tôm,tom_xao_toi
nấu sườn được gì kho,suon_kho
món ăn từ trứng hành chiên,trung_xao_hanh
mình có trứng hành,trung_xao_hanh
làm món từ mì bò,mi_xao_bo
làm món từ tôm tỏi nhanh,tom_xao_toi
nấu trứng bánh mì ngon được gì,banh_mi_trung
có trứng thịt thì nấu gì chiên,thit_kho_trung
món ăn từ gà trộn,ga_nuong
làm món từ trứng đơn giản,trung_op_la
nguyên liệu: gà,ga_chien
món ăn từ gà rau nhanh,lau_ga
món ăn từ rau,canh_rau
nấu hành trứng được gì luộc,trung_xao_hanh
nguyên liệu: trứng cà chua kho,canh_trung_ca_chua
nguyên liệu: bò phở,pho_bo
ăn với thịt trứng kho,thit_kho_trung
mình có bò bún ngon,bun_bo
làm món từ trứng thịt,thit_kho_trung
ăn với trứng rau cơm đơn giản trộn,com_tron
nguyên liệu: rau thịt,thit_xao_rau
món ăn từ mì,mi_goi
món ăn từ mì rau,mi_tron
ăn với thịt trứng xào,trung_xao_thit
nấu mì bò được gì,mi_xao_bo
tôi muốn nấu mì ngon luộc,mi_goi
ăn với tôm mực cơm hấp,com_chien_hai_san
nguyên liệu: trứng bánh mì,banh_mi_trung
hành bò,bo_xao_hanh
nấu sườn cơm được gì,com_tam
nguyên liệu: trứng hấp,trung_op_la
mình có mì bò,mi_xao_bo
nấu rau mì được gì,mi_tron
nấu trứng mì ngon được gì,mi_xao_trung
ăn với cá,ca_kho
nguyên liệu: rau tôm mực kho,lau_thai
ăn với thịt bánh mì,banh_mi_thit
bò khoai cà rốt,bo_kho
mình có trứng,trung_chien
nấu mì được gì trộn,mi_goi
xúc xích cơm trứng đậu nhanh,com_chien_duong_chau
bún bò,bun_bo
món ăn từ thịt trứng,trung_xao_thit
món ăn từ bánh mì trứng,banh_mi_op_la
món ăn từ trứng rau cơm chiên,com_tron
nấu gà rau được gì trộn,lau_ga
mình có trứng,trung_luoc
nguyên liệu: trứng cà chua xào,trung_chien_ca_chua
tôi muốn nấu trứng bánh mì,banh_mi_op_la
nấu cá được gì,ca_chien
món ăn từ mì chiên,mi_goi
có bò phở thì nấu gì nướng,pho_bo
món ăn từ cà rốt gà nướng,sup_ga
nấu cơm gà được gì hấp,com_ga
nguyên liệu: đậu hũ,dau_hu_chien
mình có rau thịt gia đình,thit_xao_rau
tôi muốn nấu rau tỏi,rau_xao_toi
làm món từ trứng,trung_hap
món ăn từ rau gà,lau_ga
nguyên liệu: trứng luộc,trung_cuon
nấu mì được gì hấp,mi_goi
cà rốt gà hấp,sup_ga
làm món từ tỏi tôm xào,tom_xao_toi
tôi có tỏi tôm,tom_xao_toi
tôi có trứng,trung_chien
món ăn từ tôm rau mực,lau_thai
món ăn từ sườn,suon_nuong
nguyên liệu: cà rốt gà,sup_ga
tôi muốn nấu đậu hũ cà chua,dau_hu_sot_ca
ăn với đậu hũ ngon,dau_hu_chien
nguyên liệu: bò phở,pho_bo
mình có mì rau,mi_tron
món ăn từ gà chiên,ga_nuong
nấu rau mì được gì,mi_tron
món ăn từ cá,ca_kho
bún bò hấp,bun_bo
có thịt thì nấu gì luộc,thit_nuong
có cà rốt gà thì nấu gì chiên,sup_ga
làm món từ cơm sườn kho,com_tam
tôi muốn nấu gà cà rốt luộc,sup_ga
món ăn từ trứng cà chua,canh_trung_ca_chua
làm món từ trứng,trung_hap
ăn với mực mì tôm xào,mi_xao_hai_san
nấu cà chua trứng được gì trộn,canh_trung_ca_chua
tôi muốn nấu thịt trứng luộc,trung_xao_thit
nguyên liệu: mì trứng ngon,mi_xao_trung
tôi có rau mì nướng,mi_tron
gà,ga_nuong
làm món từ trứng bánh mì luộc,banh_mi_trung
làm món từ cà chua trứng đơn giản,canh_trung_ca_chua
món ăn từ hành bò trộn,bo_xao_hanh
ăn với cá,ca_chien
món ăn từ trứng nhanh xào,trung_hap
ăn với cà rốt gà nướng,sup_ga
trứng,trung_hap
làm món từ trứng,trung_chien
làm món từ thịt,thit_nuong
ăn với trứng,trung_cuon
món ăn từ trứng bánh mì,banh_mi_trung
làm món từ trứng bánh mì chiên,banh_mi_op_la
tôi có bò hành xào,bo_xao_hanh
mình có trứng thịt,thit_kho_trung
đậu hũ cà chua,dau_hu_sot_ca
làm món từ mực tôm mì ngon,mi_xao_hai_san
có bò phở đơn giản thì nấu gì,pho_bo
tôi có gà,ga_nuong
nguyên liệu: hành trứng,trung_xao_hanh
ăn với tỏi rau nhanh chiên,rau_xao_toi
nấu cà rốt khoai bò được gì luộc,bo_kho
nguyên liệu: trứng cơm hành,com_chien_trung
có mì thì nấu gì,mi_goi
món ăn từ mì rau,mi_tron
mình có tôm mực mì,mi_xao_hai_san
làm món từ mì bò đơn giản xào,mi_xao_bo
làm món từ trứng bánh mì,banh_mi_op_la
làm món từ tỏi rau,rau_xao_toi
có đậu hũ thì nấu gì,dau_hu_chien
tôi có trứng luộc,trung_op_la
làm món từ sườn trộn,suon_kho
mình có bò phở,pho_bo
nấu cơm sườn ngon được gì,com_tam
tôi muốn nấu sườn cơm,com_tam
trứng trộn,trung_chien
ăn với gà rau chiên,lau_ga
món ăn từ trứng hành gia đình,trung_xao_hanh
làm món từ cơm mực tôm,com_chien_hai_san
tôi có rau tỏi,rau_xao_toi
nguyên liệu: thịt bánh mì ngon luộc,banh_mi_thit
tôi có gà nướng,canh_ga
tôi muốn nấu mì rau,mi_tron
tôi muốn nấu trứng bánh mì luộc,banh_mi_trung
tôi muốn nấu bánh mì thịt chiên,banh_mi_thit
món ăn từ cơm trứng rau xào,com_tron
làm món từ rau gà,lau_ga
tôi muốn nấu tôm tỏi nướng,tom_xao_toi
nấu trứng được gì,trung_hap
món ăn từ mì mực tôm hấp,mi_xao_hai_san
ăn với sườn xào,suon_nuong
nguyên liệu: gà kho,canh_ga
món ăn từ trứng đậu cơm xúc xích trộn,com_chien_duong_chau
có trứng thịt ngon thì nấu gì,trung_xao_thit
món ăn từ bò mì,mi_xao_bo
món ăn từ cơm trứng hành,com_chien_trung
nấu cơm sườn được gì,com_tam
làm món từ rau,canh_rau
cá kho,ca_kho
gà luộc,ga_chien
tôi muốn nấu rau tỏi,rau_xao_toi
nấu trứng bánh mì được gì trộn,banh_mi_op_la
nấu hành trứng được gì nướng,trung_xao_hanh
có bánh mì thịt thì nấu gì nướng,banh_mi_thit
nấu trứng ngon được gì,trung_op_la
thịt bánh mì,banh_mi_thit
mình có trứng,trung_hap
tôi có rau gà,lau_ga
mình có gà,canh_ga
nguyên liệu: gà ngon,canh_ga
nguyên liệu: bò khoai cà rốt kho,bo_kho
tôi muốn nấu cà chua trứng xào,canh_trung_ca_chua
làm món từ mực cơm tôm nướng,com_chien_hai_san
mình có trứng thịt nướng,trung_xao_thit
tôi muốn nấu gà rau nướng,lau_ga
nấu trứng thịt được gì,thit_kho_trung
mình có mực tôm mì,mi_xao_hai_san
món ăn từ mực tôm rau luộc,lau_thai
nguyên liệu: hành bò hấp,bo_xao_hanh
nguyên liệu: hành trứng cơm,com_chien_trung
có bánh mì trứng thì nấu gì,banh_mi_trung
mình có trứng,trung_hap
tôi muốn nấu trứng,trung_chien
tôi có trứng bánh mì đơn giản,banh_mi_trung
tôi có rau tỏi,rau_xao_toi
có trứng thì nấu gì,trung_op_la
món ăn từ trứng bánh mì gia đình,banh_mi_op_la
mình có sườn,suon_kho
tôi muốn nấu sườn,suon_kho
tôi muốn nấu trứng cà chua,trung_chien_ca_chua
có sườn thì nấu gì,suon_kho
tôi muốn nấu cà chua trứng xào,canh_trung_ca_chua
nguyên liệu: rau mì,mi_tron
làm món từ bò hành đơn giản,bo_xao_hanh
ăn với thịt bánh mì ngon,banh_mi_thit
trứng cà chua,canh_trung_ca_chua
nấu trứng được gì chiên,trung_hap
rau,canh_rau
tôi muốn nấu cơm mực tôm,com_chien_hai_san
ăn với thịt rau trộn,thit_xao_rau
ăn với gà hấp,ga_nuong
ăn với cà chua đậu hũ,dau_hu_sot_ca
món ăn từ sườn,suon_nuong
làm món từ cà rốt gà đơn giản,sup_ga
có trứng hành thì nấu gì,trung_xao_hanh
có bánh mì trứng thì nấu gì xào,banh_mi_trung
có trứng mì thì nấu gì,mi_xao_trung
món ăn từ thịt trứng,thit_kho_trung
tôi có thịt trứng ngon,thit_kho_trung
có thịt bánh mì thì nấu gì,banh_mi_thit
nguyên liệu: gà gia đình,ga_chien
món ăn từ tỏi tôm trộn,tom_xao_toi
ăn với bún bò gia đình,bun_bo
nguyên liệu: hành bò hấp,bo_xao_hanh
nấu trứng được gì,trung_op_la
ăn với gà cà rốt gia đình,sup_ga
ăn với sườn cơm,com_tam
ăn với mì trứng,mi_xao_trung
nấu trứng cà chua được gì nướng,canh_trung_ca_chua
thịt rau,thit_xao_rau
cá trộn,ca_kho
rau gà nhanh,lau_ga
có thịt rau thì nấu gì,thit_xao_rau
làm món từ gà cà rốt,sup_ga
ăn với trứng hành cơm,com_chien_trung
sườn cơm,com_tam
có trứng thịt thì nấu gì,thit_kho_trung
tôi muốn nấu gà cơm,com_ga
nguyên liệu: gà,ga_nuong
món ăn từ bò hành kho,bo_xao_hanh
nấu đậu hũ cà chua đơn giản được gì,dau_hu_sot_ca
có gà cà rốt thì nấu gì chiên,sup_ga
làm món từ trứng xúc xích đậu cơm,com_chien_duong_chau
ăn với xúc xích trứng đậu cơm nhanh trộn,com_chien_duong_chau
bánh mì trứng kho,banh_mi_op_la
nguyên liệu: cà chua trứng,trung_chien_ca_chua
tôi muốn nấu tỏi tôm chiên,tom_xao_toi
nấu cá được gì kho,ca_chien
ăn với bò phở,pho_bo
ăn với trứng,trung_chien
nấu rau gà được gì,lau_ga
có sườn thì nấu gì hấp,suon_kho
mì rau,mi_tron
mình có sườn,suon_kho
mình có gà cà rốt,sup_ga
nấu gà được gì hấp,ga_nuong
gà kho,canh_ga
tôi có trứng thịt nhanh,thit_kho_trung
có rau cơm trứng thì nấu gì trộn,com_tron
ăn với trứng,trung_op_la
ăn với cà chua đậu hũ,dau_hu_sot_ca
làm món từ bò bún xào,bun_bo
tôi muốn nấu sườn,suon_kho
có trứng thì nấu gì,trung_luoc
tôi có bò mì luộc,mi_xao_bo
có bò hành thì nấu gì,bo_xao_hanh
mình có cơm rau trứng,com_tron
mực mì tôm,mi_xao_hai_san
nguyên liệu: trứng,trung_luoc
mình có thịt gia đình xào,thit_nuong
có cơm gà thì nấu gì,com_ga
nấu gà được gì,ga_nuong
có thịt thì nấu gì chiên,thit_nuong
cơm hành trứng đơn giản,com_chien_trung
tôi có gà ngon luộc,ga_nuong
món ăn từ thịt bánh mì,banh_mi_thit
mình có cơm sườn,com_tam
nguyên liệu: tôm mực rau,lau_thai
món ăn từ đậu trứng xúc xích cơm luộc,com_chien_duong_chau
món ăn từ đậu hũ chiên,dau_hu_chien
mình có mì trứng kho,mi_xao_trung
nguyên liệu: đậu cơm trứng xúc xích,com_chien_duong_chau
món ăn từ rau gà nhanh,lau_ga
ăn với tỏi tôm trộn,tom_xao_toi
có trứng thịt đơn giản thì nấu gì luộc,thit_kho_trung
có bánh mì trứng đơn giản thì nấu gì trộn,banh_mi_op_la
tôi muốn nấu rau cơm trứng kho,com_tron
làm món từ cá,ca_chien
nấu trứng xúc xích đậu cơm được gì hấp,com_chien_duong_chau
món ăn từ trứng,trung_chien
nguyên liệu: rau,canh_rau
làm món từ hành trứng chiên,trung_xao_hanh
trứng nướng,trung_cuon
mình có bò bún gia đình luộc,bun_bo
nấu cà chua trứng được gì nướng,trung_chien_ca_chua
mình có rau thịt xào,thit_xao_rau
món ăn từ mì rau trộn,mi_tron
ăn với cà rốt gà,sup_ga
mình có trứng,trung_luoc
tôi muốn nấu mì gia đình hấp,mi_goi
làm món từ trứng,trung_luoc
có rau thịt đơn giản thì nấu gì nướng,thit_xao_rau
tôi muốn nấu sườn xào,suon_kho
mình có đậu hũ luộc,dau_hu_chien
mình có cơm mực tôm,com_chien_hai_san
tôi muốn nấu trứng,trung_hap
mình có rau,canh_rau
món ăn từ gà cơm,com_ga
nguyên liệu: trứng bánh mì,banh_mi_trung
tôi muốn nấu cá trộn,ca_chien
món ăn từ rau gà nướng,lau_ga
làm món từ bò bún,bun_bo
món ăn từ gà cà rốt,sup_ga
tôi có trứng,trung_luoc
ăn với gà,canh_ga
mình có xúc xích trứng đậu cơm,com_chien_duong_chau
món ăn từ trứng,trung_cuon
nấu trứng ngon được gì trộn,trung_luoc
mình có trứng,trung_hap
tôm mực mì nướng,mi_xao_hai_san
nấu trứng mì được gì,mi_xao_trung
nấu xúc xích trứng đậu cơm được gì,com_chien_duong_chau
thịt trứng chiên,thit_kho_trung
tôi muốn nấu trứng thịt kho,trung_xao_thit
ăn với mực rau tôm kho,lau_thai
làm món từ trứng chiên,trung_op_la
làm món từ đậu hũ,dau_hu_chien
cơm trứng đậu xúc xích chiên,com_chien_duong_chau
có trứng thì nấu gì chiên,trung_luoc
mình có bò mì hấp,mi_xao_bo
có đậu hũ thì nấu gì nướng,dau_hu_chien
nấu bún bò được gì trộn,bun_bo
làm món từ cá nướng,ca_chien
cà chua trứng chiên,trung_chien_ca_chua
nấu bò hành nhanh được gì,bo_xao_hanh
nấu gà ngon được gì,canh_ga
món ăn từ mực rau tôm,lau_thai
ăn với mực tôm mì,mi_xao_hai_san
tôi có bánh mì trứng,banh_mi_op_la
ăn với mì trứng đơn giản,mi_xao_trung
nấu trứng gia đình được gì nướng,trung_cuon
làm món từ cơm tôm mực,com_chien_hai_san
mình có mực cơm tôm gia đình chiên,com_chien_hai_san
món ăn từ trứng luộc,trung_op_la
làm món từ rau,canh_rau
làm món từ cơm sườn kho,com_tam
ăn với rau tỏi gia đình chiên,rau_xao_toi
làm món từ thịt trứng,thit_kho_trung
nguyên liệu: trứng,trung_cuon
tôi muốn nấu bún bò đơn giản xào,bun_bo
nguyên liệu: trứng,trung_chien
có gà thì nấu gì trộn,ga_nuong
nguyên liệu: trứng cà chua nướng,canh_trung_ca_chua
tôi muốn nấu mì rau,mi_tron
có hành trứng thì nấu gì kho,trung_xao_hanh
mình có gà,canh_ga
làm món từ tôm tỏi,tom_xao_toi
tôi có bò hành,bo_xao_hanh
tôi muốn nấu cà chua đậu hũ kho,dau_hu_sot_ca
trứng,trung_chien
tôi muốn nấu hành cơm trứng,com_chien_trung
tôi muốn nấu cá xào,ca_kho
thịt trứng,thit_kho_trung
món ăn từ sườn,suon_kho
ăn với tôm cơm mực,com_chien_hai_san
món ăn từ trứng bánh mì nhanh trộn,banh_mi_trung
ăn với bò phở,pho_bo
nguyên liệu: rau gà luộc,lau_ga
nguyên liệu: rau ngon,canh_rau
món ăn từ rau tỏi nhanh,rau_xao_toi
món ăn từ trứng nhanh,trung_cuon
tôi có tôm tỏi chiên,tom_xao_toi
nguyên liệu: rau,canh_rau
gà,canh_ga
nguyên liệu: đậu xúc xích trứng cơm trộn,com_chien_duong_chau
làm món từ rau mực tôm hấp,lau_thai
ăn với bò hành kho,bo_xao_hanh
tôi muốn nấu tôm rau mực,lau_thai
có mì mực tôm thì nấu gì xào,mi_xao_hai_san
tôi muốn nấu gà gia đình,canh_ga
nguyên liệu: thịt trứng,trung_xao_thit
làm món từ cơm trứng rau ngon chiên,com_tron
tôi có sườn cơm,com_tam
bánh mì trứng gia đình,banh_mi_trung
có khoai cà rốt bò thì nấu gì trộn,bo_kho
cơm gà xào,com_ga
đậu hũ,dau_hu_chien
món ăn từ sườn gia đình,suon_nuong
làm món từ gà luộc,canh_ga
ăn với cá nhanh,ca_kho
mình có tôm tỏi hấp,tom_xao_toi
ăn với thịt trứng ngon,trung_xao_thit
tôi có thịt rau hấp,thit_xao_rau
nguyên liệu: thịt luộc,thit_nuong
làm món từ khoai cà rốt bò,bo_kho
món ăn từ thịt rau,thit_xao_rau
có mì rau thì nấu gì,mi_tron
cơm rau trứng,com_tron
làm món từ rau cơm trứng,com_tron
nấu cơm gà được gì,com_ga
nguyên liệu: gà nướng,canh_ga
ăn với cơm sườn trộn,com_tam
xúc xích cơm trứng đậu kho,com_chien_duong_chau
món ăn từ trứng thịt,thit_kho_trung
món ăn từ thịt trứng,trung_xao_thit
làm món từ cơm gà,com_ga
ăn với bánh mì trứng chiên,banh_mi_trung
tôi có phở bò hấp,pho_bo
nguyên liệu: trứng cà chua đơn giản,canh_trung_ca_chua
món ăn từ mực mì tôm,mi_xao_hai_san
nấu mì được gì,mi_goi
tôi muốn nấu cá,ca_chien
có bánh mì trứng thì nấu gì,banh_mi_trung
ăn với cơm gà,com_ga
mình có hành bò,bo_xao_hanh
nấu cá được gì xào,ca_kho
ăn với trứng đậu cơm xúc xích luộc,com_chien_duong_chau
làm món từ mì trứng,mi_xao_trung
tôi có trứng,trung_hap
tôi có gà trộn,ga_chien
làm món từ gà,ga_nuong
trứng ngon luộc,trung_hap
có khoai cà rốt bò thì nấu gì trộn,bo_kho
nấu trứng được gì hấp,trung_hap
làm món từ gà rau,lau_ga
tôi có mì trứng,mi_xao_trung
làm món từ trứng mì hấp,mi_xao_trung
làm món từ gà,ga_chien
món ăn từ mực tôm cơm trộn,com_chien_hai_san
tôi có trứng,trung_chien
làm món từ thịt bánh mì hấp,banh_mi_thit
món ăn từ mì bò gia đình trộn,mi_xao_bo
có đậu hũ cà chua thì nấu gì,dau_hu_sot_ca
nấu gà cơm được gì xào,com_ga
có trứng thì nấu gì,trung_luoc
ăn với cơm trứng hành,com_chien_trung
nấu trứng bánh mì được gì,banh_mi_op_la
làm món từ tỏi rau xào,rau_xao_toi
món ăn từ bánh mì thịt,banh_mi_thit
ăn với trứng thịt,thit_kho_trung
làm món từ trứng mì,mi_xao_trung
ăn với trứng,trung_op_la
món ăn từ thịt rau,thit_xao_rau
ăn với mì tôm mực kho,mi_xao_hai_san
tôi có gà,canh_ga
ăn với đậu hũ cà chua,dau_hu_sot_ca
cá,ca_kho
món ăn từ trứng hấp,trung_hap
làm món từ trứng cà chua kho,trung_chien_ca_chua
gà,ga_chien
nguyên liệu: tỏi tôm,tom_xao_toi
mình có cơm tôm mực kho,com_chien_hai_san
có cà chua đậu hũ thì nấu gì,dau_hu_sot_ca
tôi muốn nấu bánh mì thịt,banh_mi_thit
món ăn từ tôm tỏi gia đình,tom_xao_toi
mình có gà,canh_ga
nguyên liệu: tôm mực cơm,com_chien_hai_san
có trứng thì nấu gì,trung_chien
làm món từ sườn nướng,suon_nuong
làm món từ trứng cà chua,canh_trung_ca_chua
món ăn từ bánh mì trứng,banh_mi_trung
có trứng thì nấu gì,trung_cuon
món ăn từ mì trứng ngon,mi_xao_trung
làm món từ bún bò nướng,bun_bo
mình có trứng xào,trung_chien
ăn với tôm mì mực ngon kho,mi_xao_hai_san
món ăn từ gà rau ngon,lau_ga
nguyên liệu: gà trộn,canh_ga
nấu trứng được gì chiên,trung_cuon
tôi có thịt trứng trộn,thit_kho_trung
tôi có sườn gia đình,suon_kho
món ăn từ bò phở nhanh xào,pho_bo
ăn với cà chua trứng,trung_chien_ca_chua
tôi có rau thịt,thit_xao_rau
làm món từ trứng,trung_op_la
nấu bò bún gia đình được gì,bun_bo
nguyên liệu: trứng luộc,trung_chien
món ăn từ gà cơm ngon,com_ga
làm món từ bún bò hấp,bun_bo
trứng nhanh,trung_chien
món ăn từ sườn,suon_nuong
tỏi tôm,tom_xao_toi
hành bò,bo_xao_hanh
làm món từ tỏi tôm,tom_xao_toi
có trứng thịt thì nấu gì chiên,trung_xao_thit
tôi muốn nấu sườn,suon_nuong
tôi muốn nấu gà rau,lau_ga
ăn với mì,mi_goi
ăn với cá,ca_chien
nguyên liệu: trứng thịt,thit_kho_trung
ăn với gà,ga_nuong
món ăn từ bò bún chiên,bun_bo
có sườn gia đình thì nấu gì xào,suon_nuong
cà chua trứng,trung_chien_ca_chua
nguyên liệu: cà rốt bò khoai nướng,bo_kho
tôi có trứng chiên,trung_luoc
trứng,trung_chien
cà chua trứng đơn giản hấp,canh_trung_ca_chua
nguyên liệu: cơm sườn,com_tam
làm món từ trứng,trung_hap
ăn với trứng,trung_chien
gà rau gia đình,lau_ga
ăn với mì trứng,mi_xao_trung
tôi có gà đơn giản hấp,ga_chien
mực rau tôm kho,lau_thai
làm món từ bánh mì thịt hấp,banh_mi_thit
gà,ga_nuong
nguyên liệu: cá hấp,ca_chien
mình có gà rau,lau_ga
rau mì,mi_tron
mì bò,mi_xao_bo
nấu gà được gì,canh_ga
tôi có sườn,suon_kho
ăn với rau thịt luộc,thit_xao_rau
nguyên liệu: bánh mì thịt xào,banh_mi_thit
món ăn từ đậu hũ nhanh,dau_hu_chien
tôi muốn nấu tôm tỏi,tom_xao_toi
tôi muốn nấu trứng hành,trung_xao_hanh
món ăn từ gà nướng,ga_nuong
tôi muốn nấu cá,ca_kho
mình có cà chua đậu hũ,dau_hu_sot_ca
tôi có cơm trứng xúc xích đậu,com_chien_duong_chau
ăn với bò khoai cà rốt,bo_kho
làm món từ mì nhanh,mi_goi
làm món từ rau mì trộn,mi_tron
món ăn từ bánh mì trứng gia đình luộc,banh_mi_trung
món ăn từ rau gà nướng,lau_ga
nguyên liệu: mì tôm mực,mi_xao_hai_san
có cà chua trứng thì nấu gì,canh_trung_ca_chua
nấu trứng được gì luộc,trung_hap
tôi có mì rau,mi_tron
rau gà,lau_ga
nấu cà chua đậu hũ đơn giản được gì,dau_hu_sot_ca
nấu cà chua trứng được gì,canh_trung_ca_chua
nguyên liệu: trứng cơm rau nướng,com_tron
nguyên liệu: thịt đơn giản kho,thit_nuong
có đậu hũ cà chua thì nấu gì,dau_hu_sot_ca
làm món từ tôm tỏi đơn giản xào,tom_xao_toi
tôi muốn nấu phở bò,pho_bo
ăn với gà cơm,com_ga
ăn với cà chua trứng ngon,canh_trung_ca_chua
món ăn từ cá,ca_chien
tôi có cá ngon xào,ca_kho
mình có cá,ca_chien
làm món từ cơm gà gia đình,com_ga
có cà chua trứng thì nấu gì trộn,trung_chien_ca_chua
tôi muốn nấu rau hấp,canh_rau
nguyên liệu: trứng cơm hành,com_chien_trung
tôi muốn nấu sườn,suon_nuong
tôi có trứng hành,trung_xao_hanh
trứng nhanh,trung_cuon
làm món từ trứng chiên,trung_chien
có đậu hũ thì nấu gì kho,dau_hu_chien
thịt,thit_nuong
tôi muốn nấu bánh mì trứng luộc,banh_mi_op_la
ăn với cơm mực tôm,com_chien_hai_san
làm món từ sườn,suon_nuong
có đậu cơm trứng xúc xích thì nấu gì,com_chien_duong_chau
tôi muốn nấu cá gia đình chiên,ca_kho
có bún bò thì nấu gì,bun_bo
ăn với mì bò trộn,mi_xao_bo
nguyên liệu: bò bún,bun_bo
tôi muốn nấu cà rốt gà,sup_ga
có rau gà thì nấu gì,lau_ga
có bún bò nhanh thì nấu gì xào,bun_bo
tôi muốn nấu rau cơm trứng,com_tron
tôi có sườn trộn,suon_kho
nấu mì rau ngon được gì,mi_tron
cơm đậu xúc xích trứng,com_chien_duong_chau
nấu trứng được gì hấp,trung_op_la
mì tôm mực đơn giản kho,mi_xao_hai_san
nguyên liệu: trứng cơm hành đơn giản,com_chien_trung
tôi muốn nấu trứng,trung_hap
tôi muốn nấu gà,ga_chien
có tôm tỏi thì nấu gì,tom_xao_toi
tôi có bún bò,bun_bo
có cơm gà thì nấu gì,com_ga
nguyên liệu: thịt,thit_nuong
mình có mực tôm cơm chiên,com_chien_hai_san
nấu bún bò được gì,bun_bo
mì,mi_goi
tôi có trứng ngon nướng,trung_luoc
tôi muốn nấu trứng,trung_cuon
ăn với cà chua trứng chiên,trung_chien_ca_chua
nguyên liệu: trứng,trung_chien
cơm sườn nhanh,com_tam
làm món từ thịt trứng,trung_xao_thit
nguyên liệu: bò hành kho,bo_xao_hanh
tôi có cà chua trứng,trung_chien_ca_chua
tôi muốn nấu tỏi rau,rau_xao_toi
món ăn từ bò phở,pho_bo
ăn với cá,ca_chien
mình có sườn,suon_kho
làm món từ rau mì,mi_tron
nấu thịt được gì nướng,thit_nuong
có trứng đậu cơm xúc xích thì nấu gì,com_chien_duong_chau
ăn với trứng cà chua trộn,canh_trung_ca_chua
có bún bò thì nấu gì hấp,bun_bo
tôi muốn nấu xúc xích cơm đậu trứng,com_chien_duong_chau
nấu cá được gì,ca_kho
tôi muốn nấu thịt bánh mì gia đình,banh_mi_thit
tôi có cà chua trứng trộn,canh_trung_ca_chua
món ăn từ bánh mì trứng nhanh,banh_mi_op_la
trứng trộn,trung_op_la
tôi có sườn đơn giản xào,suon_kho
món ăn từ trứng trộn,trung_hap
tôi muốn nấu trứng luộc,trung_chien
có thịt bánh mì thì nấu gì,banh_mi_thit
đậu hũ ngon hấp,dau_hu_chien
nấu bánh mì trứng được gì,banh_mi_trung
nấu gà được gì,ga_nuong
có bánh mì trứng thì nấu gì xào,banh_mi_op_la
tôi muốn nấu bò bún,bun_bo
có hành trứng cơm gia đình thì nấu gì,com_chien_trung
nấu gà cơm được gì,com_ga
ăn với tỏi rau nhanh,rau_xao_toi
phở bò,pho_bo
ăn với cà chua đậu hũ gia đình chiên,dau_hu_sot_ca
tôi muốn nấu trứng,trung_hap
tôi có mực tôm mì ngon,mi_xao_hai_san
nấu trứng được gì,trung_op_la
mình có gà cà rốt kho,sup_ga
món ăn từ trứng rau cơm,com_tron
nguyên liệu: hành trứng luộc,trung_xao_hanh
mình có rau tỏi nhanh,rau_xao_toi
mình có bún bò đơn giản,bun_bo
có tỏi rau đơn giản thì nấu gì,rau_xao_toi
nguyên liệu: gà hấp,canh_ga
nguyên liệu: trứng hành,trung_xao_hanh
làm món từ tỏi rau nhanh,rau_xao_toi
có thịt trứng gia đình thì nấu gì,trung_xao_thit
ăn với mì bò đơn giản,mi_xao_bo
cá,ca_chien
tôi muốn nấu trứng bánh mì xào,banh_mi_op_la
có cơm gà thì nấu gì,com_ga
làm món từ trứng mì gia đình luộc,mi_xao_trung
nguyên liệu: trứng thịt,thit_kho_trung
tôi có cà chua trứng ngon,canh_trung_ca_chua
ăn với bánh mì trứng,banh_mi_op_la
tôi muốn nấu trứng hành,trung_xao_hanh
tôi muốn nấu gà chiên,ga_chien
có bò phở thì nấu gì,pho_bo
tôi muốn nấu cá hấp,ca_kho
cà rốt gà luộc,sup_ga
mình có mì rau,mi_tron
nấu rau nhanh được gì,canh_rau
nguyên liệu: mì,mi_goi
có sườn ngon thì nấu gì trộn,suon_kho
tôi muốn nấu bò hành chiên,bo_xao_hanh
tôi muốn nấu mì mực tôm,mi_xao_hai_san
tôi có trứng,trung_cuon
nguyên liệu: sườn cơm,com_tam
mực rau tôm,lau_thai
tôi có rau tôm mực,lau_thai
ăn với trứng thịt,trung_xao_thit
ăn với thịt trứng đơn giản trộn,trung_xao_thit
nấu hành bò được gì,bo_xao_hanh
mình có trứng thịt,thit_kho_trung
tôi có sườn gia đình,suon_kho
nấu mì bò được gì nướng,mi_xao_bo
ăn với cà rốt gà,sup_ga
mình có cà rốt gà,sup_ga
gà nhanh kho,canh_ga
làm món từ cà chua đậu hũ gia đình,dau_hu_sot_ca
nguyên liệu: thịt trứng đơn giản nướng,thit_kho_trung
làm món từ cơm xúc xích đậu trứng nhanh luộc,com_chien_duong_chau
nguyên liệu: bánh mì trứng gia đình kho,banh_mi_op_la
tôm tỏi đơn giản,tom_xao_toi
bò hành ngon luộc,bo_xao_hanh
ăn với mì nhanh kho,mi_goi
làm món từ sườn,suon_nuong
mình có đậu hũ trộn,dau_hu_chien
làm món từ cà rốt gà,sup_ga
làm món từ sườn cơm,com_tam
nấu bún bò được gì,bun_bo
nấu trứng mì được gì kho,mi_xao_trung
có cà rốt gà thì nấu gì nướng,sup_ga
nấu thịt được gì,thit_nuong
mực rau tôm kho,lau_thai
hành trứng,trung_xao_hanh
ăn với bò cà rốt khoai,bo_kho
tôi có tỏi tôm,tom_xao_toi
làm món từ bún bò ngon,bun_bo
nấu trứng ngon được gì,trung_hap
có đậu hũ thì nấu gì,dau_hu_chien
mình có sườn luộc,suon_kho
tôi có trứng,trung_op_la
mình có tỏi tôm nướng,tom_xao_toi
tôi có trứng nướng,trung_op_la
mình có cá,ca_kho
tôi có thịt xào,thit_nuong
có đậu hũ thì nấu gì,dau_hu_chien
món ăn từ rau tỏi,rau_xao_toi
tôi muốn nấu rau trứng cơm,com_tron
có mì rau thì nấu gì,mi_tron
tôi muốn nấu trứng bánh mì chiên,banh_mi_trung
tôi muốn nấu cơm trứng hành,com_chien_trung
mình có thịt bánh mì,banh_mi_thit
nguyên liệu: đậu hũ hấp,dau_hu_chien
có trứng thì nấu gì kho,trung_cuon
ăn với đậu xúc xích cơm trứng,com_chien_duong_chau
gà,canh_ga
nguyên liệu: rau gà nướng,lau_ga
món ăn từ cơm sườn,com_tam
tôi muốn nấu bò bún kho,bun_bo
làm món từ trứng chiên,trung_chien
nguyên liệu: thịt trứng,thit_kho_trung
làm món từ tôm tỏi,tom_xao_toi
tôi có rau tỏi ngon xào,rau_xao_toi
làm món từ bún bò,bun_bo
tôi có đậu hũ cà chua nhanh luộc,dau_hu_sot_ca
tôi có rau mì luộc,mi_tron
làm món từ mì,mi_goi
nguyên liệu: hành cơm trứng hấp,com_chien_trung
nguyên liệu: mì bò chiên,mi_xao_bo
món ăn từ cá,ca_kho
món ăn từ cá trộn,ca_kho
có gà thì nấu gì,ga_nuong
tôi muốn nấu cơm hành trứng,com_chien_trung
có đậu hũ thì nấu gì luộc,dau_hu_chien
món ăn từ bò mì,mi_xao_bo
nấu trứng được gì,trung_cuon
món ăn từ trứng hành hấp,trung_xao_hanh
nấu gà đơn giản được gì trộn,ga_chien
món ăn từ đậu hũ,dau_hu_chien
trứng cà chua nhanh,canh_trung_ca_chua
tôi có thịt xào,thit_nuong
cơm gà,com_ga
ăn với bánh mì trứng luộc,banh_mi_op_la
có sườn thì nấu gì xào,suon_nuong
nguyên liệu: cơm gà,com_ga
nấu trứng bánh mì được gì,banh_mi_trung
tôi có mì bò,mi_xao_bo
tôi có mì trứng,mi_xao_trung
món ăn từ mì mực tôm luộc,mi_xao_hai_san
món ăn từ thịt gia đình,thit_nuong
món ăn từ mì,mi_goi
tôi muốn nấu cà chua đậu hũ gia đình,dau_hu_sot_ca
nấu đậu hũ cà chua nhanh được gì,dau_hu_sot_ca
làm món từ bò hành,bo_xao_hanh
làm món từ gà rau ngon,lau_ga
nguyên liệu: thịt,thit_nuong
nấu đậu hũ gia đình được gì,dau_hu_chien
món ăn từ cà chua trứng trộn,canh_trung_ca_chua
món ăn từ thịt bánh mì,banh_mi_thit
tôi có gà hấp,ga_nuong
có bánh mì trứng thì nấu gì,banh_mi_op_la
mình có trứng thịt nhanh kho,trung_xao_thit
món ăn từ gà cà rốt,sup_ga
tôi có tôm cơm mực nướng,com_chien_hai_san
cơm mực tôm,com_chien_hai_san
tôi muốn nấu gà luộc,ga_chien
mình có bò phở xào,pho_bo
làm món từ rau mì,mi_tron
món ăn từ sườn ngon kho,suon_kho
tôi muốn nấu bò khoai cà rốt,bo_kho
có trứng bánh mì thì nấu gì,banh_mi_trung
món ăn từ cá hấp,ca_chien
nguyên liệu: tôm mì mực kho,mi_xao_hai_san
có cá thì nấu gì kho,ca_chien
có gà thì nấu gì,canh_ga
có trứng bánh mì thì nấu gì,banh_mi_trung
tôi có sườn trộn,suon_nuong
tôi có sườn,suon_nuong
có cá thì nấu gì,ca_chien
nguyên liệu: gà,ga_nuong
nấu trứng được gì,trung_chien
làm món từ trứng mì,mi_xao_trung
tôi có trứng cà chua,trung_chien_ca_chua
sườn hấp,suon_nuong
nguyên liệu: trứng cà chua,trung_chien_ca_chua
mình có bánh mì trứng xào,banh_mi_trung
có trứng bánh mì ngon thì nấu gì,banh_mi_trung
nấu rau tỏi nhanh được gì xào,rau_xao_toi
món ăn từ trứng hành ngon,trung_xao_hanh
có cà rốt khoai bò thì nấu gì,bo_kho
cà rốt bò khoai nhanh,bo_kho
tôi có bò bún,bun_bo
tôi muốn nấu trứng bánh mì xào,banh_mi_op_la
làm món từ tôm mì mực gia đình,mi_xao_hai_san
gà ngon,ga_chien
làm món từ rau thịt,thit_xao_rau
bánh mì trứng,banh_mi_op_la
làm món từ bò cà rốt khoai,bo_kho
làm món từ bò hành xào,bo_xao_hanh
tôi muốn nấu mì,mi_goi
có trứng thì nấu gì luộc,trung_op_la
mình có cà chua trứng,canh_trung_ca_chua
tôi có bánh mì trứng trộn,banh_mi_trung
có trứng bánh mì đơn giản thì nấu gì,banh_mi_trung
mình có trứng luộc,trung_cuon
tôi có bánh mì trứng chiên,banh_mi_op_la
tôi muốn nấu tỏi rau,rau_xao_toi
tôi có rau gà chiên,lau_ga
tôi muốn nấu sườn,suon_kho
tôi muốn nấu gà gia đình,canh_ga
tôi có sườn cơm trộn,com_tam
làm món từ cá trộn,ca_kho
đậu hũ,dau_hu_chien
rau luộc,canh_rau
tôi muốn nấu bò cà rốt khoai,bo_kho
mình có tôm tỏi,tom_xao_toi
tôi có trứng hành cơm,com_chien_trung
ăn với cá đơn giản nướng,ca_chien
ăn với bò mì hấp,mi_xao_bo
có bò mì thì nấu gì,mi_xao_bo
nấu rau mì được gì kho,mi_tron
làm món từ trứng bánh mì,banh_mi_op_la
bánh mì trứng trộn,banh_mi_trung
nguyên liệu: trứng trộn,trung_chien
có mì mực tôm thì nấu gì,mi_xao_hai_san
ăn với cà chua trứng,trung_chien_ca_chua
nấu bánh mì trứng được gì kho,banh_mi_op_la
tôi có thịt bánh mì nướng,banh_mi_thit
tôi muốn nấu rau tỏi đơn giản luộc,rau_xao_toi
nguyên liệu: cá đơn giản,ca_kho
tôi có mì,mi_goi
tôi muốn nấu trứng,trung_cuon
làm món từ trứng đơn giản,trung_chien
tôi muốn nấu đậu hũ hấp,dau_hu_chien
món ăn từ rau tỏi gia đình,rau_xao_toi
có thịt trứng thì nấu gì,trung_xao_thit
có tôm mực rau thì nấu gì nướng,lau_thai
mình có tôm mực rau chiên,lau_thai
nấu trứng được gì,trung_luoc
làm món từ đậu hũ gia đình,dau_hu_chien
tôi có trứng thịt,thit_kho_trung
món ăn từ trứng cà chua ngon,trung_chien_ca_chua
món ăn từ trứng chiên,trung_hap
tôi muốn nấu thịt,thit_nuong
ăn với gà gia đình,ga_nuong
làm món từ trứng chiên,trung_luoc
tôi muốn nấu rau gà gia đình chiên,lau_ga
nguyên liệu: trứng hành,trung_xao_hanh
trứng hành hấp,trung_xao_hanh
tôi muốn nấu trứng,trung_luoc
nấu trứng được gì,trung_op_la
nguyên liệu: thịt trứng,thit_kho_trung
nấu đậu hũ cà chua được gì hấp,dau_hu_sot_ca
mình có cá kho,ca_chien
nấu bò bún được gì,bun_bo
có cà rốt khoai bò đơn giản thì nấu gì,bo_kho
làm món từ cà chua trứng,canh_trung_ca_chua
tôi muốn nấu gà gia đình,ga_chien
làm món từ tỏi rau chiên,rau_xao_toi
làm món từ bò bún,bun_bo
có tỏi tôm thì nấu gì nướng,tom_xao_toi
có cơm gà thì nấu gì,com_ga
có mì trứng thì nấu gì,mi_xao_trung
nấu phở bò được gì,pho_bo
ăn với trứng hành,trung_xao_hanh
tôi có gà,ga_chien
làm món từ bò hành chiên,bo_xao_hanh
món ăn từ sườn,suon_kho
tôi muốn nấu cơm sườn,com_tam
ăn với bánh mì trứng chiên,banh_mi_op_la
tôi có xúc xích cơm đậu trứng nướng,com_chien_duong_chau
có trứng thì nấu gì,trung_chien
có trứng mì thì nấu gì trộn,mi_xao_trung
có cà rốt bò khoai thì nấu gì,bo_kho
ăn với trứng cơm rau ngon,com_tron
có thịt trứng thì nấu gì,trung_xao_thit
có thịt rau đơn giản thì nấu gì kho,thit_xao_rau
làm món từ cà chua trứng,trung_chien_ca_chua
tôi muốn nấu thịt luộc,thit_nuong
nguyên liệu: trứng bánh mì,banh_mi_op_la
tôi muốn nấu bò phở luộc,pho_bo
ăn với trứng thịt,thit_kho_trung
ăn với bánh mì thịt,banh_mi_thit
có cà chua trứng thì nấu gì hấp,trung_chien_ca_chua
ăn với cơm trứng rau,com_tron
mì rau,mi_tron
nấu thịt trứng được gì,trung_xao_thit
làm món từ trứng mì,mi_xao_trung
đậu hũ,dau_hu_chien
nguyên liệu: gà nhanh,ga_nuong
tôi có gà cơm,com_ga
làm món từ mì trứng nướng,mi_xao_trung
mình có trứng thịt xào,trung_xao_thit
bánh mì trứng,banh_mi_op_la
tôi có trứng,trung_chien
mình có cơm trứng rau luộc,com_tron
có bánh mì trứng thì nấu gì hấp,banh_mi_op_la
món ăn từ mì tôm mực,mi_xao_hai_san
có rau mì nhanh thì nấu gì,mi_tron
trứng,trung_op_la
tôi có trứng xào,trung_hap
gà,ga_nuong
nguyên liệu: trứng thịt trộn,trung_xao_thit
mình có xúc xích đậu cơm trứng kho,com_chien_duong_chau
tôi có rau mì,mi_tron
làm món từ trứng trộn,trung_op_la
món ăn từ trứng cà chua,trung_chien_ca_chua
tôi muốn nấu mì nhanh kho,mi_goi
làm món từ bánh mì thịt nhanh,banh_mi_thit
món ăn từ bò mì kho,mi_xao_bo
ăn với mì,mi_goi
mình có mực tôm mì,mi_xao_hai_san
có tôm mực mì ngon thì nấu gì,mi_xao_hai_san
mình có thịt đơn giản,thit_nuong
trứng nướng,trung_luoc
đậu hũ cà chua,dau_hu_sot_ca
nguyên liệu: trứng rau cơm đơn giản chiên,com_tron
nấu thịt trứng đơn giản được gì,thit_kho_trung
làm món từ đậu hũ xào,dau_hu_chien
tôi muốn nấu trứng cà chua,canh_trung_ca_chua
tôi muốn nấu gà rau hấp,lau_ga
tôi có cá trộn,ca_kho
ăn với rau chiên,canh_rau
món ăn từ rau tôm mực,lau_thai
làm món từ gà chiên,canh_ga
có tỏi tôm ngon thì nấu gì,tom_xao_toi
làm món từ thịt trứng,trung_xao_thit
món ăn từ mì đơn giản,mi_goi
nấu rau gà được gì nướng,lau_ga
nguyên liệu: trứng nướng,trung_cuon
làm món từ cá gia đình,ca_kho
mình có bánh mì trứng nướng,banh_mi_op_la
mình có bánh mì trứng,banh_mi_op_la
món ăn từ gà rau gia đình,lau_ga
món ăn từ trứng trộn,trung_hap
mình có cà rốt bò khoai,bo_kho
mình có hành trứng,trung_xao_hanh
có sườn cơm đơn giản thì nấu gì,com_tam
tôi muốn nấu trứng chiên,trung_chien
tôi muốn nấu gà nướng,canh_ga
nguyên liệu: rau thịt nướng,thit_xao_rau
mình có rau mì,mi_tron
làm món từ rau,canh_rau
nguyên liệu: mì trứng nướng,mi_xao_trung
nguyên liệu: trứng đơn giản trộn,trung_chien
tôi có gà gia đình,canh_ga
ăn với trứng,trung_cuon
nguyên liệu: trứng chiên,trung_op_la
tôi muốn nấu trứng cơm xúc xích đậu hấp,com_chien_duong_chau
cơm sườn xào,com_tam
mình có đậu hũ,dau_hu_chien
làm món từ rau mì,mi_tron
ăn với mì trứng,mi_xao_trung
ăn với trứng,trung_op_la
nấu gà gia đình được gì nướng,canh_ga
tôi có trứng đơn giản,trung_hap
cơm gà,com_ga
ăn với đậu hũ trộn,dau_hu_chien
mình có trứng,trung_op_la
làm món từ bánh mì trứng trộn,banh_mi_trung
nguyên liệu: thịt bánh mì nhanh,banh_mi_thit
tôi có bánh mì trứng,banh_mi_trung
tôi có rau,canh_rau
ăn với sườn hấp,suon_kho
tôi có cá chiên,ca_chien
mình có tôm mực cơm,com_chien_hai_san
nấu bò bún gia đình được gì luộc,bun_bo
tôi có cơm trứng xúc xích đậu nhanh chiên,com_chien_duong_chau
ăn với gà,ga_chien
tôi muốn nấu trứng luộc,trung_op_la
ăn với thịt,thit_nuong
tôi có rau,canh_rau
nấu sườn được gì trộn,suon_nuong
mình có trứng,trung_chien
ăn với trứng luộc,trung_cuon
có trứng ngon thì nấu gì,trung_hap
nguyên liệu: cá,ca_kho
mình có thịt đơn giản,thit_nuong
nấu tôm cơm mực được gì,com_chien_hai_san
có trứng cơm rau thì nấu gì xào,com_tron
nấu hành trứng được gì hấp,trung_xao_hanh
có cá thì nấu gì,ca_chien
có cá thì nấu gì,ca_kho
mình có gà,ga_chien
món ăn từ bò mì,mi_xao_bo
ăn với phở bò,pho_bo
mình có trứng thịt,trung_xao_thit
tôi có cá kho,ca_kho
mình có mì mực tôm luộc,mi_xao_hai_san
nấu rau mực tôm được gì kho,lau_thai
tôi có hành cơm trứng nhanh luộc,com_chien_trung
tôi muốn nấu trứng,trung_luoc
mình có tỏi tôm trộn,tom_xao_toi
tôi có cà chua trứng trộn,trung_chien_ca_chua
mì mực tôm,mi_xao_hai_san
món ăn từ gà nướng,ga_nuong
nấu gà rau được gì,lau_ga
có trứng thì nấu gì,trung_luoc
tôi muốn nấu thịt trứng,thit_kho_trung
nguyên liệu: trứng hành,trung_xao_hanh
nguyên liệu: trứng nướng,trung_op_la
nguyên liệu: trứng đơn giản,trung_op_la
trứng rau cơm chiên,com_tron
trứng,trung_hap
làm món từ bún bò gia đình,bun_bo
có đậu hũ thì nấu gì luộc,dau_hu_chien
tôi muốn nấu bò hành nhanh,bo_xao_hanh
nguyên liệu: trứng cà chua nhanh hấp,canh_trung_ca_chua
món ăn từ bánh mì trứng nướng,banh_mi_trung
tôi có bò khoai cà rốt chiên,bo_kho
nguyên liệu: phở bò,pho_bo
món ăn từ gà cà rốt,sup_ga
làm món từ trứng bánh mì,banh_mi_op_la
nguyên liệu: sườn,suon_kho
mình có cà chua trứng kho,canh_trung_ca_chua
khoai bò cà rốt ngon,bo_kho
món ăn từ rau tỏi,rau_xao_toi
món ăn từ mực tôm rau,lau_thai
làm món từ rau tỏi,rau_xao_toi
trứng đơn giản,trung_cuon
nguyên liệu: trứng,trung_hap
nấu tôm tỏi được gì,tom_xao_toi
tôi muốn nấu bò bún,bun_bo
mình có hành trứng luộc,trung_xao_hanh
mình có gà xào,ga_chien
làm món từ rau nhanh trộn,canh_rau
nấu gà gia đình được gì chiên,canh_ga
có cà chua trứng thì nấu gì hấp,canh_trung_ca_chua
tôi có cà chua trứng nướng,canh_trung_ca_chua
mình có cơm tôm mực,com_chien_hai_san
tôi có bò mì đơn giản xào,mi_xao_bo
món ăn từ trứng bánh mì đơn giản luộc,banh_mi_trung
nấu mực cơm tôm được gì,com_chien_hai_san
tôi có bò mì ngon,mi_xao_bo
mình có phở bò,pho_bo
có tỏi tôm thì nấu gì hấp,tom_xao_toi
tôi có sườn luộc,suon_nuong
mình có cơm sườn xào,com_tam
tôi muốn nấu bò mì,mi_xao_bo
có bò khoai cà rốt gia đình thì nấu gì trộn,bo_kho
trứng ngon,trung_op_la
món ăn từ trứng,trung_chien
nấu cá được gì,ca_kho
nguyên liệu: trứng,trung_hap
nguyên liệu: thịt,thit_nuong
làm món từ trứng cơm xúc xích đậu hấp,com_chien_duong_chau
tôi có bánh mì trứng ngon luộc,banh_mi_op_la
có cà chua trứng thì nấu gì,trung_chien_ca_chua
có trứng gia đình thì nấu gì,trung_chien
tôi muốn nấu bánh mì thịt,banh_mi_thit
làm món từ sườn cơm đơn giản,com_tam
nấu thịt đơn giản được gì,thit_nuong
nguyên liệu: đậu hũ cà chua,dau_hu_sot_ca
món ăn từ thịt bánh mì,banh_mi_thit
nguyên liệu: hành bò,bo_xao_hanh
nguyên liệu: thịt trứng,trung_xao_thit
nấu trứng cà chua gia đình được gì chiên,canh_trung_ca_chua
tôi muốn nấu bò cà rốt khoai,bo_kho
món ăn từ mì trứng kho,mi_xao_trung
nấu gà cà rốt được gì,sup_ga
món ăn từ trứng cơm hành trộn,com_chien_trung
ăn với rau mì nướng,mi_tron
mình có rau gà nướng,lau_ga
nguyên liệu: gà chiên,canh_ga
làm món từ bánh mì trứng xào,banh_mi_trung
nấu cá được gì,ca_kho
mì rau,mi_tron
món ăn từ hành bò xào,bo_xao_hanh
tôi có tôm tỏi,tom_xao_toi
món ăn từ hành trứng cơm luộc,com_chien_trung
nấu tôm tỏi nhanh được gì,tom_xao_toi
làm món từ trứng nhanh,trung_chien
món ăn từ cơm sườn chiên,com_tam
cà chua đậu hũ nhanh nướng,dau_hu_sot_ca
mình có bò bún ngon,bun_bo
mình có gà,ga_nuong
thịt,thit_nuong
mình có bò phở kho,pho_bo
nấu cà chua trứng được gì,trung_chien_ca_chua
trứng mì hấp,mi_xao_trung
mì,mi_goi
mình có cá đơn giản,ca_kho
tôi có tôm mực cơm nướng,com_chien_hai_san
nấu trứng thịt được gì,trung_xao_thit
tôi muốn nấu trứng rau cơm,com_tron
trứng,trung_luoc
mì,mi_goi
nấu rau tôm mực được gì,lau_thai
món ăn từ thịt trứng,thit_kho_trung
ăn với bò hành,bo_xao_hanh
tôi muốn nấu cà rốt gà,sup_ga
món ăn từ cà chua trứng ngon,trung_chien_ca_chua
món ăn từ rau mì,mi_tron
ăn với trứng cà chua chiên,trung_chien_ca_chua
ăn với cà chua đậu hũ,dau_hu_sot_ca
làm món từ tỏi tôm,tom_xao_toi
có rau nhanh thì nấu gì,canh_rau
món ăn từ cơm gà nhanh kho,com_ga
có hành cơm trứng thì nấu gì xào,com_chien_trung
mình có bánh mì trứng chiên,banh_mi_trung
tôi có bò mì xào,mi_xao_bo
tôi có cá chiên,ca_kho
trứng thịt luộc,thit_kho_trung
ăn với tôm tỏi hấp,tom_xao_toi
món ăn từ hành trứng nhanh,trung_xao_hanh
thịt ngon,thit_nuong
món ăn từ sườn trộn,suon_kho
ăn với trứng hành,trung_xao_hanh
tôi có hành trứng kho,trung_xao_hanh
có hành trứng cơm thì nấu gì,com_chien_trung
tôi có đậu hũ luộc,dau_hu_chien
ăn với trứng,trung_cuon
ăn với hành trứng trộn,trung_xao_hanh
có hành trứng thì nấu gì,trung_xao_hanh
làm món từ gà gia đình luộc,ga_chien
nấu trứng được gì,trung_luoc
nguyên liệu: bún bò,bun_bo
có cơm sườn thì nấu gì,com_tam
cá chiên,ca_chien
có bò bún nhanh thì nấu gì,bun_bo
tôm mì mực kho,mi_xao_hai_san
ăn với đậu hũ,dau_hu_chien
ăn với cá,ca_chien
tôi có cà chua đậu hũ hấp,dau_hu_sot_ca
tôi muốn nấu trứng mì hấp,mi_xao_trung
ăn với trứng bánh mì,banh_mi_trung
món ăn từ mì rau,mi_tron
mình có đậu hũ cà chua,dau_hu_sot_ca
có đậu hũ cà chua thì nấu gì,dau_hu_sot_ca
tôi muốn nấu gà,ga_nuong
tôi có bò hành kho,bo_xao_hanh
nấu mì rau được gì,mi_tron
mình có bò phở,pho_bo
ăn với gà luộc,ga_nuong
có rau thịt ngon thì nấu gì chiên,thit_xao_rau
nấu cơm sườn được gì,com_tam
nấu mì mực tôm gia đình được gì,mi_xao_hai_san
nấu trứng được gì,trung_luoc
món ăn từ gà cơm gia đình kho,com_ga
món ăn từ trứng,trung_op_la
tôi có cơm sườn,com_tam
có trứng thì nấu gì,trung_hap
tôi muốn nấu cá đơn giản,ca_kho
nguyên liệu: tỏi tôm gia đình,tom_xao_toi
có tỏi tôm thì nấu gì trộn,tom_xao_toi
làm món từ bò hành ngon,bo_xao_hanh
nấu hành bò được gì hấp,bo_xao_hanh
tôi có cá luộc,ca_kho
nấu rau tỏi được gì,rau_xao_toi
món ăn từ cá gia đình,ca_chien
có mì thì nấu gì xào,mi_goi
ăn với tôm tỏi,tom_xao_toi
làm món từ thịt trứng hấp,thit_kho_trung
làm món từ đậu cơm trứng xúc xích,com_chien_duong_chau
làm món từ thịt trứng kho,thit_kho_trung
món ăn từ trứng nướng,trung_luoc
tôi muốn nấu sườn,suon_kho
nấu trứng bánh mì được gì xào,banh_mi_op_la
nguyên liệu: cá chiên,ca_kho
mình có cá chiên,ca_kho
tôi có tôm mực rau nướng,lau_thai
mình có trứng ngon,trung_luoc
nấu trứng cơm hành được gì,com_chien_trung
nấu sườn đơn giản được gì kho,suon_kho
có trứng hành thì nấu gì,trung_xao_hanh
nấu tôm mực rau được gì,lau_thai
mình có tôm mực cơm,com_chien_hai_san
nguyên liệu: bò hành,bo_xao_hanh
bò bún nướng,bun_bo
làm món từ trứng,trung_hap
tôm tỏi chiên,tom_xao_toi
nguyên liệu: thịt xào,thit_nuong
nguyên liệu: hành cơm trứng trộn,com_chien_trung
tôi có trứng thịt hấp,trung_xao_thit
nấu khoai cà rốt bò ngon được gì,bo_kho
làm món từ thịt gia đình,thit_nuong
món ăn từ thịt xào,thit_nuong
có cà chua trứng thì nấu gì hấp,trung_chien_ca_chua
làm món từ tôm rau mực,lau_thai
mình có cà rốt khoai bò gia đình,bo_kho
nguyên liệu: gà rau gia đình nướng,lau_ga
rau thịt nướng,thit_xao_rau
nấu trứng bánh mì được gì luộc,banh_mi_trung
ăn với gà trộn,canh_ga
món ăn từ bánh mì trứng trộn,banh_mi_trung
nấu sườn được gì hấp,suon_kho
tôi có xúc xích cơm đậu trứng luộc,com_chien_duong_chau
nguyên liệu: gà nhanh hấp,ga_nuong
nguyên liệu: bánh mì trứng,banh_mi_trung
làm món từ mực cơm tôm,com_chien_hai_san
tôi có bò bún,bun_bo
mình có mì,mi_goi
tôi có tôm mì mực,mi_xao_hai_san
bò phở nướng,pho_bo
làm món từ rau gà,lau_ga
tôi có trứng cà chua,canh_trung_ca_chua
có cơm sườn thì nấu gì,com_tam
tôi muốn nấu rau tỏi,rau_xao_toi
tôi muốn nấu cá,ca_kho
ăn với sườn,suon_kho
mì bò,mi_xao_bo
tôi có mì rau,mi_tron
trứng bánh mì,banh_mi_op_la
ăn với trứng,trung_chien
món ăn từ mì trứng kho,mi_xao_trung
nấu gà được gì xào,ga_nuong
mình có thịt trứng,trung_xao_thit
mình có gà cơm,com_ga
ăn với cà chua trứng ngon,canh_trung_ca_chua
đậu hũ luộc,dau_hu_chien
món ăn từ trứng xào,trung_cuon
món ăn từ bò phở nướng,pho_bo
tôi có cá,ca_kho
nấu trứng được gì luộc,trung_chien
trứng thịt,trung_xao_thit
mình có mực tôm mì,mi_xao_hai_san
nguyên liệu: gà cơm kho,com_ga
tôi muốn nấu gà cà rốt,sup_ga
mình có trứng cà chua,trung_chien_ca_chua
tôi muốn nấu phở bò,pho_bo
làm món từ gà,canh_ga
nguyên liệu: xúc xích cơm đậu trứng,com_chien_duong_chau
ăn với trứng,trung_luoc
mình có cá,ca_chien
món ăn từ gà luộc,ga_nuong
mình có cơm sườn chiên,com_tam
món ăn từ gà cơm ngon nướng,com_ga
ăn với trứng nướng,trung_luoc
rau trứng cơm,com_tron
có mì rau thì nấu gì,mi_tron
làm món từ mì bò chiên,mi_xao_bo
món ăn từ trứng thịt,trung_xao_thit
món ăn từ hành trứng ngon,trung_xao_hanh
tôi muốn nấu trứng nhanh,trung_chien
mình có hành bò,bo_xao_hanh
tôi có bò bún hấp,bun_bo
nguyên liệu: cá ngon,ca_chien
có cá nhanh thì nấu gì trộn,ca_kho
nấu mì mực tôm được gì,mi_xao_hai_san
làm món từ cá,ca_kho
món ăn từ trứng,trung_op_la
ăn với rau tỏi trộn,rau_xao_toi
nguyên liệu: trứng thịt,thit_kho_trung
tôi có rau ngon,canh_rau
tôi có rau mực tôm kho,lau_thai
món ăn từ mì bò,mi_xao_bo
sườn,suon_kho
làm món từ bò cà rốt khoai nướng,bo_kho
ăn với sườn,suon_kho
tôi muốn nấu trứng,trung_cuon
trứng,trung_hap
làm món từ mì,mi_goi
ăn với cá,ca_kho
làm món từ rau thịt,thit_xao_rau
ăn với hành bò đơn giản nướng,bo_xao_hanh
nấu tôm mực mì được gì chiên,mi_xao_hai_san
có trứng đậu xúc xích cơm thì nấu gì,com_chien_duong_chau
tôi muốn nấu trứng cà chua gia đình,canh_trung_ca_chua
làm món từ rau gà,lau_ga
món ăn từ thịt rau,thit_xao_rau
nấu bánh mì thịt được gì,banh_mi_thit
nấu thịt trứng được gì trộn,thit_kho_trung
mình có sườn,suon_kho
nấu bánh mì trứng được gì chiên,banh_mi_trung
có trứng thì nấu gì,trung_op_la
gà cà rốt chiên,sup_ga
có trứng thì nấu gì,trung_luoc
tôi muốn nấu trứng thịt hấp,trung_xao_thit
cơm gà hấp,com_ga
tôi có trứng cơm hành ngon trộn,com_chien_trung
nguyên liệu: sườn,suon_nuong
tôi có trứng,trung_luoc
làm món từ thịt trứng trộn,thit_kho_trung
tôi muốn nấu thịt,thit_nuong
nguyên liệu: thịt,thit_nuong
nấu cà chua trứng được gì nướng,trung_chien_ca_chua
tôi muốn nấu trứng cà chua,trung_chien_ca_chua
ăn với gà,ga_chien
gà cà rốt,sup_ga
món ăn từ hành cơm trứng,com_chien_trung
làm món từ trứng cơm hành kho,com_chien_trung
rau tỏi hấp,rau_xao_toi
ăn với thịt trứng,thit_kho_trung
nấu mì trứng gia đình được gì,mi_xao_trung
có sườn thì nấu gì chiên,suon_nuong
có tôm mực rau thì nấu gì,lau_thai
rau tôm mực,lau_thai
mình có rau thịt,thit_xao_rau
ăn với trứng mì nhanh,mi_xao_trung
nguyên liệu: trứng ngon trộn,trung_hap
làm món từ tỏi rau luộc,rau_xao_toi
nấu gà được gì xào,ga_chien
cơm sườn chiên,com_tam
ăn với bánh mì trứng nướng,banh_mi_trung
có trứng thì nấu gì,trung_op_la
món ăn từ hành trứng gia đình xào,trung_xao_hanh
món ăn từ cá gia đình nướng,ca_chien
thịt rau đơn giản,thit_xao_rau
mình có sườn nướng,suon_nuong
món ăn từ cá,ca_kho
nguyên liệu: trứng thịt luộc,trung_xao_thit
món ăn từ mì luộc,mi_goi
có tôm tỏi thì nấu gì,tom_xao_toi
trứng gia đình,trung_cuon
làm món từ gà đơn giản,ga_chien
ăn với cơm trứng rau,com_tron
rau trứng cơm,com_tron
nấu gà đơn giản được gì trộn,ga_chien
có rau gà thì nấu gì hấp,lau_ga
có sườn thì nấu gì luộc,suon_nuong
tôi muốn nấu cơm mực tôm,com_chien_hai_san
có tôm tỏi thì nấu gì luộc,tom_xao_toi
nấu trứng ngon được gì,trung_cuon
tôi muốn nấu sườn,suon_nuong
nguyên liệu: gà,canh_ga
nấu sườn được gì,suon_nuong
có gà thì nấu gì,ga_chien
tôi có tôm mực rau,lau_thai
ăn với mì bò luộc,mi_xao_bo
nguyên liệu: trứng mì luộc,mi_xao_trung
tôi có sườn kho,suon_kho
món ăn từ bò hành,bo_xao_hanh
làm món từ thịt bánh mì,banh_mi_thit
đậu hũ,dau_hu_chien
sườn,suon_nuong
ăn với trứng ngon,trung_chien
tôi muốn nấu bò hành nhanh,bo_xao_hanh
nguyên liệu: rau thịt xào,thit_xao_rau
món ăn từ mực cơm tôm,com_chien_hai_san
sườn đơn giản,suon_nuong
tôi muốn nấu bò hành chiên,bo_xao_hanh
có trứng cơm hành thì nấu gì,com_chien_trung
nguyên liệu: khoai cà rốt bò nhanh,bo_kho
tôi có mì nướng,mi_goi
ăn với hành trứng,trung_xao_hanh
làm món từ trứng,trung_luoc
có tôm tỏi thì nấu gì,tom_xao_toi
tôi có gà,ga_nuong
món ăn từ cà rốt gà,sup_ga
ăn với hành bò,bo_xao_hanh
món ăn từ trứng thịt,trung_xao_thit
món ăn từ trứng,trung_cuon
tôi có trứng,trung_chien
nguyên liệu: gà luộc,ga_nuong
nguyên liệu: cà chua trứng gia đình,canh_trung_ca_chua
làm món từ hành trứng,trung_xao_hanh
tôi có thịt trứng,trung_xao_thit
tôi có bánh mì trứng gia đình,banh_mi_trung
ăn với trứng,trung_luoc
ăn với gà cà rốt kho,sup_ga
rau,canh_rau
có trứng thì nấu gì,trung_cuon
làm món từ thịt ngon,thit_nuong
món ăn từ xúc xích đậu cơm trứng,com_chien_duong_chau
mình có gà rau trộn,lau_ga
làm món từ tôm tỏi gia đình,tom_xao_toi
có gà thì nấu gì trộn,ga_nuong
mình có thịt luộc,thit_nuong
ăn với rau thịt,thit_xao_rau
tôi có bún bò ngon luộc,bun_bo
nguyên liệu: sườn,suon_kho
tôi có bò hành kho,bo_xao_hanh
làm món từ mực rau tôm kho,lau_thai
tôi có rau gà,lau_ga
mình có cà rốt gà kho,sup_ga
tôi có gà cơm,com_ga
ăn với trứng chiên,trung_luoc
nguyên liệu: trứng,trung_luoc
làm món từ cà chua trứng gia đình,trung_chien_ca_chua
tôi có cà chua trứng,trung_chien_ca_chua
bánh mì trứng,banh_mi_trung
nguyên liệu: gà nhanh luộc,ga_nuong
tôi muốn nấu sườn cơm nhanh,com_tam
làm món từ trứng,trung_hap
nguyên liệu: bò khoai cà rốt,bo_kho
làm món từ bò khoai cà rốt chiên,bo_kho
nguyên liệu: trứng,trung_op_la
món ăn từ hành trứng,trung_xao_hanh
có trứng thịt thì nấu gì,thit_kho_trung
tôi muốn nấu mực tôm cơm,com_chien_hai_san
tôi muốn nấu cá ngon hấp,ca_chien
tôi có rau cơm trứng đơn giản hấp,com_tron
làm món từ cà chua trứng nhanh,canh_trung_ca_chua
tôi có bò phở kho,pho_bo
có gà cà rốt thì nấu gì hấp,sup_ga
nấu gà được gì,ga_chien
tôi có trứng,trung_luoc
tôi có trứng đơn giản trộn,trung_chien
làm món từ gà cơm kho,com_ga
mình có gà hấp,ga_nuong
nấu mì trứng đơn giản được gì,mi_xao_trung
mình có bánh mì trứng,banh_mi_trung
tôi muốn nấu trứng,trung_op_la
mình có gà cà rốt nướng,sup_ga
ăn với cà chua trứng kho,canh_trung_ca_chua
khoai bò cà rốt,bo_kho
món ăn từ cà chua đậu hũ gia đình hấp,dau_hu_sot_ca
tôi có cá chiên,ca_chien
có bò cà rốt khoai thì nấu gì chiên,bo_kho
nấu rau trứng cơm được gì,com_tron
làm món từ trứng bánh mì,banh_mi_trung
có bún bò thì nấu gì,bun_bo
làm món từ tôm rau mực xào,lau_thai
tôi muốn nấu cơm trứng hành gia đình xào,com_chien_trung
tôm tỏi,tom_xao_toi
món ăn từ cá đơn giản,ca_kho
làm món từ rau thịt ngon kho,thit_xao_rau
tôi có thịt rau ngon chiên,thit_xao_rau
món ăn từ bánh mì thịt ngon xào,banh_mi_thit
nguyên liệu: trứng trộn,trung_op_la
ăn với cá hấp,ca_kho
tôi có trứng đơn giản,trung_hap
tôi có sườn ngon,suon_nuong
có gà thì nấu gì,ga_nuong
ăn với gà,ga_chien
nấu trứng được gì,trung_cuon
mình có cá nhanh chiên,ca_kho
tôi muốn nấu rau tôm mực,lau_thai
món ăn từ mì rau gia đình kho,mi_tron
nấu trứng bánh mì được gì hấp,banh_mi_op_la
ăn với mì bò,mi_xao_bo
ăn với rau gà luộc,lau_ga
món ăn từ gà nướng,canh_ga
tôi muốn nấu hành trứng cơm trộn,com_chien_trung
ăn với mì rau ngon chiên,mi_tron
nguyên liệu: tỏi rau nướng,rau_xao_toi
tôi có cà chua trứng,trung_chien_ca_chua
làm món từ sườn,suon_nuong
món ăn từ bún bò,bun_bo
ăn với gà đơn giản,ga_chien
mình có cà rốt bò khoai,bo_kho
trứng hành cơm chiên,com_chien_trung
làm món từ gà cà rốt nhanh,sup_ga
nguyên liệu: cơm gà đơn giản,com_ga
tôi có thịt,thit_nuong
có trứng thì nấu gì kho,trung_cuon
có đậu hũ cà chua thì nấu gì,dau_hu_sot_ca
có trứng cà chua thì nấu gì,canh_trung_ca_chua
nguyên liệu: trứng,trung_cuon
ăn với trứng thịt ngon,trung_xao_thit
mình có trứng,trung_chien
tôi muốn nấu trứng,trung_chien
tôi có phở bò nhanh,pho_bo
làm món từ phở bò chiên,pho_bo
mình có gà,canh_ga
có gà cà rốt thì nấu gì chiên,sup_ga
mình có cá,ca_kho
làm món từ mực mì tôm nhanh,mi_xao_hai_san
nguyên liệu: tỏi rau,rau_xao_toi
tôi muốn nấu sườn kho,suon_kho
nấu bò phở được gì,pho_bo
nấu rau tỏi được gì,rau_xao_toi
tôi muốn nấu thịt,thit_nuong
tôi có đậu hũ ngon,dau_hu_chien
ăn với mực tôm cơm chiên,com_chien_hai_san
tôi có phở bò xào,pho_bo
có mì thì nấu gì,mi_goi
nguyên liệu: trứng bánh mì trộn,banh_mi_trung
mình có trứng cơm rau,com_tron
tôi có rau gia đình,canh_rau
tôi có trứng mì gia đình chiên,mi_xao_trung
tôi muốn nấu bò phở trộn,pho_bo
tôi muốn nấu đậu cơm trứng xúc xích,com_chien_duong_chau
món ăn từ bánh mì trứng,banh_mi_trung
tôi có sườn,suon_kho
món ăn từ cà chua đậu hũ xào,dau_hu_sot_ca
mình có trứng cà chua,canh_trung_ca_chua
nấu đậu hũ được gì hấp,dau_hu_chien
món ăn từ bánh mì trứng nhanh,banh_mi_op_la
tôi muốn nấu gà nhanh,ga_nuong
nấu cơm rau trứng được gì,com_tron
thịt hấp,thit_nuong
mình có sườn nướng,suon_nuong
tôi muốn nấu thịt ngon,thit_nuong
rau mực tôm chiên,lau_thai
nấu bò hành được gì hấp,bo_xao_hanh
có xúc xích trứng cơm đậu thì nấu gì,com_chien_duong_chau
ăn với trứng,trung_luoc
có gà thì nấu gì,canh_ga
tôi có gà rau,lau_ga
làm món từ đậu cơm xúc xích trứng,com_chien_duong_chau
có bò khoai cà rốt thì nấu gì hấp,bo_kho
món ăn từ sườn,suon_nuong
món ăn từ thịt,thit_nuong
làm món từ tôm tỏi,tom_xao_toi
nấu mì trứng được gì,mi_xao_trung
nấu hành trứng được gì kho,trung_xao_hanh
món ăn từ sườn cơm,com_tam
có gà thì nấu gì,ga_nuong
hành bò nướng,bo_xao_hanh
làm món từ gà,ga_nuong
làm món từ sườn chiên,suon_nuong
nguyên liệu: cà chua đậu hũ,dau_hu_sot_ca
mực cơm tôm,com_chien_hai_san
nguyên liệu: gà nướng,canh_ga
nguyên liệu: trứng,trung_hap
tôi có rau,canh_rau
bún bò,bun_bo
nấu mì tôm mực được gì,mi_xao_hai_san
bò bún,bun_bo
có sườn thì nấu gì kho,suon_nuong
mình có trứng cà chua đơn giản,canh_trung_ca_chua
có cà rốt gà thì nấu gì,sup_ga
trứng,trung_chien
có rau mực tôm thì nấu gì,lau_thai
ăn với trứng,trung_luoc
tôi có rau,canh_rau
gà cơm luộc,com_ga
món ăn từ thịt chiên,thit_nuong
làm món từ trứng trộn,trung_cuon
tôi có thịt trứng nhanh,trung_xao_thit
cơm gà,com_ga
mình có cá chiên,ca_kho
tôi có cà rốt gà trộn,sup_ga
làm món từ gà đơn giản,ga_chien
làm món từ gà cơm gia đình,com_ga
ăn với đậu hũ,dau_hu_chien
nguyên liệu: gà cơm,com_ga
ăn với cơm mực tôm,com_chien_hai_san
món ăn từ phở bò,pho_bo
món ăn từ bò khoai cà rốt,bo_kho
món ăn từ rau đơn giản,canh_rau
nguyên liệu: trứng cà chua chiên,trung_chien_ca_chua
mình có gà,canh_ga
mình có mực mì tôm,mi_xao_hai_san
tôi muốn nấu thịt,thit_nuong
nguyên liệu: gà kho,ga_chien
có cà chua đậu hũ thì nấu gì,dau_hu_sot_ca
món ăn từ sườn,suon_nuong
món ăn từ trứng hành nướng,trung_xao_hanh
nấu tôm mực cơm được gì,com_chien_hai_san
nấu bò mì được gì xào,mi_xao_bo
món ăn từ trứng cà chua,canh_trung_ca_chua
tôi có bò bún kho,bun_bo
có cá ngon thì nấu gì,ca_chien
trứng thịt luộc,trung_xao_thit
tôi có sườn,suon_nuong
có đậu hũ cà chua thì nấu gì luộc,dau_hu_sot_ca
ăn với đậu cơm trứng xúc xích kho,com_chien_duong_chau
nấu đậu hũ được gì chiên,dau_hu_chien
trứng ngon chiên,trung_cuon
mình có gà đơn giản,canh_ga
nấu sườn được gì luộc,suon_nuong
nguyên liệu: thịt đơn giản,thit_nuong
mình có trứng,trung_hap
ăn với trứng mì ngon nướng,mi_xao_trung
làm món từ mì chiên,mi_goi
nguyên liệu: trứng thịt trộn,trung_xao_thit
bún bò xào,bun_bo
tôi có trứng hấp,trung_cuon
trứng thịt,thit_kho_trung
món ăn từ sườn,suon_nuong
tôi muốn nấu trứng bánh mì,banh_mi_op_la
ăn với trứng cà chua,canh_trung_ca_chua
ăn với trứng bánh mì,banh_mi_op_la
mình có bánh mì trứng,banh_mi_trung
gà luộc,canh_ga
mình có mì bò nướng,mi_xao_bo
ăn với tỏi rau nhanh xào,rau_xao_toi
nấu thịt được gì,thit_nuong
làm món từ hành trứng,trung_xao_hanh
mình có sườn nhanh xào,suon_nuong
tôi muốn nấu cá,ca_kho
làm món từ trứng hành hấp,trung_xao_hanh
tôi muốn nấu sườn cơm nhanh trộn,com_tam
bánh mì trứng,banh_mi_trung
nấu mì được gì kho,mi_goi
tôi có cơm sườn,com_tam
mình có thịt,thit_nuong
tôi muốn nấu cà chua trứng,trung_chien_ca_chua
tôi có gà,canh_ga
bún bò,bun_bo
có bánh mì trứng thì nấu gì nướng,banh_mi_trung
có hành trứng thì nấu gì xào,trung_xao_hanh
tôi muốn nấu mì,mi_goi
mình có bò bún,bun_bo
làm món từ cơm sườn hấp,com_tam
làm món từ cà rốt gà nhanh,sup_ga
tôi muốn nấu sườn chiên,suon_nuong
có rau gà thì nấu gì luộc,lau_ga
mình có rau mực tôm luộc,lau_thai
món ăn từ rau cơm trứng,com_tron
nguyên liệu: sườn gia đình,suon_kho
ăn với cơm sườn luộc,com_tam
tôi muốn nấu tỏi tôm,tom_xao_toi
món ăn từ bò cà rốt khoai,bo_kho
mình có bò hành,bo_xao_hanh
làm món từ mì trứng kho,mi_xao_trung
tôi muốn nấu cơm sườn chiên,com_tam
ăn với khoai bò cà rốt trộn,bo_kho
mình có trứng,trung_luoc
mình có trứng,trung_hap
nguyên liệu: sườn,suon_kho
món ăn từ gà cơm chiên,com_ga
tôi có trứng nướng,trung_chien
nấu trứng đơn giản được gì,trung_chien
có tỏi rau thì nấu gì,rau_xao_toi
nguyên liệu: cá kho,ca_kho
món ăn từ cá,ca_kho
mực cơm tôm chiên,com_chien_hai_san
món ăn từ trứng cơm rau,com_tron
nguyên liệu: đậu hũ cà chua,dau_hu_sot_ca
nấu gà đơn giản được gì,canh_ga
làm món từ đậu hũ cà chua hấp,dau_hu_sot_ca
tôi muốn nấu gà,canh_ga
món ăn từ trứng bánh mì,banh_mi_trung
mình có thịt rau nướng,thit_xao_rau
ăn với trứng,trung_chien
làm món từ thịt bánh mì,banh_mi_thit
tôi muốn nấu mực mì tôm nướng,mi_xao_hai_san
tôi muốn nấu cơm trứng rau,com_tron
nguyên liệu: trứng cà chua,canh_trung_ca_chua
tôi có trứng bánh mì,banh_mi_op_la
làm món từ trứng,trung_chien
có cá thì nấu gì,ca_chien
tôi muốn nấu hành trứng kho,trung_xao_hanh
nấu trứng ngon được gì kho,trung_op_la
có sườn thì nấu gì,suon_kho
món ăn từ bò bún,bun_bo
gà,canh_ga
nguyên liệu: thịt trứng,trung_xao_thit
làm món từ bánh mì trứng,banh_mi_op_la
có sườn cơm thì nấu gì,com_tam
tôi có trứng bánh mì đơn giản nướng,banh_mi_trung
nguyên liệu: gà,ga_chien
mình có đậu hũ nướng,dau_hu_chien
tôi có rau,canh_rau
nguyên liệu: gà cà rốt nhanh,sup_ga
tôi muốn nấu cơm gà,com_ga
có gà thì nấu gì,ga_chien
làm món từ gà luộc,canh_ga
tôi muốn nấu cá,ca_kho
tôi có trứng,trung_chien
ăn với thịt rau,thit_xao_rau
món ăn từ tỏi rau nhanh luộc,rau_xao_toi
tôi có gà trộn,ga_nuong
nấu cá được gì,ca_chien
món ăn từ rau chiên,canh_rau
mình có tôm tỏi,tom_xao_toi
làm món từ tỏi rau,rau_xao_toi
làm món từ trứng hành,trung_xao_hanh
nấu rau tỏi được gì,rau_xao_toi
nguyên liệu: cá gia đình,ca_chien
có trứng thì nấu gì,trung_luoc
nấu mì được gì,mi_goi
nấu tôm mì mực được gì luộc,mi_xao_hai_san
cà chua đậu hũ,dau_hu_sot_ca
tôm rau mực,lau_thai
mình có trứng cà chua,trung_chien_ca_chua
nấu bánh mì trứng đơn giản được gì,banh_mi_op_la
làm món từ bò phở ngon,pho_bo
món ăn từ mực cơm tôm,com_chien_hai_san
mình có hành cơm trứng chiên,com_chien_trung
làm món từ mì bò,mi_xao_bo
nguyên liệu: thịt trứng đơn giản,thit_kho_trung
mình có sườn,suon_kho
có gà thì nấu gì,canh_ga
có trứng rau cơm ngon thì nấu gì,com_tron
tôi muốn nấu trứng hấp,trung_hap
món ăn từ cá đơn giản trộn,ca_kho
nấu gà cơm được gì,com_ga
ăn với đậu cơm xúc xích trứng,com_chien_duong_chau
làm món từ hành trứng cơm,com_chien_trung
nấu đậu hũ được gì,dau_hu_chien
mì rau đơn giản,mi_tron
có bánh mì thịt thì nấu gì xào,banh_mi_thit
nấu tỏi rau đơn giản được gì,rau_xao_toi
làm món từ thịt rau gia đình,thit_xao_rau
ăn với trứng cà chua kho,canh_trung_ca_chua
món ăn từ gà cà rốt,sup_ga
mình có cá,ca_chien
tôi muốn nấu phở bò kho,pho_bo
món ăn từ rau tỏi ngon,rau_xao_toi
tôi muốn nấu thịt bánh mì hấp,banh_mi_thit
có gà thì nấu gì,canh_ga
mình có cơm trứng hành,com_chien_trung
mình có gà nhanh,ga_chien
mình có sườn kho,suon_nuong
tôi muốn nấu trứng nhanh,trung_chien
có bánh mì trứng đơn giản thì nấu gì,banh_mi_trung
tôm mực rau,lau_thai
làm món từ cà rốt gà gia đình chiên,sup_ga
món ăn từ trứng đơn giản,trung_cuon
mình có trứng mì,mi_xao_trung
tôi có cơm hành trứng đơn giản hấp,com_chien_trung
mình có gà nướng,ga_nuong
tôi muốn nấu cá chiên,ca_kho
làm món từ mì bò nhanh,mi_xao_bo
tôi muốn nấu hành bò đơn giản hấp,bo_xao_hanh
phở bò kho,pho_bo
tôi muốn nấu phở bò gia đình,pho_bo
món ăn từ sườn,suon_nuong
ăn với trứng,trung_hap
tôi muốn nấu bò mì trộn,mi_xao_bo
tôi muốn nấu cơm trứng rau hấp,com_tron
món ăn từ mì bò kho,mi_xao_bo
tôi muốn nấu mì,mi_goi
có đậu hũ thì nấu gì,dau_hu_chien
nấu trứng hành được gì,trung_xao_hanh
nguyên liệu: đậu hũ,dau_hu_chien
nấu bò mì được gì,mi_xao_bo
tôi muốn nấu mực cơm tôm kho,com_chien_hai_san
mình có mì nướng,mi_goi
ăn với sườn gia đình,suon_nuong
tôi muốn nấu gà cơm,com_ga
tôi muốn nấu hành bò,bo_xao_hanh
tôi muốn nấu gà,ga_nuong
tôi muốn nấu gà xào,ga_nuong
ăn với mì,mi_goi
ăn với tôm mực cơm,com_chien_hai_san
nguyên liệu: trứng ngon hấp,trung_op_la
nấu sườn được gì xào,suon_kho
món ăn từ cơm đậu trứng xúc xích gia đình,com_chien_duong_chau
nguyên liệu: mì bò,mi_xao_bo
trứng kho,trung_op_la
tôi muốn nấu trứng,trung_chien
ăn với bò phở xào,pho_bo
ăn với cà chua đậu hũ,dau_hu_sot_ca
bò khoai cà rốt nướng,bo_kho
rau gà xào,lau_ga
có cơm sườn thì nấu gì,com_tam
tôi muốn nấu tôm mì mực hấp,mi_xao_hai_san
nguyên liệu: tỏi tôm xào,tom_xao_toi
sườn cơm,com_tam
nguyên liệu: trứng luộc,trung_luoc
làm món từ trứng,trung_hap
làm món từ cơm tôm mực,com_chien_hai_san
tôi muốn nấu tôm tỏi,tom_xao_toi
ăn với gà,ga_chien
có mì thì nấu gì luộc,mi_goi
trứng hành,trung_xao_hanh
tôi muốn nấu trứng hành nướng,trung_xao_hanh
ăn với bò khoai cà rốt,bo_kho
món ăn từ khoai cà rốt bò,bo_kho
mình có cơm hành trứng,com_chien_trung
có trứng thì nấu gì,trung_hap
ăn với sườn cơm kho,com_tam
tôi muốn nấu trứng,trung_hap
nấu tôm tỏi được gì,tom_xao_toi
mình có trứng cơm rau,com_tron
nấu trứng bánh mì được gì,banh_mi_trung
ăn với mực cơm tôm chiên,com_chien_hai_san
có thịt trứng thì nấu gì,trung_xao_thit
tôi có rau đơn giản,canh_rau
làm món từ gà rau gia đình,lau_ga
trứng bánh mì gia đình,banh_mi_op_la
tôi có tỏi tôm luộc,tom_xao_toi
mình có mực tôm cơm trộn,com_chien_hai_san
tôi muốn nấu hành bò nhanh,bo_xao_hanh
làm món từ mì trứng,mi_xao_trung
tôi có trứng bánh mì,banh_mi_op_la
ăn với cà chua trứng xào,trung_chien_ca_chua
có bánh mì trứng thì nấu gì chiên,banh_mi_op_la
nấu rau gà được gì,lau_ga
làm món từ sườn chiên,suon_kho
tôi có đậu hũ,dau_hu_chien
làm món từ rau gà,lau_ga
gà xào,ga_chien
món ăn từ trứng,trung_luoc
ăn với bánh mì trứng,banh_mi_trung
nấu cơm gà được gì,com_ga
ăn với trứng hành kho,trung_xao_hanh
có gà thì nấu gì,ga_chien
tôi muốn nấu cá ngon,ca_kho
tôi muốn nấu cơm trứng rau,com_tron
ăn với gà,ga_chien
có mì trứng thì nấu gì,mi_xao_trung
tôi có cơm tôm mực xào,com_chien_hai_san
mình có cá,ca_chien
món ăn từ mực mì tôm,mi_xao_hai_san
làm món từ thịt trộn,thit_nuong
món ăn từ cà chua trứng,canh_trung_ca_chua
làm món từ gà đơn giản kho,ga_nuong
món ăn từ bò hành,bo_xao_hanh
nguyên liệu: cá luộc,ca_kho
ăn với hành trứng cơm nhanh luộc,com_chien_trung
mình có mực mì tôm xào,mi_xao_hai_san
tôi có khoai bò cà rốt,bo_kho
mình có sườn,suon_kho
có trứng cơm rau thì nấu gì trộn,com_tron
rau tỏi,rau_xao_toi
tôi muốn nấu tỏi tôm,tom_xao_toi
có hành bò ngon thì nấu gì,bo_xao_hanh
nấu cơm rau trứng được gì,com_tron
nguyên liệu: gà ngon kho,ga_chien
nấu đậu hũ được gì,dau_hu_chien
nguyên liệu: sườn cơm đơn giản,com_tam
tôi có hành trứng,trung_xao_hanh
tôi có thịt trứng ngon,thit_kho_trung
nguyên liệu: mì,mi_goi
nguyên liệu: trứng,trung_luoc
ăn với gà cơm ngon,com_ga
mình có trứng,trung_op_la
món ăn từ mì rau,mi_tron
tôi có gà rau xào,lau_ga
rau trứng cơm xào,com_tron
nguyên liệu: phở bò xào,pho_bo
ăn với gà gia đình xào,ga_chien
mình có trứng,trung_hap
trứng đậu cơm xúc xích ngon,com_chien_duong_chau
làm món từ mì,mi_goi
nấu cà rốt gà ngon được gì kho,sup_ga
mình có rau mì,mi_tron
tôi muốn nấu sườn nướng,suon_nuong
tôi muốn nấu đậu hũ,dau_hu_chien
nấu trứng cà chua được gì kho,trung_chien_ca_chua
ăn với bò hành,bo_xao_hanh
món ăn từ sườn,suon_kho
trứng thịt hấp,thit_kho_trung
tôi có tôm rau mực,lau_thai
làm món từ tỏi tôm,tom_xao_toi
nấu gà cơm được gì nướng,com_ga
ăn với gà chiên,canh_ga
mình có tôm tỏi đơn giản trộn,tom_xao_toi
nguyên liệu: mì gia đình trộn,mi_goi
có gà thì nấu gì,ga_nuong
tôi có trứng đơn giản,trung_op_la
tôi muốn nấu trứng,trung_op_la
món ăn từ sườn cơm hấp,com_tam
nguyên liệu: cá nướng,ca_kho
làm món từ sườn cơm nướng,com_tam
tôi muốn nấu cơm trứng hành nhanh,com_chien_trung
mình có sườn cơm xào,com_tam
món ăn từ rau gà kho,lau_ga
ăn với cà chua trứng,trung_chien_ca_chua
nấu trứng được gì nướng,trung_cuon
tôi muốn nấu gà,ga_nuong
trứng bánh mì,banh_mi_trung
ăn với cà chua trứng,canh_trung_ca_chua
món ăn từ trứng thịt nhanh,thit_kho_trung
nấu gà cơm được gì xào,com_ga
tôi muốn nấu trứng nướng,trung_luoc
món ăn từ gà rau,lau_ga
nấu bò mì được gì kho,mi_xao_bo
nấu rau mực tôm được gì,lau_thai
nấu sườn cơm được gì,com_tam
mình có mì,mi_goi
tôi có trứng thịt,trung_xao_thit
làm món từ mì bò,mi_xao_bo
tôi có gà cơm,com_ga
nguyên liệu: tỏi rau ngon,rau_xao_toi
làm món từ gà trộn,canh_ga
nấu tôm mực cơm được gì,com_chien_hai_san
nấu gà cơm được gì trộn,com_ga
nguyên liệu: trứng bánh mì ngon,banh_mi_op_la
nấu gà cơm được gì,com_ga
nguyên liệu: cá,ca_chien
món ăn từ mì nhanh,mi_goi
nguyên liệu: trứng bánh mì,banh_mi_op_la
làm món từ thịt trứng,trung_xao_thit
nguyên liệu: cá,ca_kho
làm món từ mì,mi_goi
ăn với rau thịt trộn,thit_xao_rau
nấu trứng thịt được gì kho,trung_xao_thit
tôi muốn nấu tỏi rau ngon,rau_xao_toi
nấu đậu cơm trứng xúc xích được gì,com_chien_duong_chau
làm món từ trứng,trung_hap
ăn với mì rau,mi_tron
tôi muốn nấu cà chua trứng,canh_trung_ca_chua
làm món từ gà,canh_ga
làm món từ gà cà rốt,sup_ga
gà gia đình xào,ga_chien
bánh mì trứng trộn,banh_mi_op_la
làm món từ cà rốt bò khoai chiên,bo_kho
món ăn từ tôm rau mực,lau_thai
bò hành nhanh,bo_xao_hanh
mình có trứng trộn,trung_chien
món ăn từ đậu hũ luộc,dau_hu_chien
có trứng ngon thì nấu gì,trung_cuon
thịt hấp,thit_nuong
tôi có trứng thịt trộn,trung_xao_thit
mình có bò mì gia đình,mi_xao_bo
tôi có cá chiên,ca_kho
món ăn từ gà xào,ga_nuong
ăn với khoai cà rốt bò,bo_kho
cơm hành trứng,com_chien_trung
nấu gà rau nhanh được gì trộn,lau_ga
tôi có bò hành,bo_xao_hanh
nguyên liệu: mực mì tôm,mi_xao_hai_san
tôi muốn nấu bánh mì trứng,banh_mi_op_la
thịt rau,thit_xao_rau
ăn với gà ngon nướng,ga_nuong
có khoai bò cà rốt thì nấu gì,bo_kho
mì rau nướng,mi_tron
tôi muốn nấu trứng cà chua,trung_chien_ca_chua
ăn với trứng gia đình,trung_luoc
nấu trứng được gì,trung_hap
tôi muốn nấu trứng nhanh hấp,trung_hap
tôi có trứng hành,trung_xao_hanh
tôi có mì bò kho,mi_xao_bo
làm món từ trứng,trung_cuon
tôi muốn nấu rau,canh_rau
nguyên liệu: trứng xào,trung_chien
làm món từ hành trứng cơm,com_chien_trung
món ăn từ mì đơn giản chiên,mi_goi
làm món từ trứng đơn giản,trung_luoc
mình có thịt rau,thit_xao_rau
nấu bún bò được gì,bun_bo
ăn với đậu hũ gia đình,dau_hu_chien
nấu trứng được gì luộc,trung_op_la
nấu bò mì được gì trộn,mi_xao_bo
có trứng thì nấu gì,trung_cuon
mình có mì kho,mi_goi
nấu cơm gà được gì,com_ga
nguyên liệu: bún bò,bun_bo
món ăn từ tỏi tôm,tom_xao_toi
có trứng thì nấu gì,trung_luoc
mình có trứng thịt,trung_xao_thit
nguyên liệu: trứng bánh mì đơn giản,banh_mi_op_la
rau mì,mi_tron
ăn với mực rau tôm kho,lau_thai
tôi có rau,canh_rau
nguyên liệu: trứng,trung_luoc
ăn với bánh mì trứng xào,banh_mi_trung
tôi muốn nấu mì,mi_goi
làm món từ bò bún ngon kho,bun_bo
nguyên liệu: xúc xích cơm trứng đậu trộn,com_chien_duong_chau
nấu sườn cơm ngon được gì xào,com_tam
có mực tôm cơm thì nấu gì luộc,com_chien_hai_san
nguyên liệu: trứng cà chua đơn giản,trung_chien_ca_chua
làm món từ sườn,suon_nuong
tôi có hành bò,bo_xao_hanh
có mì thì nấu gì,mi_goi
mình có trứng nhanh,trung_chien
trứng cà chua kho,trung_chien_ca_chua
nguyên liệu: gà rau,lau_ga
món ăn từ bò mì,mi_xao_bo
có tôm tỏi thì nấu gì,tom_xao_toi
mình có đậu hũ,dau_hu_chien
tôi có trứng luộc,trung_hap
nấu thịt trứng được gì,trung_xao_thit
sườn,suon_kho
tôi muốn nấu thịt,thit_nuong
nấu đậu hũ cà chua được gì,dau_hu_sot_ca
nấu cơm mực tôm được gì,com_chien_hai_san
có bò bún nhanh thì nấu gì chiên,bun_bo
tôi muốn nấu rau mì trộn,mi_tron
tôi có trứng cơm rau,com_tron
tôi muốn nấu tỏi tôm xào,tom_xao_toi
tôi có bánh mì thịt gia đình,banh_mi_thit
tôi có trứng chiên,trung_chien
nguyên liệu: gà cà rốt gia đình trộn,sup_ga
tôi có trứng,trung_luoc
làm món từ mì nướng,mi_goi
ăn với rau gà hấp,lau_ga
món ăn từ mực rau tôm trộn,lau_thai
có đậu hũ cà chua ngon thì nấu gì,dau_hu_sot_ca
món ăn từ trứng bánh mì xào,banh_mi_op_la
làm món từ trứng,trung_chien
mì ngon,mi_goi
có tôm tỏi gia đình thì nấu gì,tom_xao_toi
món ăn từ bánh mì trứng,banh_mi_op_la
có tỏi tôm nhanh thì nấu gì kho,tom_xao_toi
sườn trộn,suon_kho
ăn với trứng gia đình luộc,trung_chien
cơm xúc xích trứng đậu luộc,com_chien_duong_chau
mình có mực cơm tôm,com_chien_hai_san
trứng ngon,trung_op_la
làm món từ bò bún kho,bun_bo
rau thịt,thit_xao_rau
nấu gà được gì,ga_chien
nguyên liệu: cà chua trứng chiên,canh_trung_ca_chua
có cá thì nấu gì,ca_kho
món ăn từ trứng rau cơm nhanh,com_tron
có trứng thì nấu gì,trung_cuon
làm món từ rau tỏi,rau_xao_toi
nguyên liệu: bò mì,mi_xao_bo
mình có đậu hũ kho,dau_hu_chien
nấu trứng gia đình được gì,trung_op_la
có bò mì thì nấu gì hấp,mi_xao_bo
nấu sườn được gì,suon_kho
mình có sườn nhanh nướng,suon_nuong
nấu trứng nhanh được gì,trung_op_la
nguyên liệu: cơm sườn chiên,com_tam
món ăn từ cá,ca_chien
có cà rốt bò khoai thì nấu gì chiên,bo_kho
làm món từ trứng cà chua đơn giản trộn,trung_chien_ca_chua
món ăn từ thịt trứng chiên,thit_kho_trung
tôi có mì rau nướng,mi_tron
cá ngon,ca_chien
ăn với gà xào,canh_ga
tôi muốn nấu mì nhanh hấp,mi_goi
món ăn từ bún bò,bun_bo
cá kho,ca_chien
tôi muốn nấu bánh mì thịt,banh_mi_thit
món ăn từ trứng,trung_cuon
mình có trứng cà chua kho,trung_chien_ca_chua
nấu sườn cơm được gì nướng,com_tam
mình có trứng cà chua,trung_chien_ca_chua
làm món từ cá hấp,ca_kho
nguyên liệu: cơm gà,com_ga
ăn với thịt trứng,trung_xao_thit
rau gà xào,lau_ga
nấu gà cà rốt được gì,sup_ga
làm món từ mì rau nhanh hấp,mi_tron
tôi có tỏi tôm gia đình,tom_xao_toi
nguyên liệu: trứng,trung_hap
ăn với thịt trứng,trung_xao_thit
nguyên liệu: trứng bánh mì,banh_mi_trung
món ăn từ tỏi tôm,tom_xao_toi
món ăn từ cà chua đậu hũ,dau_hu_sot_ca
tôi muốn nấu hành cơm trứng ngon,com_chien_trung
nguyên liệu: sườn luộc,suon_kho
mình có trứng,trung_luoc
làm món từ trứng hành cơm,com_chien_trung
nấu rau thịt được gì,thit_xao_rau
tôi muốn nấu rau mực tôm,lau_thai
có mì bò thì nấu gì,mi_xao_bo
mình có sườn,suon_kho
làm món từ phở bò gia đình trộn,pho_bo
ăn với đậu hũ,dau_hu_chien
có gà rau thì nấu gì chiên,lau_ga
món ăn từ rau luộc,canh_rau
nấu cơm gà được gì,com_ga
tôi có trứng cơm hành hấp,com_chien_trung
tôi muốn nấu cơm rau trứng nướng,com_tron
trứng,trung_cuon
làm món từ thịt trứng,trung_xao_thit
có rau tỏi thì nấu gì chiên,rau_xao_toi
mình có bò bún,bun_bo
tôi có thịt ngon xào,thit_nuong
món ăn từ tôm tỏi nướng,tom_xao_toi
mình có trứng cà chua ngon,canh_trung_ca_chua
nấu gà rau được gì chiên,lau_ga
nguyên liệu: mì ngon,mi_goi
làm món từ mì rau,mi_tron
nấu phở bò được gì,pho_bo
làm món từ đậu trứng cơm xúc xích,com_chien_duong_chau
nguyên liệu: gà đơn giản kho,canh_ga
mình có trứng xào,trung_cuon
ăn với tôm mì mực gia đình luộc,mi_xao_hai_san
làm món từ gà chiên,ga_chien
nấu khoai cà rốt bò được gì,bo_kho
có gà rau thì nấu gì trộn,lau_ga
tôi có gà luộc,ga_chien
có trứng thì nấu gì luộc,trung_cuon
món ăn từ sườn,suon_nuong
ăn với phở bò đơn giản,pho_bo
ăn với bò hành hấp,bo_xao_hanh
có cá thì nấu gì kho,ca_kho
tôi muốn nấu bánh mì trứng luộc,banh_mi_op_la
làm món từ thịt,thit_nuong
món ăn từ cơm sườn,com_tam
làm món từ rau gà,lau_ga
nguyên liệu: bò phở,pho_bo
trứng bánh mì,banh_mi_op_la
nấu trứng được gì,trung_op_la
ăn với trứng bánh mì,banh_mi_trung
tôi có thịt chiên,thit_nuong
làm món từ bò bún,bun_bo
có trứng đơn giản thì nấu gì xào,trung_luoc
có đậu hũ gia đình thì nấu gì hấp,dau_hu_chien
có cơm sườn thì nấu gì,com_tam
có cơm gà ngon thì nấu gì kho,com_ga
làm món từ trứng mì nhanh chiên,mi_xao_trung
ăn với trứng,trung_chien
ăn với gà,ga_chien
làm món từ sườn trộn,suon_kho
món ăn từ tôm mực mì,mi_xao_hai_san
mình có tôm mực rau nhanh,lau_thai
tôi có rau,canh_rau
gà,canh_ga
ăn với cá,ca_chien
tôi có thịt trứng đơn giản,thit_kho_trung
nấu mì tôm mực được gì nướng,mi_xao_hai_san
món ăn từ trứng thịt,trung_xao_thit
ăn với hành bò hấp,bo_xao_hanh
có rau thì nấu gì,canh_rau
món ăn từ cơm hành trứng,com_chien_trung
món ăn từ sườn gia đình,suon_nuong
ăn với hành cơm trứng,com_chien_trung
nấu rau được gì,canh_rau
tôi muốn nấu rau gà gia đình,lau_ga
có trứng thì nấu gì luộc,trung_op_la
làm món từ trứng bánh mì,banh_mi_trung
nguyên liệu: tỏi tôm nhanh hấp,tom_xao_toi
món ăn từ khoai cà rốt bò trộn,bo_kho
món ăn từ trứng đơn giản,trung_chien
có phở bò thì nấu gì chiên,pho_bo
món ăn từ bún bò,bun_bo
mình có gà trộn,canh_ga
rau thịt kho,thit_xao_rau
tôi có cà chua trứng trộn,trung_chien_ca_chua
làm món từ cá chiên,ca_kho
món ăn từ gà,ga_nuong
làm món từ gà cà rốt chiên,sup_ga
mình có mì rau đơn giản,mi_tron
tôi có trứng thịt,trung_xao_thit
ăn với bún bò luộc,bun_bo
tôi muốn nấu rau tỏi gia đình hấp,rau_xao_toi
nấu cà rốt gà được gì chiên,sup_ga
ăn với cá,ca_chien
nấu gà được gì,canh_ga
nguyên liệu: bánh mì thịt chiên,banh_mi_thit
tôi có mực tôm rau,lau_thai
món ăn từ cơm gà,com_ga
món ăn từ trứng,trung_luoc
làm món từ cà chua trứng,canh_trung_ca_chua
ăn với hành cơm trứng,com_chien_trung
tôi muốn nấu đậu hũ cà chua,dau_hu_sot_ca
tôi có trứng hành,trung_xao_hanh
tôi có thịt trứng,thit_kho_trung
làm món từ mì mực tôm,mi_xao_hai_san
nguyên liệu: cơm tôm mực đơn giản,com_chien_hai_san
nguyên liệu: sườn,suon_kho
trứng,trung_op_la
nấu trứng được gì trộn,trung_cuon
nguyên liệu: đậu hũ nhanh,dau_hu_chien
tôi có tôm cơm mực ngon kho,com_chien_hai_san
nguyên liệu: gà,canh_ga
món ăn từ bún bò hấp,bun_bo
ăn với mì bò,mi_xao_bo
tôi có trứng nhanh nướng,trung_op_la
làm món từ tỏi rau,rau_xao_toi
có gà thì nấu gì,ga_nuong
tôi muốn nấu đậu hũ chiên,dau_hu_chien
có cá nhanh thì nấu gì,ca_kho
mình có mì trứng,mi_xao_trung
nguyên liệu: sườn nhanh,suon_nuong
nấu trứng gia đình được gì,trung_op_la
mình có bò mì,mi_xao_bo
gà,ga_nuong
nấu trứng được gì,trung_chien
cơm tôm mực nướng,com_chien_hai_san
làm món từ trứng,trung_hap
có rau thì nấu gì,canh_rau
tôi muốn nấu tôm tỏi hấp,tom_xao_toi
ăn với trứng cà chua chiên,trung_chien_ca_chua
mình có bánh mì thịt luộc,banh_mi_thit
món ăn từ gà gia đình hấp,ga_nuong
cá,ca_chien
làm món từ đậu hũ cà chua,dau_hu_sot_ca
tôi có đậu hũ,dau_hu_chien
có rau gà gia đình thì nấu gì chiên,lau_ga
mình có xúc xích trứng đậu cơm,com_chien_duong_chau
nguyên liệu: trứng,trung_cuon
làm món từ rau trứng cơm,com_tron
làm món từ gà ngon,ga_chien
cá,ca_kho
làm món từ cá kho,ca_chien
ăn với bánh mì trứng,banh_mi_op_la
tôi có bò khoai cà rốt nướng,bo_kho
tôm mực rau,lau_thai
tôi muốn nấu thịt rau chiên,thit_xao_rau
ăn với cá,ca_chien
nguyên liệu: trứng xào,trung_luoc
làm món từ rau tôm mực,lau_thai
món ăn từ rau,canh_rau
tôi muốn nấu trứng hành đơn giản,trung_xao_hanh
nấu hành trứng nhanh được gì nướng,trung_xao_hanh
có cá gia đình thì nấu gì chiên,ca_kho
tôi muốn nấu cá,ca_chien
ăn với trứng bánh mì,banh_mi_trung
tôi muốn nấu sườn,suon_nuong
nấu thịt rau được gì,thit_xao_rau
nguyên liệu: thịt rau,thit_xao_rau
tôi có gà đơn giản,ga_nuong
nấu cá gia đình được gì hấp,ca_kho
nguyên liệu: bánh mì trứng,banh_mi_trung
tôi có trứng cà chua,canh_trung_ca_chua
tôi muốn nấu trứng,trung_chien
tôi muốn nấu trứng hành nướng,trung_xao_hanh
có trứng thì nấu gì,trung_hap
tôi có gà,ga_nuong
nấu hành bò được gì,bo_xao_hanh
rau,canh_rau
nấu đậu hũ đơn giản được gì,dau_hu_chien
mì nhanh,mi_goi
tôi muốn nấu gà rau luộc,lau_ga
tôi muốn nấu bún bò,bun_bo
nấu trứng hành được gì trộn,trung_xao_hanh
nấu gà được gì,ga_nuong
nguyên liệu: cá,ca_chien
ăn với trứng nướng,trung_op_la
mình có mực mì tôm nướng,mi_xao_hai_san
trứng đơn giản luộc,trung_op_la
món ăn từ cà chua đậu hũ,dau_hu_sot_ca
làm món từ mực tôm cơm,com_chien_hai_san
mình có trứng mì ngon,mi_xao_trung
mì mực tôm nhanh,mi_xao_hai_san
món ăn từ sườn nướng,suon_kho
làm món từ cá hấp,ca_kho
nguyên liệu: tôm tỏi đơn giản,tom_xao_toi
mình có gà,ga_chien
làm món từ mì,mi_goi
tôi có trứng gia đình,trung_hap
tôi có cà rốt gà đơn giản,sup_ga
món ăn từ gà luộc,ga_chien
làm món từ mì,mi_goi
món ăn từ rau mì ngon,mi_tron
nấu sườn được gì,suon_kho
món ăn từ tôm mực mì,mi_xao_hai_san
món ăn từ gà ngon,ga_chien
có cá thì nấu gì,ca_chien
ăn với gà cơm,com_ga
nấu đậu trứng xúc xích cơm được gì luộc,com_chien_duong_chau
nguyên liệu: mì mực tôm,mi_xao_hai_san
thịt bánh mì,banh_mi_thit
tôi có sườn,suon_nuong
nấu trứng mì được gì,mi_xao_trung
nguyên liệu: sườn,suon_nuong
tôi có cơm trứng đậu xúc xích,com_chien_duong_chau
có gà thì nấu gì,ga_chien
đậu hũ,dau_hu_chien
mình có bò phở,pho_bo
ăn với trứng,trung_hap
nấu cá được gì,ca_kho
mì rau,mi_tron
có trứng rau cơm thì nấu gì,com_tron
nấu rau cơm trứng được gì,com_tron
tôi muốn nấu bánh mì thịt gia đình,banh_mi_thit
mình có bánh mì thịt gia đình,banh_mi_thit
nấu cá được gì,ca_kho
có trứng thì nấu gì,trung_op_la
nguyên liệu: bò mì,mi_xao_bo
mực rau tôm,lau_thai
món ăn từ bánh mì thịt nhanh,banh_mi_thit
tôi có trứng,trung_op_la
món ăn từ trứng gia đình luộc,trung_chien
có trứng gia đình thì nấu gì luộc,trung_op_la
nguyên liệu: mực tôm rau hấp,lau_thai
mình có bò mì,mi_xao_bo
nấu rau tỏi được gì,rau_xao_toi
nấu rau mì được gì,mi_tron
có cơm sườn thì nấu gì trộn,com_tam
tôi muốn nấu cá hấp,ca_chien
ăn với trứng bánh mì chiên,banh_mi_trung
nấu trứng đậu cơm xúc xích ngon được gì,com_chien_duong_chau
làm món từ mực cơm tôm nướng,com_chien_hai_san
thịt,thit_nuong
nấu trứng thịt được gì,trung_xao_thit
tôi có mực tôm mì,mi_xao_hai_san
làm món từ bánh mì trứng đơn giản,banh_mi_op_la
trứng cơm xúc xích đậu xào,com_chien_duong_chau
món ăn từ rau thịt,thit_xao_rau
có sườn thì nấu gì trộn,suon_kho
nguyên liệu: trứng,trung_op_la
có gà thì nấu gì nướng,canh_ga
nguyên liệu: tôm tỏi,tom_xao_toi
tôi muốn nấu cà chua trứng,canh_trung_ca_chua
ăn với trứng,trung_luoc
có tỏi tôm thì nấu gì trộn,tom_xao_toi
món ăn từ bánh mì trứng,banh_mi_trung
có thịt rau thì nấu gì chiên,thit_xao_rau
gà,ga_nuong
làm món từ trứng hành chiên,trung_xao_hanh
tôi muốn nấu đậu hũ xào,dau_hu_chien
nguyên liệu: cơm sườn ngon xào,com_tam
làm món từ mì bò ngon chiên,mi_xao_bo
có đậu hũ thì nấu gì xào,dau_hu_chien
tôi muốn nấu gà rau,lau_ga
tôi có trứng thịt chiên,thit_kho_trung
tôi có trứng,trung_chien
tôi có bò phở kho,pho_bo
tôi có gà cà rốt luộc,sup_ga
mình có cá,ca_kho
ăn với trứng cà chua luộc,trung_chien_ca_chua
nguyên liệu: cơm sườn gia đình,com_tam
tôi có thịt,thit_nuong
món ăn từ trứng,trung_chien
có trứng thì nấu gì,trung_cuon
có trứng thì nấu gì trộn,trung_chien
nguyên liệu: trứng trộn,trung_op_la
tôi muốn nấu bò hành ngon kho,bo_xao_hanh
món ăn từ bò hành hấp,bo_xao_hanh
làm món từ trứng gia đình,trung_chien
mình có gà cà rốt,sup_ga
mình có thịt bánh mì,banh_mi_thit
nấu sườn cơm được gì,com_tam
có trứng gia đình thì nấu gì,trung_hap
có rau tỏi thì nấu gì,rau_xao_toi
nấu trứng xúc xích cơm đậu ngon được gì chiên,com_chien_duong_chau
món ăn từ gà,ga_chien
tôi có mì trứng,mi_xao_trung
làm món từ trứng bánh mì đơn giản,banh_mi_trung
có thịt bánh mì ngon thì nấu gì,banh_mi_thit
nấu rau được gì trộn,canh_rau
rau trứng cơm kho,com_tron
món ăn từ cá hấp,ca_kho
tôi muốn nấu mực mì tôm nướng,mi_xao_hai_san
món ăn từ cà chua đậu hũ,dau_hu_sot_ca
làm món từ thịt,thit_nuong
tôi có sườn,suon_nuong
tôi muốn nấu bún bò nướng,bun_bo
nguyên liệu: sườn,suon_nuong
ăn với rau mực tôm nướng,lau_thai
tôi có trứng,trung_luoc
tôi có thịt trứng,trung_xao_thit
mình có đậu hũ đơn giản nướng,dau_hu_chien
mình có trứng nhanh,trung_hap
mì rau,mi_tron
mình có gà rau luộc,lau_ga
bò phở,pho_bo
trứng bánh mì,banh_mi_trung
ăn với cá,ca_kho
món ăn từ đậu hũ cà chua luộc,dau_hu_sot_ca
trứng bánh mì nhanh,banh_mi_trung
nguyên liệu: cơm sườn chiên,com_tam
nguyên liệu: bánh mì trứng,banh_mi_trung
trứng trộn,trung_op_la
nguyên liệu: tôm rau mực,lau_thai
ăn với sườn,suon_nuong
mực tôm mì đơn giản,mi_xao_hai_san
nguyên liệu: cơm gà xào,com_ga
tôi muốn nấu cà chua trứng ngon,trung_chien_ca_chua
có cá thì nấu gì,ca_chien
nấu cơm mực tôm gia đình được gì,com_chien_hai_san
nấu trứng hành được gì,trung_xao_hanh
món ăn từ cà chua trứng nướng,canh_trung_ca_chua
làm món từ xúc xích cơm đậu trứng nướng,com_chien_duong_chau
có rau mì thì nấu gì hấp,mi_tron
phở bò nhanh,pho_bo
có sườn nhanh thì nấu gì,suon_kho
làm món từ bò bún,bun_bo
ăn với rau,canh_rau
nấu trứng được gì,trung_luoc
ăn với cơm trứng rau,com_tron
tôi muốn nấu trứng cà chua nhanh trộn,trung_chien_ca_chua
nguyên liệu: bò mì,mi_xao_bo
có cơm gà thì nấu gì,com_ga
có cơm gà đơn giản thì nấu gì trộn,com_ga
nguyên liệu: cơm rau trứng,com_tron
ăn với trứng kho,trung_op_la
nấu cơm sườn được gì,com_tam
có cá thì nấu gì,ca_chien
tôi có trứng hành hấp,trung_xao_hanh
món ăn từ rau thịt,thit_xao_rau
có rau thì nấu gì,canh_rau
trứng cà chua,canh_trung_ca_chua
món ăn từ trứng kho,trung_hap
có đậu hũ thì nấu gì xào,dau_hu_chien
thịt,thit_nuong
nấu tôm mực mì được gì luộc,mi_xao_hai_san
có trứng thì nấu gì,trung_luoc
hành trứng nhanh nướng,trung_xao_hanh
trứng,trung_hap
làm món từ trứng hành xào,trung_xao_hanh
tôi muốn nấu cà chua trứng trộn,canh_trung_ca_chua
tôi có trứng kho,trung_op_la
ăn với mì bò xào,mi_xao_bo
ăn với trứng bánh mì hấp,banh_mi_trung
tôi muốn nấu tôm mực mì gia đình kho,mi_xao_hai_san
tôi muốn nấu mì,mi_goi
có xúc xích trứng cơm đậu nhanh thì nấu gì,com_chien_duong_chau
tôi có rau tỏi,rau_xao_toi
nấu đậu hũ được gì hấp,dau_hu_chien
nguyên liệu: trứng trộn,trung_luoc
ăn với mì,mi_goi
món ăn từ rau mì ngon,mi_tron
gà cà rốt,sup_ga
nguyên liệu: cá,ca_chien
nấu gà được gì luộc,ga_nuong
nguyên liệu: mì trứng nướng,mi_xao_trung
tôi muốn nấu mì trứng,mi_xao_trung
làm món từ rau tỏi luộc,rau_xao_toi
nguyên liệu: tỏi tôm xào,tom_xao_toi
nguyên liệu: thịt trứng chiên,trung_xao_thit
nấu rau mì gia đình được gì,mi_tron
mình có gà cơm,com_ga
nguyên liệu: cá kho,ca_kho
tôi muốn nấu trứng thịt nướng,thit_kho_trung
tôi có mì bò,mi_xao_bo
nấu mực tôm cơm được gì,com_chien_hai_san
nguyên liệu: tỏi tôm luộc,tom_xao_toi
tôi có mì chiên,mi_goi
mình có cơm gà trộn,com_ga
nguyên liệu: đậu hũ cà chua chiên,dau_hu_sot_ca
có trứng gia đình thì nấu gì luộc,trung_hap
nấu thịt được gì,thit_nuong
trứng,trung_chien
mình có trứng,trung_op_la
tôi có mì chiên,mi_goi
nấu đậu hũ cà chua được gì,dau_hu_sot_ca
làm món từ rau gà,lau_ga
có trứng thịt thì nấu gì,trung_xao_thit
ăn với gà rau nhanh xào,lau_ga
nấu bánh mì trứng nhanh được gì,banh_mi_trung
món ăn từ mì bò gia đình nướng,mi_xao_bo
tôi muốn nấu cơm hành trứng,com_chien_trung
nguyên liệu: sườn trộn,suon_kho
món ăn từ trứng,trung_op_la
nấu phở bò được gì,pho_bo
làm món từ rau luộc,canh_rau
nguyên liệu: bò phở gia đình,pho_bo
nấu hành bò được gì,bo_xao_hanh
nấu cà chua trứng được gì chiên,trung_chien_ca_chua
làm món từ phở bò nướng,pho_bo
mình có tỏi rau,rau_xao_toi
có hành trứng thì nấu gì,trung_xao_hanh
trứng đậu cơm xúc xích,com_chien_duong_chau
ăn với mực tôm cơm,com_chien_hai_san
có rau tỏi thì nấu gì,rau_xao_toi
có khoai bò cà rốt thì nấu gì,bo_kho
nguyên liệu: sườn,suon_kho
thịt rau,thit_xao_rau
nấu trứng hành ngon được gì trộn,trung_xao_hanh
làm món từ sườn,suon_kho
có sườn thì nấu gì,suon_kho
món ăn từ trứng đậu xúc xích cơm đơn giản,com_chien_duong_chau
nguyên liệu: trứng cơm hành luộc,com_chien_trung
có rau tỏi đơn giản thì nấu gì,rau_xao_toi
nguyên liệu: gà,ga_nuong
tôi có mì trứng luộc,mi_xao_trung
tôi muốn nấu rau hấp,canh_rau
nấu mực rau tôm được gì trộn,lau_thai
tôi có cà chua đậu hũ,dau_hu_sot_ca
ăn với rau trộn,canh_rau
làm món từ mì nhanh,mi_goi
món ăn từ trứng ngon hấp,trung_cuon
nguyên liệu: bún bò,bun_bo
món ăn từ gà,ga_chien
ăn với gà xào,canh_ga
cà rốt bò khoai kho,bo_kho
nguyên liệu: mì rau nhanh,mi_tron
nguyên liệu: mì trứng gia đình,mi_xao_trung
làm món từ gà đơn giản,ga_nuong
tôi có cơm mực tôm nhanh,com_chien_hai_san
có cơm trứng đậu xúc xích ngon thì nấu gì luộc,com_chien_duong_chau
tôi có tôm rau mực,lau_thai
nấu trứng hành được gì,trung_xao_hanh
tôi có sườn nướng,suon_nuong
rau mì,mi_tron
làm món từ tôm mực rau,lau_thai
nguyên liệu: gà cơm nhanh,com_ga
nấu cà chua trứng được gì hấp,trung_chien_ca_chua
nguyên liệu: rau tôm mực,lau_thai
tôi có phở bò,pho_bo
mình có cà chua trứng,trung_chien_ca_chua
mình có cơm xúc xích đậu trứng,com_chien_duong_chau
làm món từ trứng ngon,trung_chien
có tỏi rau thì nấu gì,rau_xao_toi
tôi có thịt rau,thit_xao_rau
tôi muốn nấu thịt rau kho,thit_xao_rau
mì mực tôm nướng,mi_xao_hai_san
ăn với khoai cà rốt bò hấp,bo_kho
ăn với phở bò nướng,pho_bo
nấu cà chua đậu hũ được gì nướng,dau_hu_sot_ca
tôi có rau trộn,canh_rau
tôm mực cơm nhanh,com_chien_hai_san
mình có sườn cơm ngon,com_tam
tôi muốn nấu cà chua đậu hũ,dau_hu_sot_ca
nguyên liệu: tỏi rau chiên,rau_xao_toi
nấu trứng hành được gì nướng,trung_xao_hanh
tôi có trứng thịt,thit_kho_trung
ăn với cá hấp,ca_kho
nấu trứng bánh mì được gì,banh_mi_trung
tôi muốn nấu thịt trứng đơn giản,thit_kho_trung
nguyên liệu: bánh mì trứng,banh_mi_trung
tôi muốn nấu cơm sườn,com_tam
nấu trứng thịt được gì,thit_kho_trung
tôi muốn nấu cà chua đậu hũ nhanh,dau_hu_sot_ca
nấu rau thịt được gì xào,thit_xao_rau
làm món từ cơm hành trứng trộn,com_chien_trung
trứng,trung_chien
trứng,trung_chien
ăn với trứng bánh mì hấp,banh_mi_op_la
nấu bánh mì trứng được gì,banh_mi_op_la
nấu bánh mì trứng được gì,banh_mi_trung
làm món từ gà chiên,canh_ga
món ăn từ rau mực tôm,lau_thai
có trứng ngon thì nấu gì nướng,trung_hap
mình có cá kho,ca_kho
nấu sườn cơm được gì,com_tam
làm món từ cà chua trứng,trung_chien_ca_chua
mình có rau thịt,thit_xao_rau
món ăn từ thịt kho,thit_nuong
nguyên liệu: thịt rau trộn,thit_xao_rau
ăn với mực tôm mì xào,mi_xao_hai_san
tôi muốn nấu trứng xúc xích đậu cơm kho,com_chien_duong_chau
nguyên liệu: rau tỏi,rau_xao_toi
có mì bò thì nấu gì,mi_xao_bo
nấu mì được gì,mi_goi
ăn với trứng chiên,trung_hap
món ăn từ mì tôm mực,mi_xao_hai_san
tôi muốn nấu sườn cơm gia đình,com_tam
nguyên liệu: cà chua trứng,trung_chien_ca_chua
món ăn từ cá gia đình,ca_chien
tôi muốn nấu bánh mì trứng,banh_mi_trung
nấu trứng được gì,trung_hap
tôi có mực tôm rau hấp,lau_thai
ăn với rau mì,mi_tron
tôi muốn nấu trứng,trung_op_la
tôi muốn nấu sườn cơm,com_tam
nấu cá được gì,ca_chien
nguyên liệu: hành trứng luộc,trung_xao_hanh
gà chiên,canh_ga
tôi muốn nấu trứng nhanh,trung_chien
có đậu hũ đơn giản thì nấu gì,dau_hu_chien
ăn với trứng chiên,trung_hap
mình có cá,ca_kho
làm món từ gà,canh_ga
làm món từ trứng,trung_luoc
ăn với thịt,thit_nuong
tôi có mì xào,mi_goi
món ăn từ phở bò kho,pho_bo
món ăn từ trứng nhanh luộc,trung_chien
tôi muốn nấu rau thịt,thit_xao_rau
tôi có bánh mì trứng,banh_mi_trung
tôi muốn nấu cà chua trứng,trung_chien_ca_chua
làm món từ trứng cà chua,canh_trung_ca_chua
mình có sườn,suon_kho
nấu rau tôm mực được gì,lau_thai
cơm gà,com_ga
nguyên liệu: rau gà nhanh,lau_ga
tôi có trứng,trung_chien
ăn với bò phở,pho_bo
tôi muốn nấu tôm tỏi,tom_xao_toi
mình có thịt,thit_nuong
có trứng cơm rau thì nấu gì,com_tron
có gà cà rốt thì nấu gì,sup_ga
ăn với bò hành,bo_xao_hanh
làm món từ hành bò,bo_xao_hanh
làm món từ gà cà rốt luộc,sup_ga
mình có mì rau đơn giản,mi_tron
ăn với sườn cơm chiên,com_tam
nấu trứng được gì,trung_cuon
ăn với cơm trứng hành,com_chien_trung
nấu tôm tỏi được gì,tom_xao_toi
trứng bánh mì,banh_mi_trung
tôi có thịt ngon,thit_nuong
nấu mực cơm tôm được gì,com_chien_hai_san
có đậu hũ thì nấu gì,dau_hu_chien
tôi có trứng,trung_chien
có sườn thì nấu gì trộn,suon_kho
tôi có gà luộc,ga_chien
mình có sườn,suon_kho
tôi muốn nấu đậu hũ,dau_hu_chien
mình có tỏi tôm chiên,tom_xao_toi
nguyên liệu: mực tôm rau,lau_thai
có trứng thì nấu gì,trung_luoc
nấu tôm rau mực được gì,lau_thai
hành bò,bo_xao_hanh
có gà thì nấu gì hấp,ga_nuong
làm món từ trứng cà chua nhanh,trung_chien_ca_chua
nguyên liệu: thịt kho,thit_nuong
tôi có cá,ca_kho
rau hấp,canh_rau
mình có sườn nhanh hấp,suon_nuong
món ăn từ cơm gà gia đình chiên,com_ga
mình có cá hấp,ca_chien
tôi có thịt bánh mì,banh_mi_thit
rau tỏi nhanh,rau_xao_toi
ăn với cơm tôm mực đơn giản kho,com_chien_hai_san
nguyên liệu: mì rau,mi_tron
ăn với bánh mì trứng kho,banh_mi_op_la
mình có tỏi tôm nhanh hấp,tom_xao_toi
tôi có mì bò gia đình chiên,mi_xao_bo
mình có trứng kho,trung_chien
ăn với đậu hũ cà chua,dau_hu_sot_ca
sườn,suon_kho
nguyên liệu: gà,ga_chien
bánh mì trứng xào,banh_mi_trung
có đậu hũ thì nấu gì,dau_hu_chien
cá,ca_chien
tôi có thịt kho,thit_nuong
nguyên liệu: đậu hũ nướng,dau_hu_chien
trứng gia đình luộc,trung_luoc
tôi có trứng ngon,trung_hap
có cá thì nấu gì,ca_kho
mình có thịt,thit_nuong
mình có trứng,trung_cuon
mình có mì rau nướng,mi_tron
nấu xúc xích cơm trứng đậu được gì,com_chien_duong_chau
nấu bánh mì trứng được gì xào,banh_mi_op_la
tôi có mì chiên,mi_goi
nguyên liệu: gà,ga_chien
ăn với mì,mi_goi
món ăn từ bánh mì thịt,banh_mi_thit
tôi có trứng cà chua đơn giản trộn,trung_chien_ca_chua
ăn với trứng cà chua nướng,canh_trung_ca_chua
ăn với trứng hành đơn giản chiên,trung_xao_hanh
món ăn từ phở bò trộn,pho_bo
có gà thì nấu gì xào,ga_chien
ăn với cá,ca_chien
tôi muốn nấu thịt đơn giản,thit_nuong
có cà chua trứng thì nấu gì trộn,trung_chien_ca_chua
tôi có sườn,suon_kho
trứng,trung_hap
tôi muốn nấu đậu hũ chiên,dau_hu_chien
làm món từ gà nướng,ga_nuong
hành trứng cơm,com_chien_trung
có gà thì nấu gì,ga_chien
tôi có cá,ca_chien
nguyên liệu: mực tôm rau nhanh,lau_thai
mình có mì mực tôm hấp,mi_xao_hai_san
nấu trứng được gì trộn,trung_luoc
tôi muốn nấu cá,ca_chien
mình có sườn,suon_nuong
làm món từ trứng trộn,trung_luoc
có gà thì nấu gì xào,ga_nuong
nấu thịt bánh mì được gì trộn,banh_mi_thit
mì,mi_goi
rau,canh_rau
đậu hũ cà chua chiên,dau_hu_sot_ca
nguyên liệu: bánh mì trứng,banh_mi_trung
tôi có cà chua trứng ngon hấp,canh_trung_ca_chua
thịt rau luộc,thit_xao_rau
tôi có cơm xúc xích trứng đậu,com_chien_duong_chau
làm món từ đậu hũ cà chua xào,dau_hu_sot_ca
có sườn thì nấu gì xào,suon_nuong
nguyên liệu: bò phở gia đình,pho_bo
ăn với tôm tỏi đơn giản,tom_xao_toi
làm món từ đậu hũ cà chua hấp,dau_hu_sot_ca
món ăn từ rau mì gia đình chiên,mi_tron
mình có rau gà,lau_ga
mực cơm tôm,com_chien_hai_san
mình có mì trứng xào,mi_xao_trung
có trứng thì nấu gì,trung_chien
món ăn từ bò bún,bun_bo
nấu bánh mì trứng ngon được gì kho,banh_mi_op_la
mình có cơm sườn hấp,com_tam
có bò hành thì nấu gì trộn,bo_xao_hanh
thịt bánh mì nhanh,banh_mi_thit
món ăn từ rau nhanh kho,canh_rau
ăn với mì trứng chiên,mi_xao_trung
nấu rau mì được gì,mi_tron
nấu trứng được gì,trung_luoc
nấu bò cà rốt khoai được gì,bo_kho
ăn với thịt trứng,thit_kho_trung
nguyên liệu: rau,canh_rau
mình có mì trứng nướng,mi_xao_trung
mình có tôm mì mực,mi_xao_hai_san
nguyên liệu: khoai cà rốt bò luộc,bo_kho
món ăn từ trứng luộc,trung_cuon
nấu mực mì tôm được gì,mi_xao_hai_san
tôi có trứng thịt,thit_kho_trung
ăn với cà rốt bò khoai,bo_kho
món ăn từ tôm mì mực gia đình,mi_xao_hai_san
món ăn từ trứng cơm rau xào,com_tron
nguyên liệu: mì trộn,mi_goi
tôi muốn nấu mực tôm mì,mi_xao_hai_san
mình có rau mì hấp,mi_tron
ăn với sườn,suon_kho
tôi muốn nấu cơm sườn ngon nướng,com_tam
mình có trứng,trung_op_la
mình có sườn nướng,suon_nuong
mình có trứng,trung_op_la
mình có thịt bánh mì ngon,banh_mi_thit
mình có hành cơm trứng trộn,com_chien_trung
ăn với đậu hũ cà chua hấp,dau_hu_sot_ca
làm món từ đậu hũ cà chua,dau_hu_sot_ca
tôi có trứng,trung_chien
tôi muốn nấu mì trứng xào,mi_xao_trung
món ăn từ cá,ca_kho
tôi có cơm sườn,com_tam
nguyên liệu: trứng thịt chiên,thit_kho_trung
mình có cơm tôm mực,com_chien_hai_san
ăn với bánh mì trứng đơn giản,banh_mi_trung
ăn với đậu hũ cà chua hấp,dau_hu_sot_ca
mình có trứng bánh mì ngon,banh_mi_trung
tôi muốn nấu thịt trứng xào,trung_xao_thit
tôi có hành trứng,trung_xao_hanh
tôi có cá,ca_chien
đậu hũ cà chua,dau_hu_sot_ca
có trứng thì nấu gì,trung_op_la
nguyên liệu: tôm cơm mực,com_chien_hai_san
làm món từ thịt trứng nhanh trộn,thit_kho_trung
ăn với hành bò trộn,bo_xao_hanh
nguyên liệu: gà,canh_ga
tôi muốn nấu bò bún chiên,bun_bo
tôi có cà chua trứng,trung_chien_ca_chua
tôi muốn nấu thịt trứng,thit_kho_trung
ăn với cơm gà luộc,com_ga
nguyên liệu: cà chua đậu hũ,dau_hu_sot_ca
tôi có mì tôm mực gia đình luộc,mi_xao_hai_san
nấu sườn được gì,suon_nuong
trứng,trung_luoc
tôi muốn nấu cà rốt bò khoai gia đình nướng,bo_kho
mì,mi_goi
nấu gà được gì hấp,ga_nuong
tôi có cà rốt bò khoai,bo_kho
nấu bò bún được gì luộc,bun_bo
làm món từ mì bò chiên,mi_xao_bo
ăn với đậu hũ kho,dau_hu_chien
làm món từ gà đơn giản trộn,canh_ga
mình có mì bò,mi_xao_bo
ăn với thịt chiên,thit_nuong
món ăn từ gà xào,ga_nuong
cà chua trứng nướng,trung_chien_ca_chua
nguyên liệu: trứng,trung_cuon
nấu trứng cà chua được gì,trung_chien_ca_chua
nấu gà gia đình được gì,ga_nuong
nguyên liệu: sườn,suon_nuong
trứng đơn giản,trung_op_la
ăn với bánh mì trứng,banh_mi_trung
ăn với thịt bánh mì hấp,banh_mi_thit
ăn với tôm cơm mực nướng,com_chien_hai_san
mình có trứng nướng,trung_chien
nguyên liệu: trứng kho,trung_hap
mình có thịt bánh mì,banh_mi_thit
có mì mực tôm thì nấu gì kho,mi_xao_hai_san
ăn với trứng nhanh,trung_op_la
ăn với gà,canh_ga
có trứng thịt đơn giản thì nấu gì,trung_xao_thit
ăn với trứng,trung_luoc
nấu gà cơm nhanh được gì kho,com_ga
làm món từ gà cà rốt ngon hấp,sup_ga
làm món từ mực rau tôm nhanh nướng,lau_thai
làm món từ rau tỏi,rau_xao_toi
nguyên liệu: cá đơn giản,ca_kho
tôi có gà luộc,ga_chien
ăn với cà chua trứng,canh_trung_ca_chua
nguyên liệu: gà cà rốt trộn,sup_ga
trứng kho,trung_chien
có rau thì nấu gì chiên,canh_rau
làm món từ đậu trứng xúc xích cơm,com_chien_duong_chau
nguyên liệu: gà,ga_nuong
nấu gà rau được gì kho,lau_ga
nguyên liệu: gà đơn giản trộn,canh_ga
làm món từ rau nhanh,canh_rau
tôi muốn nấu mì gia đình,mi_goi
tôi muốn nấu rau thịt,thit_xao_rau
ăn với gà,ga_chien
có bánh mì thịt ngon thì nấu gì,banh_mi_thit
làm món từ thịt kho,thit_nuong
tôi có cá kho,ca_kho
có cá thì nấu gì,ca_chien
có bánh mì trứng gia đình thì nấu gì xào,banh_mi_trung
làm món từ gà rau kho,lau_ga
tôi muốn nấu hành bò,bo_xao_hanh
rau mực tôm hấp,lau_thai
cơm tôm mực kho,com_chien_hai_san
có mì bò thì nấu gì chiên,mi_xao_bo
nấu trứng thịt ngon được gì hấp,trung_xao_thit
nấu trứng được gì,trung_op_la
ăn với gà chiên,ga_nuong
nguyên liệu: phở bò,pho_bo
ăn với mì trứng,mi_xao_trung
món ăn từ trứng thịt,thit_kho_trung
tôi có rau thịt gia đình,thit_xao_rau
làm món từ mì rau,mi_tron
tôi muốn nấu đậu hũ cà chua gia đình kho,dau_hu_sot_ca
mình có thịt gia đình,thit_nuong
tôm mì mực kho,mi_xao_hai_san
mì trứng nhanh xào,mi_xao_trung
làm món từ thịt bánh mì trộn,banh_mi_thit
đậu cơm xúc xích trứng,com_chien_duong_chau
tôi có rau,canh_rau
nguyên liệu: cơm rau trứng nhanh luộc,com_tron
ăn với đậu hũ,dau_hu_chien
món ăn từ mì gia đình luộc,mi_goi
làm món từ rau trứng cơm,com_tron
rau xào,canh_rau
làm món từ cơm sườn luộc,com_tam
mình có gà,canh_ga
nguyên liệu: thịt trứng,thit_kho_trung
nấu tỏi rau nhanh được gì chiên,rau_xao_toi
có cà rốt gà thì nấu gì,sup_ga
tôi muốn nấu trứng bánh mì,banh_mi_op_la
tôi có rau,canh_rau
cà rốt khoai bò đơn giản,bo_kho
nấu rau gà được gì luộc,lau_ga
ăn với trứng rau cơm,com_tron
nguyên liệu: bò mì,mi_xao_bo
có đậu hũ cà chua thì nấu gì,dau_hu_sot_ca
làm món từ đậu hũ,dau_hu_chien
có trứng thì nấu gì hấp,trung_hap
nấu rau gà được gì xào,lau_ga
nấu bò bún được gì,bun_bo
thịt trứng gia đình,thit_kho_trung
tôi có gà nướng,ga_chien
có trứng thì nấu gì,trung_chien
tôi có sườn,suon_nuong
rau gà,lau_ga
nguyên liệu: bò hành luộc,bo_xao_hanh
ăn với trứng,trung_op_la
rau thịt,thit_xao_rau
mình có tôm mực cơm đơn giản,com_chien_hai_san
nguyên liệu: rau nhanh hấp,canh_rau
món ăn từ rau tỏi hấp,rau_xao_toi
ăn với sườn kho,suon_kho
ăn với thịt trộn,thit_nuong
nấu trứng cà chua được gì xào,canh_trung_ca_chua
có hành trứng cơm thì nấu gì,com_chien_trung
làm món từ mì trứng chiên,mi_xao_trung
mình có gà gia đình,ga_nuong
làm món từ cơm gà gia đình,com_ga
tôi muốn nấu trứng chiên,trung_op_la
làm món từ trứng cà chua,trung_chien_ca_chua
nguyên liệu: sườn cơm,com_tam
tôi muốn nấu cá,ca_chien
có sườn thì nấu gì,suon_nuong
tôi có mực mì tôm,mi_xao_hai_san
làm món từ trứng gia đình hấp,trung_chien
tôi có trứng thịt chiên,trung_xao_thit
có cá thì nấu gì xào,ca_chien
tôi muốn nấu rau thịt,thit_xao_rau
nguyên liệu: cá gia đình nướng,ca_kho
làm món từ cà rốt gà,sup_ga
tôi có gà luộc,ga_nuong
món ăn từ mì bò luộc,mi_xao_bo
ăn với sườn trộn,suon_nuong
nấu trứng bánh mì được gì,banh_mi_trung
có rau thì nấu gì,canh_rau
bún bò,bun_bo
tôi muốn nấu đậu hũ kho,dau_hu_chien
ăn với thịt rau,thit_xao_rau
tôi muốn nấu rau thịt gia đình,thit_xao_rau
tôi muốn nấu tỏi rau xào,rau_xao_toi
tôi có mì,mi_goi
món ăn từ tôm tỏi kho,tom_xao_toi
làm món từ xúc xích cơm đậu trứng,com_chien_duong_chau
tôi có bò phở,pho_bo
nấu gà cà rốt được gì,sup_ga
làm món từ trứng hành gia đình,trung_xao_hanh
nấu phở bò được gì chiên,pho_bo
làm món từ gà ngon,canh_ga
đậu hũ cà chua,dau_hu_sot_ca
mình có rau tỏi kho,rau_xao_toi
nguyên liệu: trứng,trung_luoc
tôi muốn nấu gà cơm ngon,com_ga
tôi có cơm sườn trộn,com_tam
làm món từ bò mì,mi_xao_bo
tôi muốn nấu mì trứng,mi_xao_trung
tôi có mì tôm mực,mi_xao_hai_san
có gà thì nấu gì,ga_chien
nấu cơm xúc xích đậu trứng được gì chiên,com_chien_duong_chau
nguyên liệu: cá xào,ca_chien
nấu tôm tỏi gia đình được gì,tom_xao_toi
tôi có rau gà,lau_ga
làm món từ trứng bánh mì đơn giản,banh_mi_trung
thịt trứng gia đình trộn,thit_kho_trung
nấu mì được gì,mi_goi
làm món từ trứng hành nướng,trung_xao_hanh
cá,ca_kho
có tôm rau mực thì nấu gì chiên,lau_thai
có mì thì nấu gì xào,mi_goi
nấu gà được gì chiên,ga_chien
tôi có đậu hũ cà chua,dau_hu_sot_ca
nguyên liệu: thịt trứng ngon,thit_kho_trung
ăn với bánh mì trứng đơn giản,banh_mi_op_la
nguyên liệu: rau ngon,canh_rau
món ăn từ thịt trứng,thit_kho_trung
có bò bún thì nấu gì,bun_bo
có trứng thịt thì nấu gì,trung_xao_thit
phở bò,pho_bo
có thịt đơn giản thì nấu gì,thit_nuong
mình có tôm mực rau,lau_thai
bánh mì trứng kho,banh_mi_trung
tôi có sườn xào,suon_nuong
ăn với cơm sườn luộc,com_tam
nấu mực tôm mì được gì,mi_xao_hai_san
nguyên liệu: bánh mì thịt ngon,banh_mi_thit
mình có thịt,thit_nuong
nấu rau mì được gì,mi_tron
món ăn từ tỏi rau gia đình chiên,rau_xao_toi
ăn với gà nhanh,ga_nuong
tôi muốn nấu cá,ca_chien
tôi có trứng bánh mì trộn,banh_mi_trung
ăn với bánh mì thịt,banh_mi_thit
ăn với trứng thịt,thit_kho_trung
nấu cà chua trứng được gì,canh_trung_ca_chua
nguyên liệu: cá ngon,ca_kho
mình có trứng cà chua xào,trung_chien_ca_chua
có thịt thì nấu gì,thit_nuong
cá,ca_chien
tôi muốn nấu sườn nhanh xào,suon_kho
gà cơm đơn giản kho,com_ga
làm món từ cà rốt gà gia đình,sup_ga
tôi muốn nấu sườn,suon_nuong
hành trứng chiên,trung_xao_hanh
nguyên liệu: gà,canh_ga
cá,ca_chien
nấu mực tôm cơm được gì,com_chien_hai_san
nguyên liệu: mì,mi_goi
mình có bò mì,mi_xao_bo
nấu đậu hũ cà chua nhanh được gì,dau_hu_sot_ca
làm món từ mì bò nhanh kho,mi_xao_bo
mình có gà,ga_chien
tôi có trứng cà chua hấp,canh_trung_ca_chua
ăn với bún bò,bun_bo
làm món từ thịt bánh mì hấp,banh_mi_thit
ăn với cà chua đậu hũ nướng,dau_hu_sot_ca
nguyên liệu: tôm mì mực gia đình,mi_xao_hai_san
món ăn từ bò phở luộc,pho_bo
bún bò hấp,bun_bo
mình có gà nhanh,ga_chien
nguyên liệu: trứng cà chua ngon kho,canh_trung_ca_chua
mình có gà cà rốt xào,sup_ga
tôi muốn nấu trứng,trung_luoc
nấu thịt rau được gì,thit_xao_rau
tôi có bánh mì trứng trộn,banh_mi_op_la
món ăn từ gà rau luộc,lau_ga
mình có sườn,suon_nuong
nấu mì bò được gì xào,mi_xao_bo
có rau gà thì nấu gì xào,lau_ga
có thịt bánh mì đơn giản thì nấu gì,banh_mi_thit
có mì trứng thì nấu gì,mi_xao_trung
nguyên liệu: gà cơm đơn giản,com_ga
mì mực tôm trộn,mi_xao_hai_san
nấu cơm mực tôm được gì,com_chien_hai_san
mình có hành cơm trứng ngon,com_chien_trung
sườn cơm,com_tam
nấu rau tỏi được gì,rau_xao_toi
món ăn từ trứng hành trộn,trung_xao_hanh
làm món từ xúc xích đậu trứng cơm gia đình nướng,com_chien_duong_chau
ăn với gà cơm ngon,com_ga
nguyên liệu: trứng,trung_hap
nguyên liệu: trứng thịt ngon,trung_xao_thit
mình có tỏi rau ngon,rau_xao_toi
có cơm trứng rau đơn giản thì nấu gì luộc,com_tron
mình có gà nhanh luộc,ga_chien
trứng bánh mì kho,banh_mi_op_la
món ăn từ cà chua trứng đơn giản luộc,trung_chien_ca_chua
nấu khoai bò cà rốt được gì,bo_kho
tôi muốn nấu sườn,suon_nuong
có sườn thì nấu gì,suon_nuong
nấu hành cơm trứng được gì,com_chien_trung
tôi có trứng hấp,trung_chien
ăn với cá,ca_kho
ăn với gà,ga_chien
có gà đơn giản thì nấu gì,ga_chien
món ăn từ sườn,suon_kho
nấu cà rốt gà được gì kho,sup_ga
trứng nướng,trung_luoc
món ăn từ tôm rau mực xào,lau_thai
tôi muốn nấu mực tôm rau nhanh,lau_thai
tôi có rau gà,lau_ga
mình có thịt,thit_nuong
nấu bánh mì trứng được gì trộn,banh_mi_op_la
có tỏi tôm thì nấu gì,tom_xao_toi
làm món từ đậu hũ trộn,dau_hu_chien
có trứng ngon thì nấu gì,trung_hap
món ăn từ sườn,suon_kho
có trứng thịt thì nấu gì,thit_kho_trung
nguyên liệu: bánh mì thịt chiên,banh_mi_thit
nguyên liệu: thịt rau chiên,thit_xao_rau
nấu mì gia đình được gì nướng,mi_goi
mình có trứng,trung_cuon
nấu trứng thịt được gì,thit_kho_trung
ăn với hành bò,bo_xao_hanh
có thịt thì nấu gì,thit_nuong
gà xào,canh_ga
nấu trứng được gì,trung_chien
tôi muốn nấu trứng,trung_op_la
ăn với sườn cơm ngon nướng,com_tam
tôi muốn nấu mì rau,mi_tron
bún bò đơn giản chiên,bun_bo
có sườn cơm thì nấu gì,com_tam
mình có tỏi tôm kho,tom_xao_toi
tôi muốn nấu cơm sườn,com_tam
làm món từ mì bò,mi_xao_bo
nấu trứng được gì,trung_luoc
tôi có cà rốt bò khoai,bo_kho
món ăn từ cá trộn,ca_chien
ăn với cơm sườn xào,com_tam
có khoai cà rốt bò nhanh thì nấu gì kho,bo_kho
làm món từ thịt,thit_nuong
mì chiên,mi_goi
có trứng thì nấu gì xào,trung_cuon
làm món từ bò bún ngon,bun_bo
tôi có trứng,trung_cuon
mình có cá luộc,ca_chien
tôi muốn nấu cơm gà gia đình,com_ga
ăn với mì rau chiên,mi_tron
bún bò chiên,bun_bo
nguyên liệu: trứng thịt,trung_xao_thit
tôi có sườn trộn,suon_kho
làm món từ trứng trộn,trung_cuon
nguyên liệu: rau mì hấp,mi_tron
làm món từ sườn trộn,suon_kho
tôi muốn nấu cà chua trứng,trung_chien_ca_chua
món ăn từ trứng xào,trung_chien
nấu cá gia đình được gì,ca_kho
có trứng cà chua thì nấu gì xào,trung_chien_ca_chua
nấu mì được gì,mi_goi
mì rau kho,mi_tron
có gà cà rốt thì nấu gì xào,sup_ga
nguyên liệu: tôm cơm mực,com_chien_hai_san
nấu mì được gì trộn,mi_goi
nấu đậu cơm xúc xích trứng ngon được gì,com_chien_duong_chau
mình có tỏi tôm chiên,tom_xao_toi
món ăn từ cơm trứng rau,com_tron
làm món từ cà chua trứng xào,trung_chien_ca_chua
ăn với sườn,suon_nuong
làm món từ tôm mực cơm,com_chien_hai_san
tôi có cơm mực tôm nướng,com_chien_hai_san
mình có gà cà rốt,sup_ga
ăn với gà,ga_chien
tôi có gà nhanh,canh_ga
ăn với cà rốt khoai bò,bo_kho
nguyên liệu: sườn,suon_kho
gà,ga_nuong
tôi có bò phở trộn,pho_bo
món ăn từ phở bò,pho_bo
tôi muốn nấu mực rau tôm đơn giản,lau_thai
nấu cà rốt gà nhanh được gì xào,sup_ga
ăn với thịt rau,thit_xao_rau
mình có rau gà,lau_ga
trứng,trung_op_la
món ăn từ tỏi rau luộc,rau_xao_toi
món ăn từ mì,mi_goi
làm món từ sườn cơm ngon,com_tam
trứng,trung_hap
nấu bánh mì trứng nhanh được gì,banh_mi_trung
nguyên liệu: bánh mì trứng,banh_mi_op_la
món ăn từ trứng thịt xào,thit_kho_trung
ăn với gà rau,lau_ga
tôi có cá gia đình chiên,ca_kho
có gà thì nấu gì,ga_nuong
trứng cà chua nhanh kho,trung_chien_ca_chua
mình có thịt hấp,thit_nuong
có mực tôm cơm thì nấu gì,com_chien_hai_san
có cơm rau trứng thì nấu gì,com_tron
làm món từ cà chua trứng,trung_chien_ca_chua
nấu trứng mì được gì chiên,mi_xao_trung
mình có tỏi rau,rau_xao_toi
ăn với bánh mì trứng gia đình,banh_mi_op_la
mình có bò phở,pho_bo
làm món từ trứng,trung_hap
ăn với bún bò kho,bun_bo
mì kho,mi_goi
tôi có trứng cà chua ngon chiên,canh_trung_ca_chua
tôi có trứng thịt,trung_xao_thit
nấu hành trứng nhanh được gì,trung_xao_hanh
hành trứng nhanh,trung_xao_hanh
nguyên liệu: trứng xào,trung_op_la
mình có xúc xích trứng cơm đậu,com_chien_duong_chau
tôi có mực rau tôm đơn giản xào,lau_thai
mình có gà cà rốt nướng,sup_ga
làm món từ cà chua đậu hũ luộc,dau_hu_sot_ca
tôi muốn nấu gà cơm,com_ga
món ăn từ bò phở,pho_bo
có rau thịt thì nấu gì trộn,thit_xao_rau
nấu trứng rau cơm đơn giản được gì,com_tron
nấu gà được gì trộn,ga_chien
nguyên liệu: mực cơm tôm,com_chien_hai_san
đậu hũ cà chua,dau_hu_sot_ca
nấu rau tỏi được gì luộc,rau_xao_toi
nguyên liệu: thịt,thit_nuong
tôi có thịt bánh mì nướng,banh_mi_thit
ăn với cơm sườn hấp,com_tam
có rau thịt thì nấu gì chiên,thit_xao_rau
thịt trứng kho,trung_xao_thit
tôi muốn nấu gà hấp,ga_chien
ăn với rau,canh_rau
tôi muốn nấu bò mì trộn,mi_xao_bo
thịt bánh mì,banh_mi_thit
nấu thịt được gì,thit_nuong
gà rau kho,lau_ga
nguyên liệu: phở bò gia đình,pho_bo
làm món từ trứng hấp,trung_op_la
có gà thì nấu gì,canh_ga
món ăn từ bánh mì thịt nướng,banh_mi_thit
nấu gà ngon được gì,canh_ga
món ăn từ cà chua trứng luộc,canh_trung_ca_chua
tôi muốn nấu gà kho,canh_ga
tôi có tỏi tôm,tom_xao_toi
tôi muốn nấu trứng cơm đậu xúc xích đơn giản,com_chien_duong_chau
nấu rau gà được gì,lau_ga
có cá thì nấu gì,ca_kho
tôi muốn nấu gà,ga_nuong
ăn với rau mì kho,mi_tron
trứng hấp,trung_luoc
tôi có trứng bánh mì nhanh kho,banh_mi_op_la
tôi muốn nấu mì tôm mực ngon,mi_xao_hai_san
mình có gà,ga_nuong
mình có cơm rau trứng trộn,com_tron
mình có thịt trứng ngon,thit_kho_trung
trứng trộn,trung_op_la
nấu gà được gì nướng,ga_chien
làm món từ trứng,trung_cuon
nguyên liệu: rau tôm mực hấp,lau_thai
món ăn từ rau cơm trứng kho,com_tron
mình có trứng rau cơm ngon kho,com_tron
làm món từ sườn hấp,suon_nuong
tôi có gà,ga_nuong
ăn với bò khoai cà rốt kho,bo_kho
ăn với bò cà rốt khoai đơn giản,bo_kho
ăn với cơm xúc xích trứng đậu chiên,com_chien_duong_chau
hành trứng kho,trung_xao_hanh
nguyên liệu: khoai bò cà rốt nhanh,bo_kho
có trứng thì nấu gì trộn,trung_luoc
bánh mì trứng xào,banh_mi_trung
mình có gà luộc,ga_chien
nấu rau được gì chiên,canh_rau
tôi muốn nấu trứng,trung_luoc
nấu bánh mì trứng được gì,banh_mi_trung
nấu bánh mì trứng được gì,banh_mi_trung
tôi có thịt bánh mì gia đình,banh_mi_thit
làm món từ trứng ngon hấp,trung_op_la
món ăn từ rau,canh_rau
làm món từ cà chua trứng,trung_chien_ca_chua
tôi muốn nấu trứng bánh mì đơn giản trộn,banh_mi_op_la
cá nhanh,ca_kho
cà chua trứng,trung_chien_ca_chua
mình có khoai bò cà rốt,bo_kho
nấu trứng thịt được gì,thit_kho_trung
làm món từ sườn,suon_kho
món ăn từ tôm tỏi,tom_xao_toi
làm món từ bò khoai cà rốt ngon,bo_kho
mình có trứng thịt,thit_kho_trung
hành trứng,trung_xao_hanh
làm món từ gà cà rốt,sup_ga
mình có thịt trứng,trung_xao_thit
nấu mực tôm rau được gì,lau_thai
món ăn từ gà gia đình,ga_chien
có gà cơm thì nấu gì,com_ga
tôm tỏi hấp,tom_xao_toi
tôi muốn nấu trứng bánh mì kho,banh_mi_op_la
tôi có trứng,trung_op_la
có thịt thì nấu gì,thit_nuong
làm món từ trứng rau cơm,com_tron
tôi có gà gia đình,ga_chien
nấu sườn cơm được gì,com_tam
ăn với cà chua trứng xào,canh_trung_ca_chua
món ăn từ thịt,thit_nuong
làm món từ rau mực tôm luộc,lau_thai
tôi có tôm mực mì,mi_xao_hai_san
ăn với trứng nướng,trung_cuon
ăn với bánh mì trứng nhanh kho,banh_mi_op_la
tôi có phở bò,pho_bo
món ăn từ trứng hấp,trung_luoc
sườn,suon_nuong
món ăn từ gà kho,ga_nuong
tôi muốn nấu trứng,trung_hap
món ăn từ gà,canh_ga
có thịt trứng thì nấu gì xào,trung_xao_thit
nguyên liệu: thịt,thit_nuong
nấu trứng được gì nướng,trung_luoc
mình có trứng luộc,trung_cuon
tôi có rau trứng cơm,com_tron
nguyên liệu: trứng,trung_luoc
có cá thì nấu gì,ca_kho
làm món từ bò phở nhanh,pho_bo
tôi muốn nấu mì bò,mi_xao_bo
tôi muốn nấu đậu hũ cà chua,dau_hu_sot_ca
tôi muốn nấu hành trứng,trung_xao_hanh
ăn với cá đơn giản xào,ca_kho
ăn với đậu trứng cơm xúc xích trộn,com_chien_duong_chau
tôi muốn nấu trứng ngon trộn,trung_chien
tôi có rau mực tôm,lau_thai
tôi muốn nấu trứng cà chua chiên,trung_chien_ca_chua
ăn với trứng hành xào,trung_xao_hanh
có cá ngon thì nấu gì,ca_chien
tôi có hành bò,bo_xao_hanh
làm món từ mì trứng luộc,mi_xao_trung
tôi muốn nấu gà xào,ga_chien
món ăn từ gà,ga_chien
nguyên liệu: mực mì tôm gia đình trộn,mi_xao_hai_san
ăn với gà,ga_chien
nấu mực mì tôm gia đình được gì,mi_xao_hai_san
làm món từ sườn luộc,suon_kho
nguyên liệu: gà nhanh,ga_nuong
nấu trứng được gì trộn,trung_luoc
ăn với bún bò,bun_bo
tôi có sườn cơm gia đình,com_tam
làm món từ trứng hành kho,trung_xao_hanh
nấu mì bò được gì,mi_xao_bo
có rau thì nấu gì,canh_rau
nguyên liệu: gà,canh_ga
mình có cà chua trứng ngon,trung_chien_ca_chua
tôi có rau trộn,canh_rau
ăn với cơm mực tôm chiên,com_chien_hai_san
có bò mì thì nấu gì kho,mi_xao_bo
làm món từ trứng bánh mì nướng,banh_mi_op_la
mình có mì trứng,mi_xao_trung
tôi muốn nấu trứng cà chua hấp,trung_chien_ca_chua
có thịt rau thì nấu gì,thit_xao_rau
tôi muốn nấu khoai bò cà rốt gia đình chiên,bo_kho
ăn với gà chiên,canh_ga
nguyên liệu: mì,mi_goi
ăn với mì trứng,mi_xao_trung
món ăn từ cà rốt gà,sup_ga
làm món từ gà,ga_nuong
tôi có trứng gia đình,trung_op_la
tôi có cá trộn,ca_kho
nấu cơm tôm mực được gì kho,com_chien_hai_san
nguyên liệu: mực tôm cơm hấp,com_chien_hai_san
mực cơm tôm,com_chien_hai_san
mình có trứng cơm rau,com_tron
mình có tôm tỏi,tom_xao_toi
mình có gà rau,lau_ga
làm món từ trứng mì nướng,mi_xao_trung
nguyên liệu: đậu xúc xích trứng cơm chiên,com_chien_duong_chau
nấu cơm gà được gì luộc,com_ga
ăn với thịt bánh mì gia đình chiên,banh_mi_thit
món ăn từ cá,ca_chien
trứng mì,mi_xao_trung
nguyên liệu: trứng cơm rau nướng,com_tron
nấu trứng được gì,trung_chien
có cà chua trứng thì nấu gì,trung_chien_ca_chua
mình có bò phở,pho_bo
làm món từ trứng thịt đơn giản kho,thit_kho_trung
tôi muốn nấu cơm sườn đơn giản xào,com_tam
nguyên liệu: trứng rau cơm chiên,com_tron
tôi có bò mì hấp,mi_xao_bo
ăn với thịt rau ngon,thit_xao_rau
nấu rau tỏi gia đình được gì chiên,rau_xao_toi
có gà gia đình thì nấu gì trộn,ga_nuong
món ăn từ trứng gia đình,trung_op_la
tôi có cơm trứng hành nướng,com_chien_trung
tôi muốn nấu mì,mi_goi
làm món từ xúc xích đậu cơm trứng hấp,com_chien_duong_chau
món ăn từ tỏi tôm,tom_xao_toi
trứng đậu cơm xúc xích,com_chien_duong_chau
trứng thịt,thit_kho_trung
có mì bò thì nấu gì,mi_xao_bo
nấu trứng mì được gì,mi_xao_trung
ăn với thịt,thit_nuong
món ăn từ trứng,trung_cuon
làm món từ cá,ca_kho
trứng nướng,trung_hap
tỏi rau hấp,rau_xao_toi
có sườn thì nấu gì hấp,suon_kho
nguyên liệu: gà nhanh,ga_chien
mực rau tôm,lau_thai
tôi muốn nấu trứng kho,trung_hap
mình có trứng thịt hấp,thit_kho_trung
nấu trứng cà chua được gì,trung_chien_ca_chua
mình có rau trứng cơm,com_tron
mình có cơm mực tôm nướng,com_chien_hai_san
mình có gà cà rốt hấp,sup_ga
món ăn từ mì rau nướng,mi_tron
có rau cơm trứng thì nấu gì xào,com_tron
làm món từ cà chua trứng đơn giản,trung_chien_ca_chua
ăn với gà chiên,ga_chien
mình có gà xào,ga_nuong
nguyên liệu: thịt,thit_nuong
mình có cá,ca_kho
trứng cà chua,canh_trung_ca_chua
nguyên liệu: gà luộc,ga_nuong
trứng bánh mì,banh_mi_trung
mình có cà chua trứng,canh_trung_ca_chua
nấu trứng thịt được gì hấp,trung_xao_thit
tôi có trứng bánh mì,banh_mi_op_la
tôi có bò mì ngon,mi_xao_bo
mình có bò hành,bo_xao_hanh
nguyên liệu: trứng kho,trung_luoc
nấu trứng rau cơm được gì,com_tron
có rau thịt thì nấu gì xào,thit_xao_rau
tôi có cơm trứng xúc xích đậu,com_chien_duong_chau
nấu tỏi tôm được gì,tom_xao_toi
nguyên liệu: trứng,trung_cuon
ăn với bánh mì trứng đơn giản,banh_mi_trung
làm món từ đậu hũ cà chua,dau_hu_sot_ca
nguyên liệu: trứng bánh mì,banh_mi_trung
nguyên liệu: rau mì,mi_tron
tôi muốn nấu tôm tỏi hấp,tom_xao_toi
món ăn từ gà,ga_nuong
tôi có trứng hành,trung_xao_hanh
làm món từ trứng nhanh,trung_op_la
món ăn từ rau hấp,canh_rau
nguyên liệu: sườn cơm,com_tam
mình có gà,canh_ga
tôi muốn nấu rau gà,lau_ga
món ăn từ trứng ngon hấp,trung_luoc
tôi muốn nấu đậu hũ nhanh nướng,dau_hu_chien
ăn với tỏi rau gia đình nướng,rau_xao_toi
ăn với rau thịt nhanh,thit_xao_rau
mình có cơm mực tôm,com_chien_hai_san
có gà thì nấu gì,canh_ga
tôi muốn nấu mì rau,mi_tron
món ăn từ trứng xào,trung_luoc
có trứng thì nấu gì,trung_chien
mình có bánh mì trứng trộn,banh_mi_trung
nguyên liệu: thịt bánh mì,banh_mi_thit
có hành bò thì nấu gì,bo_xao_hanh
tôi muốn nấu cá luộc,ca_chien
mình có trứng hành hấp,trung_xao_hanh
mình có mực tôm rau chiên,lau_thai
tôi muốn nấu bò hành nướng,bo_xao_hanh
món ăn từ trứng,trung_cuon
ăn với đậu hũ,dau_hu_chien
nấu tôm rau mực được gì,lau_thai
tôi có trứng cà chua,trung_chien_ca_chua
nguyên liệu: trứng rau cơm,com_tron
ăn với gà rau,lau_ga
nấu trứng được gì,trung_cuon
tôi muốn nấu gà,ga_nuong
món ăn từ trứng cà chua ngon trộn,trung_chien_ca_chua
nấu trứng bánh mì được gì,banh_mi_trung
tôi muốn nấu trứng gia đình,trung_op_la
món ăn từ thịt bánh mì kho,banh_mi_thit
nấu đậu xúc xích trứng cơm gia đình được gì,com_chien_duong_chau
làm món từ tỏi tôm,tom_xao_toi
nguyên liệu: rau nhanh,canh_rau
mình có cơm hành trứng,com_chien_trung
mình có cá ngon,ca_kho
món ăn từ khoai cà rốt bò xào,bo_kho
nguyên liệu: cá,ca_kho
mình có thịt trứng xào,thit_kho_trung
món ăn từ trứng thịt,thit_kho_trung
tôi có sườn,suon_nuong
nguyên liệu: trứng hành cơm,com_chien_trung
tôi muốn nấu gà nhanh kho,ga_chien
nấu thịt trứng được gì kho,thit_kho_trung
tôi có gà nướng,ga_nuong
món ăn từ trứng cà chua trộn,canh_trung_ca_chua
món ăn từ thịt rau nhanh,thit_xao_rau
làm món từ sườn cơm,com_tam
mình có đậu hũ gia đình,dau_hu_chien
tôi muốn nấu bánh mì trứng,banh_mi_op_la
nguyên liệu: trứng thịt gia đình,trung_xao_thit
mình có thịt trứng ngon,thit_kho_trung
nguyên liệu: thịt trứng nhanh,trung_xao_thit
ăn với cà rốt khoai bò,bo_kho
làm món từ rau kho,canh_rau
nấu cà rốt gà được gì,sup_ga
làm món từ trứng chiên,trung_luoc
ăn với trứng xào,trung_op_la
làm món từ cà rốt khoai bò,bo_kho
có cá thì nấu gì,ca_chien
tôi có rau gà gia đình,lau_ga
tôi muốn nấu mì rau ngon,mi_tron
ăn với gà cà rốt,sup_ga
có cơm sườn thì nấu gì,com_tam
món ăn từ gà nhanh,canh_ga
làm món từ hành trứng,trung_xao_hanh
món ăn từ gà chiên,ga_chien
nấu hành cơm trứng được gì,com_chien_trung
mình có bánh mì thịt nhanh,banh_mi_thit
mình có bò bún xào,bun_bo
có rau gà thì nấu gì,lau_ga
tôi có tỏi rau,rau_xao_toi
món ăn từ mì bò,mi_xao_bo
món ăn từ bún bò gia đình,bun_bo
nấu thịt bánh mì được gì chiên,banh_mi_thit
tôi có đậu trứng xúc xích cơm gia đình,com_chien_duong_chau
nấu trứng được gì trộn,trung_chien
nấu trứng thịt được gì,thit_kho_trung
nấu mực mì tôm được gì,mi_xao_hai_san
tôi có gà rau,lau_ga
mình có gà luộc,ga_chien
món ăn từ bánh mì trứng chiên,banh_mi_trung
tôi có đậu hũ cà chua luộc,dau_hu_sot_ca
thịt rau kho,thit_xao_rau
có trứng thì nấu gì chiên,trung_cuon
nấu trứng được gì,trung_hap
có thịt trứng thì nấu gì,trung_xao_thit
nấu trứng được gì,trung_cuon
tôi muốn nấu trứng mì,mi_xao_trung
nguyên liệu: trứng bánh mì ngon,banh_mi_op_la
có cà chua trứng thì nấu gì trộn,trung_chien_ca_chua
làm món từ trứng hành cơm,com_chien_trung
nguyên liệu: sườn kho,suon_kho
có mì bò thì nấu gì,mi_xao_bo
món ăn từ gà,canh_ga
nấu gà được gì,canh_ga
có gà thì nấu gì xào,ga_chien
mình có cơm gà,com_ga
đậu hũ cà chua,dau_hu_sot_ca
nguyên liệu: sườn nhanh,suon_kho
trứng,trung_hap
tôi có đậu hũ cà chua,dau_hu_sot_ca
tôi muốn nấu trứng bánh mì kho,banh_mi_trung
có đậu hũ cà chua thì nấu gì nướng,dau_hu_sot_ca
gà,ga_chien
làm món từ cơm sườn chiên,com_tam
ăn với bò phở hấp,pho_bo
nguyên liệu: đậu hũ trộn,dau_hu_chien
tôi có xúc xích cơm trứng đậu xào,com_chien_duong_chau
có mì rau thì nấu gì,mi_tron
có tôm cơm mực nhanh thì nấu gì,com_chien_hai_san
món ăn từ gà nướng,canh_ga
ăn với rau cơm trứng,com_tron
nấu trứng được gì luộc,trung_op_la
món ăn từ cơm gà,com_ga
nguyên liệu: gà,ga_nuong
nguyên liệu: rau,canh_rau
bò khoai cà rốt nướng,bo_kho
có trứng thì nấu gì luộc,trung_hap
món ăn từ bánh mì thịt ngon,banh_mi_thit
làm món từ đậu hũ,dau_hu_chien
có cơm sườn đơn giản thì nấu gì luộc,com_tam
tôi có trứng kho,trung_luoc
có trứng thì nấu gì,trung_cuon
nguyên liệu: trứng cà chua luộc,trung_chien_ca_chua
mình có thịt,thit_nuong
tôi muốn nấu mực tôm rau,lau_thai
làm món từ mì rau kho,mi_tron
làm món từ trứng cà chua luộc,canh_trung_ca_chua
có cà chua trứng thì nấu gì chiên,canh_trung_ca_chua
có cá thì nấu gì xào,ca_kho
làm món từ bò hành,bo_xao_hanh
mì tôm mực hấp,mi_xao_hai_san
mình có mực tôm mì ngon hấp,mi_xao_hai_san
tôi có trứng bánh mì nhanh,banh_mi_trung
món ăn từ trứng rau cơm,com_tron
món ăn từ thịt trứng đơn giản,thit_kho_trung
tôi muốn nấu rau tỏi,rau_xao_toi
ăn với đậu hũ chiên,dau_hu_chien
mình có trứng bánh mì hấp,banh_mi_trung
nấu rau mì được gì,mi_tron
tôi có rau gia đình nướng,canh_rau
nấu trứng bánh mì được gì,banh_mi_op_la
hành trứng,trung_xao_hanh
làm món từ tôm mực mì hấp,mi_xao_hai_san
có thịt trứng thì nấu gì luộc,trung_xao_thit
mình có gà ngon,canh_ga
ăn với trứng cà chua,canh_trung_ca_chua
món ăn từ gà rau ngon trộn,lau_ga
tôi có đậu hũ cà chua kho,dau_hu_sot_ca
món ăn từ trứng hành trộn,trung_xao_hanh
ăn với trứng bánh mì chiên,banh_mi_trung
món ăn từ thịt rau,thit_xao_rau
nguyên liệu: sườn chiên,suon_nuong
làm món từ thịt trứng,thit_kho_trung
rau tỏi,rau_xao_toi
tôi muốn nấu tôm tỏi xào,tom_xao_toi
món ăn từ rau gia đình chiên,canh_rau
trứng trộn,trung_cuon
thịt bánh mì,banh_mi_thit
nguyên liệu: rau gà gia đình hấp,lau_ga
nấu trứng hành được gì,trung_xao_hanh
tôi có cá gia đình hấp,ca_kho
tôi có thịt gia đình trộn,thit_nuong
mình có tỏi tôm chiên,tom_xao_toi
làm món từ thịt bánh mì nướng,banh_mi_thit
nguyên liệu: cà chua đậu hũ,dau_hu_sot_ca
làm món từ trứng đậu cơm xúc xích ngon,com_chien_duong_chau
tôi muốn nấu sườn,suon_kho
hành trứng,trung_xao_hanh
tôi muốn nấu mì trứng,mi_xao_trung
món ăn từ hành trứng kho,trung_xao_hanh
cà chua trứng nhanh trộn,trung_chien_ca_chua
mình có tỏi rau nướng,rau_xao_toi
làm món từ đậu hũ ngon,dau_hu_chien
nấu cà rốt khoai bò được gì nướng,bo_kho
rau gà,lau_ga
tỏi rau,rau_xao_toi
sườn xào,suon_nuong
phở bò,pho_bo
tôi có hành trứng,trung_xao_hanh
tôi có rau thịt xào,thit_xao_rau
mình có tỏi tôm nướng,tom_xao_toi
món ăn từ mực tôm rau trộn,lau_thai
ăn với mì chiên,mi_goi
tôi có thịt trứng kho,trung_xao_thit
nấu rau gà gia đình được gì,lau_ga
ăn với trứng ngon,trung_hap
món ăn từ trứng cà chua hấp,trung_chien_ca_chua
có cá gia đình thì nấu gì,ca_chien
làm món từ rau tỏi nướng,rau_xao_toi
món ăn từ gà cà rốt gia đình luộc,sup_ga
tôi có trứng,trung_cuon
có cá thì nấu gì luộc,ca_kho
tôi muốn nấu sườn gia đình,suon_kho
món ăn từ trứng,trung_op_la
tôi có bún bò,bun_bo
tôi muốn nấu cá nướng,ca_kho
món ăn từ gà nướng,ga_nuong
nấu trứng thịt được gì trộn,thit_kho_trung
có trứng thì nấu gì,trung_chien
nấu trứng thịt được gì nướng,trung_xao_thit
mình có thịt trứng chiên,trung_xao_thit
món ăn từ gà cơm,com_ga
trứng kho,trung_op_la
nấu trứng mì được gì,mi_xao_trung
nấu đậu hũ đơn giản được gì,dau_hu_chien
món ăn từ cà chua đậu hũ luộc,dau_hu_sot_ca
có tôm cơm mực ngon thì nấu gì,com_chien_hai_san
nguyên liệu: mì kho,mi_goi
có mì bò thì nấu gì,mi_xao_bo
mình có trứng,trung_chien
nguyên liệu: sườn,suon_nuong
tôi có rau thịt,thit_xao_rau
món ăn từ đậu hũ cà chua,dau_hu_sot_ca
món ăn từ mực tôm rau,lau_thai
món ăn từ cá trộn,ca_chien
món ăn từ gà xào,ga_nuong
món ăn từ hành trứng chiên,trung_xao_hanh
nguyên liệu: sườn hấp,suon_nuong
nguyên liệu: thịt,thit_nuong
mình có trứng bánh mì chiên,banh_mi_trung
có bò mì đơn giản thì nấu gì,mi_xao_bo
tôi muốn nấu thịt trứng nhanh,trung_xao_thit
tôi có phở bò trộn,pho_bo
nấu cá đơn giản được gì luộc,ca_kho
nấu đậu hũ được gì,dau_hu_chien
nấu trứng được gì xào,trung_cuon
làm món từ hành cơm trứng gia đình,com_chien_trung
món ăn từ cá,ca_chien
nguyên liệu: rau gà,lau_ga
món ăn từ bò khoai cà rốt,bo_kho
nguyên liệu: sườn cơm gia đình,com_tam
tôi có gà,ga_nuong
nấu thịt được gì,thit_nuong
nấu bánh mì trứng gia đình được gì,banh_mi_op_la
tôi có trứng,trung_hap
món ăn từ trứng mì,mi_xao_trung
ăn với bò hành,bo_xao_hanh
món ăn từ mực tôm rau chiên,lau_thai
tôi muốn nấu mì trộn,mi_goi
tôi có trứng bánh mì,banh_mi_op_la
làm món từ cơm gà,com_ga
trứng bánh mì,banh_mi_op_la
ăn với bò bún nhanh,bun_bo
tôm tỏi,tom_xao_toi
nấu trứng bánh mì gia đình được gì,banh_mi_op_la
tôi muốn nấu gà,ga_nuong
làm món từ trứng bánh mì nhanh,banh_mi_trung
tôi muốn nấu gà cơm trộn,com_ga
ăn với cá nhanh,ca_chien
làm món từ rau trộn,canh_rau
tôi có thịt,thit_nuong
nấu đậu hũ cà chua đơn giản được gì kho,dau_hu_sot_ca
nguyên liệu: mì rau,mi_tron
nấu gà đơn giản được gì trộn,canh_ga
mình có trứng thịt đơn giản,thit_kho_trung
mình có thịt ngon trộn,thit_nuong
nấu sườn gia đình được gì chiên,suon_kho
tôi muốn nấu mực rau tôm ngon,lau_thai
tôi muốn nấu rau,canh_rau
có thịt rau nhanh thì nấu gì hấp,thit_xao_rau
làm món từ cá,ca_chien
tôi muốn nấu trứng nhanh nướng,trung_luoc
tôi muốn nấu trứng bánh mì,banh_mi_op_la
món ăn từ bánh mì trứng,banh_mi_op_la
ăn với trứng,trung_luoc
nấu gà cơm được gì nướng,com_ga
mình có thịt đơn giản,thit_nuong
tôi có gà cà rốt trộn,sup_ga
có trứng thì nấu gì,trung_luoc
ăn với gà,ga_nuong
cơm sườn nướng,com_tam
có sườn nhanh thì nấu gì,suon_nuong
ăn với đậu hũ cà chua,dau_hu_sot_ca
nguyên liệu: bò bún kho,bun_bo
mình có bánh mì thịt,banh_mi_thit
nguyên liệu: hành trứng gia đình,trung_xao_hanh
làm món từ tôm tỏi luộc,tom_xao_toi
nguyên liệu: mì,mi_goi
nguyên liệu: trứng,trung_hap
làm món từ cà rốt gà,sup_ga
có gà thì nấu gì nướng,ga_chien
tôi muốn nấu hành bò,bo_xao_hanh
nấu trứng được gì,trung_cuon
nguyên liệu: trứng,trung_op_la
món ăn từ trứng kho,trung_chien
nguyên liệu: bò hành,bo_xao_hanh
mình có tôm tỏi,tom_xao_toi
nguyên liệu: trứng cà chua,trung_chien_ca_chua
ăn với sườn gia đình,suon_kho
có tôm mực rau thì nấu gì,lau_thai
làm món từ gà,ga_nuong
ăn với mực tôm mì đơn giản kho,mi_xao_hai_san
mình có mực tôm cơm,com_chien_hai_san
mình có mực rau tôm,lau_thai
nguyên liệu: trứng luộc,trung_chien
mình có thịt rau nướng,thit_xao_rau
có rau mì thì nấu gì trộn,mi_tron
món ăn từ tôm tỏi luộc,tom_xao_toi
mình có mì rau,mi_tron
nguyên liệu: trứng bánh mì,banh_mi_op_la
món ăn từ gà gia đình luộc,ga_nuong
món ăn từ bánh mì trứng trộn,banh_mi_trung
nguyên liệu: bánh mì trứng,banh_mi_trung
mình có gà nướng,ga_chien
món ăn từ gà rau đơn giản,lau_ga
mình có trứng chiên,trung_chien
ăn với tỏi tôm luộc,tom_xao_toi
nấu thịt trứng ngon được gì kho,thit_kho_trung
nguyên liệu: gà,ga_chien
trứng,trung_luoc
tôi muốn nấu trứng thịt hấp,thit_kho_trung
nguyên liệu: bò hành kho,bo_xao_hanh
nguyên liệu: gà,ga_nuong
tôi muốn nấu đậu hũ xào,dau_hu_chien
mình có sườn cơm,com_tam
tôi có tôm rau mực trộn,lau_thai
món ăn từ rau tỏi,rau_xao_toi
có gà cơm thì nấu gì nướng,com_ga
tôi có cơm tôm mực trộn,com_chien_hai_san
nguyên liệu: mực tôm rau,lau_thai
tôi muốn nấu mì gia đình chiên,mi_goi
tôi có bò bún xào,bun_bo
mình có cà chua đậu hũ,dau_hu_sot_ca
ăn với cà chua đậu hũ xào,dau_hu_sot_ca
tôi muốn nấu cá ngon nướng,ca_chien
làm món từ bánh mì trứng gia đình,banh_mi_trung
có cơm gà thì nấu gì,com_ga
làm món từ đậu hũ cà chua kho,dau_hu_sot_ca
hành cơm trứng ngon,com_chien_trung
ăn với trứng bánh mì hấp,banh_mi_op_la
có bánh mì trứng thì nấu gì,banh_mi_trung
mình có rau trộn,canh_rau
ăn với gà nướng,ga_chien
ăn với cà chua đậu hũ gia đình trộn,dau_hu_sot_ca
tôi muốn nấu rau tỏi đơn giản kho,rau_xao_toi
nấu mì được gì luộc,mi_goi
tôi muốn nấu khoai bò cà rốt đơn giản,bo_kho
tôi có gà ngon trộn,ga_chien
nấu trứng cơm hành được gì hấp,com_chien_trung
làm món từ trứng thịt,trung_xao_thit
ăn với khoai bò cà rốt ngon xào,bo_kho
có trứng thì nấu gì,trung_hap
nguyên liệu: gà,ga_chien
món ăn từ cơm tôm mực nướng,com_chien_hai_san
nấu trứng được gì,trung_luoc
tôi có rau thịt,thit_xao_rau
có rau tỏi thì nấu gì nướng,rau_xao_toi
cà chua trứng đơn giản,trung_chien_ca_chua
ăn với thịt rau đơn giản trộn,thit_xao_rau
tôi có rau thịt trộn,thit_xao_rau
ăn với trứng rau cơm,com_tron
nguyên liệu: trứng xào,trung_op_la
ăn với đậu xúc xích cơm trứng,com_chien_duong_chau
món ăn từ thịt,thit_nuong
mình có cà chua đậu hũ nướng,dau_hu_sot_ca
mình có gà hấp,canh_ga
hành trứng hấp,trung_xao_hanh
có tôm tỏi thì nấu gì,tom_xao_toi
nguyên liệu: cơm sườn chiên,com_tam
tôi có trứng bánh mì,banh_mi_op_la
mình có đậu cơm trứng xúc xích gia đình,com_chien_duong_chau
làm món từ trứng chiên,trung_luoc
có trứng cơm rau thì nấu gì,com_tron
món ăn từ tôm cơm mực nướng,com_chien_hai_san
mình có cá,ca_kho
làm món từ gà rau,lau_ga
tôi có thịt trứng,trung_xao_thit
ăn với rau gà nhanh chiên,lau_ga
gà,canh_ga
cơm gà,com_ga
ăn với sườn luộc,suon_nuong
tôi có thịt bánh mì hấp,banh_mi_thit
tôi có mì tôm mực,mi_xao_hai_san
nguyên liệu: trứng đậu xúc xích cơm chiên,com_chien_duong_chau
làm món từ trứng cà chua,canh_trung_ca_chua
nấu trứng rau cơm được gì,com_tron
tôi có trứng nhanh kho,trung_cuon
ăn với cà rốt bò khoai,bo_kho
ăn với mì trứng,mi_xao_trung
trứng,trung_chien
làm món từ bò phở trộn,pho_bo
có trứng thì nấu gì,trung_luoc
nguyên liệu: rau hấp,canh_rau
nấu bánh mì trứng được gì trộn,banh_mi_trung
hành bò,bo_xao_hanh
nấu bánh mì trứng được gì kho,banh_mi_trung
mình có phở bò,pho_bo
ăn với đậu xúc xích cơm trứng,com_chien_duong_chau
nấu gà được gì,ga_chien
làm món từ trứng,trung_op_la
tôi có cà rốt gà hấp,sup_ga
ăn với bò bún,bun_bo
tôi muốn nấu cơm tôm mực nướng,com_chien_hai_san
làm món từ trứng đậu xúc xích cơm đơn giản,com_chien_duong_chau
tôi muốn nấu sườn chiên,suon_nuong
có sườn cơm thì nấu gì,com_tam
có hành cơm trứng thì nấu gì,com_chien_trung
có cá thì nấu gì,ca_kho
nguyên liệu: trứng cà chua hấp,trung_chien_ca_chua
có rau gia đình thì nấu gì,canh_rau
mình có bánh mì trứng kho,banh_mi_op_la
món ăn từ rau cơm trứng,com_tron
tôi muốn nấu gà rau nướng,lau_ga
tôi muốn nấu gà cà rốt,sup_ga
có trứng thì nấu gì,trung_cuon
nấu bò hành được gì chiên,bo_xao_hanh
ăn với tôm mì mực,mi_xao_hai_san
nấu tôm mực cơm được gì,com_chien_hai_san
món ăn từ sườn kho,suon_nuong
ăn với thịt rau,thit_xao_rau
làm món từ đậu cơm xúc xích trứng nướng,com_chien_duong_chau
có trứng thì nấu gì chiên,trung_cuon
ăn với cá,ca_chien
tôi muốn nấu trứng,trung_luoc
có trứng thì nấu gì,trung_cuon
nguyên liệu: trứng trộn,trung_op_la
trứng,trung_cuon
ăn với sườn kho,suon_kho
nguyên liệu: trứng cơm hành,com_chien_trung
tôi có gà hấp,ga_chien
mình có bún bò,bun_bo
nguyên liệu: rau,canh_rau
làm món từ trứng cơm rau nhanh kho,com_tron
làm món từ mì bò đơn giản kho,mi_xao_bo
nấu rau được gì,canh_rau
tôi muốn nấu trứng cà chua nướng,trung_chien_ca_chua
mình có khoai bò cà rốt,bo_kho
nguyên liệu: đậu hũ cà chua luộc,dau_hu_sot_ca
có sườn đơn giản thì nấu gì chiên,suon_nuong
trứng bánh mì trộn,banh_mi_trung
tôi muốn nấu gà,ga_nuong
nấu đậu trứng cơm xúc xích được gì,com_chien_duong_chau
tôi có bánh mì thịt,banh_mi_thit
mình có phở bò nhanh,pho_bo
ăn với mì bò,mi_xao_bo
nguyên liệu: hành trứng ngon,trung_xao_hanh
món ăn từ hành cơm trứng luộc,com_chien_trung
ăn với thịt trứng xào,thit_kho_trung
có trứng gia đình thì nấu gì,trung_cuon
gà rau đơn giản hấp,lau_ga
cà chua trứng xào,canh_trung_ca_chua
mình có cơm gà nhanh chiên,com_ga
mình có tôm tỏi nướng,tom_xao_toi
nấu cá được gì,ca_chien
tôi muốn nấu tôm cơm mực,com_chien_hai_san
ăn với bánh mì thịt đơn giản,banh_mi_thit
trứng,trung_cuon
làm món từ mì rau chiên,mi_tron
ăn với gà hấp,canh_ga
mình có đậu hũ,dau_hu_chien
tôi có trứng gia đình,trung_chien
tôi muốn nấu sườn chiên,suon_kho
tôi có mì trứng,mi_xao_trung
mình có đậu hũ cà chua đơn giản chiên,dau_hu_sot_ca
rau cơm trứng,com_tron
có cá thì nấu gì,ca_kho
có rau gà gia đình thì nấu gì luộc,lau_ga
ăn với sườn gia đình,suon_kho
món ăn từ hành trứng,trung_xao_hanh
nấu cà rốt gà đơn giản được gì,sup_ga
ăn với gà cà rốt,sup_ga
làm món từ trứng kho,trung_op_la
nấu gà được gì,ga_nuong
có trứng thì nấu gì luộc,trung_chien
gà,ga_chien
nấu sườn cơm được gì,com_tam
món ăn từ sườn,suon_kho
ăn với bò khoai cà rốt,bo_kho
ăn với gà gia đình,ga_nuong
mình có cá,ca_kho
nấu rau gia đình được gì,canh_rau
nguyên liệu: thịt xào,thit_nuong
nấu trứng được gì,trung_hap
tôi có rau trứng cơm đơn giản,com_tron
nấu trứng hành được gì nướng,trung_xao_hanh
làm món từ bò phở hấp,pho_bo
món ăn từ trứng cà chua,canh_trung_ca_chua
tôi có mì bò,mi_xao_bo
tôi muốn nấu rau trộn,canh_rau
mình có thịt rau,thit_xao_rau
tôi có sườn cơm,com_tam
nấu đậu hũ cà chua được gì trộn,dau_hu_sot_ca
tôi muốn nấu rau,canh_rau
có bò bún thì nấu gì luộc,bun_bo
ăn với tôm rau mực,lau_thai
tôi muốn nấu rau,canh_rau
trứng ngon,trung_luoc
ăn với thịt trứng,trung_xao_thit
ăn với bò mì,mi_xao_bo
món ăn từ cà chua trứng chiên,canh_trung_ca_chua
mình có cơm đậu xúc xích trứng,com_chien_duong_chau
làm món từ sườn chiên,suon_kho
mình có bò khoai cà rốt hấp,bo_kho
tôi có hành bò,bo_xao_hanh
tôi có trứng xúc xích cơm đậu,com_chien_duong_chau
tôi muốn nấu mì xào,mi_goi
có sườn thì nấu gì,suon_nuong
tôi có thịt trứng,trung_xao_thit
tôi muốn nấu thịt trứng trộn,thit_kho_trung
có mì thì nấu gì kho,mi_goi
nấu phở bò được gì,pho_bo
ăn với sườn,suon_kho
tôi muốn nấu bánh mì thịt,banh_mi_thit
món ăn từ gà chiên,ga_nuong
làm món từ trứng đơn giản nướng,trung_op_la
ăn với trứng bánh mì,banh_mi_op_la
làm món từ tôm tỏi hấp,tom_xao_toi
tôi có cá,ca_chien
có bánh mì thịt thì nấu gì trộn,banh_mi_thit
mình có trứng hành,trung_xao_hanh
có cà chua trứng thì nấu gì,trung_chien_ca_chua
trứng trộn,trung_luoc
tôi muốn nấu trứng thịt,thit_kho_trung
món ăn từ rau,canh_rau
bánh mì thịt,banh_mi_thit
ăn với trứng thịt đơn giản,thit_kho_trung
cà chua trứng,canh_trung_ca_chua
nấu phở bò được gì,pho_bo
trứng bánh mì,banh_mi_op_la
tôi có trứng hành ngon chiên,trung_xao_hanh
nấu gà được gì luộc,canh_ga
thịt trứng hấp,thit_kho_trung
có trứng nhanh thì nấu gì trộn,trung_cuon
ăn với cơm sườn kho,com_tam
mình có sườn ngon,suon_nuong
nguyên liệu: cà chua trứng chiên,canh_trung_ca_chua
có bò bún gia đình thì nấu gì,bun_bo
gà,ga_chien
ăn với phở bò nướng,pho_bo
tôi muốn nấu cơm rau trứng nhanh kho,com_tron
món ăn từ cà chua trứng gia đình chiên,canh_trung_ca_chua
nguyên liệu: cá luộc,ca_chien
nấu gà được gì,ga_chien
ăn với trứng hành,trung_xao_hanh
tôi có thịt trứng,trung_xao_thit
tôi có tôm mì mực trộn,mi_xao_hai_san
nguyên liệu: mực cơm tôm xào,com_chien_hai_san
có gà thì nấu gì luộc,canh_ga
nguyên liệu: bò mì,mi_xao_bo
ăn với thịt,thit_nuong
nguyên liệu: gà ngon,ga_nuong
có đậu trứng cơm xúc xích thì nấu gì,com_chien_duong_chau
làm món từ cá trộn,ca_kho
nguyên liệu: mì,mi_goi
món ăn từ mì luộc,mi_goi
làm món từ mì,mi_goi
ăn với cà chua trứng,canh_trung_ca_chua
tôi muốn nấu tỏi tôm chiên,tom_xao_toi
nấu rau mực tôm được gì,lau_thai
tôi có trứng cà chua,trung_chien_ca_chua
có trứng nhanh thì nấu gì hấp,trung_luoc
nấu rau mì được gì trộn,mi_tron
nấu tôm tỏi được gì hấp,tom_xao_toi
nấu trứng cơm rau được gì hấp,com_tron
nấu cơm hành trứng được gì kho,com_chien_trung
tôi có mì trứng,mi_xao_trung
ăn với trứng hành nướng,trung_xao_hanh
ăn với trứng hành,trung_xao_hanh
mình có hành trứng hấp,trung_xao_hanh
món ăn từ sườn,suon_nuong
ăn với trứng,trung_op_la
mình có gà rau kho,lau_ga
tôi có thịt trứng gia đình,trung_xao_thit
bò hành hấp,bo_xao_hanh
nấu trứng được gì,trung_chien
món ăn từ bánh mì trứng,banh_mi_trung
rau mì,mi_tron
mình có gà ngon,ga_chien
nấu thịt rau được gì nướng,thit_xao_rau
tôi muốn nấu rau đơn giản chiên,canh_rau
có trứng cơm đậu xúc xích thì nấu gì,com_chien_duong_chau
có trứng rau cơm thì nấu gì,com_tron
nấu trứng hành cơm ngon được gì hấp,com_chien_trung
mình có cá chiên,ca_kho
có đậu cơm trứng xúc xích thì nấu gì luộc,com_chien_duong_chau
có cơm gà thì nấu gì,com_ga
ăn với trứng đơn giản,trung_hap
tôi muốn nấu đậu hũ,dau_hu_chien
tôi muốn nấu trứng chiên,trung_op_la
nguyên liệu: rau chiên,canh_rau
mình có trứng,trung_op_la
tôi muốn nấu cá ngon nướng,ca_chien
mình có trứng hành kho,trung_xao_hanh
ăn với trứng,trung_op_la
làm món từ cá,ca_chien
nấu trứng đơn giản được gì,trung_hap
nguyên liệu: mì xào,mi_goi
tôi muốn nấu thịt gia đình chiên,thit_nuong
gà,ga_chien
tôi muốn nấu cá nhanh,ca_chien
tôi muốn nấu mì bò gia đình kho,mi_xao_bo
nấu thịt trứng gia đình được gì luộc,thit_kho_trung
nguyên liệu: trứng bánh mì,banh_mi_trung
tôi có thịt trứng nướng,trung_xao_thit
món ăn từ trứng luộc,trung_luoc
tôi có trứng chiên,trung_luoc
làm món từ thịt,thit_nuong
tôi muốn nấu bò cà rốt khoai ngon,bo_kho
tôi muốn nấu cà chua trứng đơn giản chiên,trung_chien_ca_chua
nguyên liệu: rau,canh_rau
có trứng hành cơm thì nấu gì,com_chien_trung
nấu thịt rau được gì,thit_xao_rau
có rau mì thì nấu gì,mi_tron
ăn với hành trứng kho,trung_xao_hanh
tôm tỏi,tom_xao_toi
có cà rốt bò khoai thì nấu gì trộn,bo_kho
làm món từ bún bò,bun_bo
nấu trứng ngon được gì nướng,trung_hap
bánh mì trứng nhanh,banh_mi_op_la
ăn với trứng thịt nướng,thit_kho_trung
có bò hành thì nấu gì,bo_xao_hanh
có gà cơm thì nấu gì,com_ga
tôi có trứng mì chiên,mi_xao_trung
nấu thịt bánh mì nhanh được gì luộc,banh_mi_thit
xúc xích đậu cơm trứng ngon,com_chien_duong_chau
tôi muốn nấu cơm trứng hành chiên,com_chien_trung
tôi muốn nấu sườn ngon,suon_nuong
ăn với khoai cà rốt bò,bo_kho
nguyên liệu: cà chua trứng trộn,trung_chien_ca_chua
tôi muốn nấu cơm sườn nhanh,com_tam
mì,mi_goi
gà cà rốt,sup_ga
làm món từ sườn trộn,suon_kho
tôi có gà luộc,canh_ga
làm món từ sườn luộc,suon_kho
ăn với tỏi tôm,tom_xao_toi
có tôm tỏi thì nấu gì,tom_xao_toi
món ăn từ trứng mì,mi_xao_trung
ăn với trứng hành cơm trộn,com_chien_trung
cà rốt gà,sup_ga
trứng,trung_chien
nguyên liệu: đậu hũ cà chua kho,dau_hu_sot_ca
tôi muốn nấu mì xào,mi_goi
có sườn thì nấu gì,suon_kho
làm món từ đậu xúc xích cơm trứng kho,com_chien_duong_chau
món ăn từ cá nhanh xào,ca_kho
món ăn từ bò phở,pho_bo
có gà thì nấu gì nướng,ga_nuong
ăn với đậu hũ cà chua xào,dau_hu_sot_ca
ăn với trứng kho,trung_luoc
tôi có trứng,trung_luoc
hành trứng,trung_xao_hanh
nguyên liệu: sườn hấp,suon_nuong
mình có trứng mì,mi_xao_trung
mình có hành trứng,trung_xao_hanh
nguyên liệu: đậu hũ,dau_hu_chien
sườn nhanh,suon_nuong
nấu gà được gì,canh_ga
tôi muốn nấu rau trộn,canh_rau
mình có trứng,trung_chien
tôi muốn nấu trứng thịt,trung_xao_thit
đậu hũ đơn giản,dau_hu_chien
có cơm tôm mực thì nấu gì,com_chien_hai_san
làm món từ bò phở,pho_bo
tôi có bánh mì thịt nướng,banh_mi_thit
làm món từ trứng cơm rau,com_tron
bún bò,bun_bo
làm món từ bò mì đơn giản,mi_xao_bo
sườn,suon_kho
bò phở hấp,pho_bo
ăn với thịt rau ngon nướng,thit_xao_rau
làm món từ thịt trứng luộc,trung_xao_thit
bò mì,mi_xao_bo
có trứng cà chua thì nấu gì xào,trung_chien_ca_chua
mì trứng,mi_xao_trung
tôi muốn nấu trứng bánh mì chiên,banh_mi_op_la
tôi muốn nấu trứng,trung_op_la
mình có tôm tỏi nướng,tom_xao_toi
món ăn từ rau chiên,canh_rau
trứng mì kho,mi_xao_trung
gà đơn giản,ga_chien
nguyên liệu: trứng,trung_op_la
ăn với trứng hành nhanh,trung_xao_hanh
tôi có thịt kho,thit_nuong
ăn với bò bún,bun_bo
nấu mì mực tôm nhanh được gì nướng,mi_xao_hai_san
tôi có tỏi tôm gia đình chiên,tom_xao_toi
nấu gà được gì,canh_ga
nguyên liệu: hành cơm trứng luộc,com_chien_trung
có cá thì nấu gì,ca_chien
có bò hành thì nấu gì,bo_xao_hanh
nguyên liệu: rau,canh_rau
tôi muốn nấu cà chua trứng,canh_trung_ca_chua
món ăn từ trứng,trung_cuon
ăn với cơm gà,com_ga
món ăn từ trứng bánh mì hấp,banh_mi_trung
mình có phở bò gia đình,pho_bo
làm món từ trứng,trung_cuon
nguyên liệu: gà,ga_chien
rau,canh_rau
nấu trứng cà chua được gì chiên,canh_trung_ca_chua
ăn với trứng,trung_luoc
tôi muốn nấu gà cà rốt hấp,sup_ga
ăn với trứng cà chua,canh_trung_ca_chua
món ăn từ cá,ca_kho
tôi có bò phở,pho_bo
ăn với rau,canh_rau
món ăn từ bánh mì trứng đơn giản nướng,banh_mi_op_la
nấu trứng bánh mì được gì,banh_mi_trung
có hành trứng thì nấu gì,trung_xao_hanh
có đậu hũ ngon thì nấu gì,dau_hu_chien
món ăn từ trứng hành,trung_xao_hanh
mì rau kho,mi_tron
món ăn từ gà,ga_chien
tôi muốn nấu gà,canh_ga
mình có gà cơm hấp,com_ga
có bún bò gia đình thì nấu gì,bun_bo
làm món từ trứng cà chua gia đình,canh_trung_ca_chua
tôi muốn nấu trứng thịt luộc,thit_kho_trung
có trứng cơm rau thì nấu gì,com_tron
nguyên liệu: tôm tỏi,tom_xao_toi
làm món từ gà,canh_ga
có thịt thì nấu gì,thit_nuong
tôi muốn nấu cơm sườn,com_tam
món ăn từ mì,mi_goi
làm món từ sườn nhanh hấp,suon_nuong
nấu thịt bánh mì nhanh được gì,banh_mi_thit
cơm gà,com_ga
nguyên liệu: thịt trứng nướng,thit_kho_trung
nấu trứng được gì,trung_chien
gà cơm gia đình,com_ga
có cơm đậu trứng xúc xích thì nấu gì,com_chien_duong_chau
làm món từ mì mực tôm,mi_xao_hai_san
làm món từ cơm gà,com_ga
món ăn từ trứng xúc xích đậu cơm,com_chien_duong_chau
ăn với gà,ga_chien
nguyên liệu: thịt,thit_nuong
có cá nhanh thì nấu gì,ca_kho
ăn với trứng mì,mi_xao_trung
có mì đơn giản thì nấu gì kho,mi_goi
nguyên liệu: mực tôm mì,mi_xao_hai_san
nguyên liệu: sườn nhanh hấp,suon_nuong
tôi muốn nấu trứng thịt,thit_kho_trung
nấu cơm sườn được gì,com_tam
mình có cà rốt gà đơn giản luộc,sup_ga
có gà thì nấu gì,ga_chien
làm món từ gà nhanh nướng,canh_ga
mình có cá,ca_chien
nấu rau tỏi được gì kho,rau_xao_toi
tôi có cơm hành trứng,com_chien_trung
tôi có trứng cà chua,trung_chien_ca_chua
tôi có rau trứng cơm luộc,com_tron
làm món từ cơm tôm mực,com_chien_hai_san
tôi muốn nấu trứng mì,mi_xao_trung
mình có gà luộc,canh_ga
tôi muốn nấu trứng bánh mì xào,banh_mi_trung
món ăn từ gà nhanh,ga_nuong
tôi muốn nấu thịt nướng,thit_nuong
món ăn từ xúc xích cơm đậu trứng,com_chien_duong_chau
tôi muốn nấu bò bún,bun_bo
bánh mì trứng chiên,banh_mi_trung
món ăn từ sườn,suon_nuong
mình có mực mì tôm,mi_xao_hai_san
tôi muốn nấu đậu hũ chiên,dau_hu_chien
tôi có gà,canh_ga
làm món từ gà rau trộn,lau_ga
món ăn từ cơm gà,com_ga
làm món từ cà chua đậu hũ luộc,dau_hu_sot_ca
tôi có bò hành,bo_xao_hanh
có trứng cơm hành thì nấu gì kho,com_chien_trung
làm món từ cá nhanh,ca_chien
nấu hành trứng cơm được gì kho,com_chien_trung
trứng ngon,trung_op_la
tôi muốn nấu trứng,trung_cuon
tôi muốn nấu tôm tỏi,tom_xao_toi
mình có gà cà rốt kho,sup_ga
nguyên liệu: trứng hành đơn giản,trung_xao_hanh
mình có gà cà rốt nhanh,sup_ga
tôi muốn nấu trứng nướng,trung_hap
nguyên liệu: bò mì,mi_xao_bo
nấu cà rốt gà đơn giản được gì hấp,sup_ga
trứng cơm hành ngon,com_chien_trung
tôi muốn nấu sườn gia đình hấp,suon_nuong
nguyên liệu: tôm mì mực xào,mi_xao_hai_san
nguyên liệu: đậu hũ,dau_hu_chien
có đậu hũ nhanh thì nấu gì,dau_hu_chien
mình có cá,ca_chien
mình có trứng hành,trung_xao_hanh
mình có trứng,trung_luoc
làm món từ tôm mì mực nướng,mi_xao_hai_san
món ăn từ mì chiên,mi_goi
ăn với thịt trứng,trung_xao_thit
có trứng thì nấu gì nướng,trung_op_la
nguyên liệu: thịt trộn,thit_nuong
có gà thì nấu gì nướng,canh_ga
nấu bún bò ngon được gì,bun_bo
có tôm mực rau thì nấu gì,lau_thai
món ăn từ trứng cà chua đơn giản luộc,trung_chien_ca_chua
tôi muốn nấu cá gia đình,ca_kho
nguyên liệu: trứng đơn giản,trung_op_la
nấu đậu hũ được gì,dau_hu_chien
làm món từ đậu hũ,dau_hu_chien
làm món từ trứng nhanh,trung_cuon
làm món từ cá trộn,ca_chien
tôi muốn nấu bò bún gia đình luộc,bun_bo
rau gà kho,lau_ga
món ăn từ trứng,trung_chien
tôi có cà rốt khoai bò,bo_kho
tôi có trứng bánh mì,banh_mi_op_la
mình có thịt rau kho,thit_xao_rau
có cà chua trứng thì nấu gì trộn,trung_chien_ca_chua
mì bò,mi_xao_bo
nguyên liệu: gà nhanh,canh_ga
tôi muốn nấu trứng cơm đậu xúc xích,com_chien_duong_chau
ăn với mì hấp,mi_goi
mình có bò cà rốt khoai kho,bo_kho
làm món từ trứng xúc xích cơm đậu chiên,com_chien_duong_chau
tôi có thịt trứng,trung_xao_thit
đậu hũ,dau_hu_chien
bánh mì trứng,banh_mi_op_la
ăn với đậu hũ,dau_hu_chien
mình có gà cơm,com_ga
ăn với tôm mực mì chiên,mi_xao_hai_san
mình có gà rau kho,lau_ga
món ăn từ mì trứng gia đình,mi_xao_trung
nấu gà được gì,ga_chien
nguyên liệu: tôm tỏi đơn giản,tom_xao_toi
ăn với mì bò đơn giản,mi_xao_bo
làm món từ cá ngon,ca_kho
rau mì kho,mi_tron
mình có mì,mi_goi
làm món từ trứng hành cơm chiên,com_chien_trung
tôi muốn nấu bún bò,bun_bo
mình có gà kho,ga_chien
làm món từ cơm trứng hành,com_chien_trung
nấu thịt rau được gì,thit_xao_rau
có hành trứng nhanh thì nấu gì nướng,trung_xao_hanh
tôi có cá,ca_chien
món ăn từ thịt trứng,trung_xao_thit
tôi muốn nấu thịt,thit_nuong
có tôm tỏi thì nấu gì,tom_xao_toi
có hành trứng thì nấu gì xào,trung_xao_hanh
món ăn từ trứng chiên,trung_luoc
mình có trứng đơn giản,trung_op_la
làm món từ rau hấp,canh_rau
có bánh mì thịt thì nấu gì nướng,banh_mi_thit
nấu bánh mì thịt được gì kho,banh_mi_thit
nấu tỏi rau được gì,rau_xao_toi
nấu mì bò được gì,mi_xao_bo
ăn với bánh mì thịt,banh_mi_thit
trứng cà chua đơn giản,canh_trung_ca_chua
nấu phở bò được gì,pho_bo
nấu sườn được gì nướng,suon_nuong
làm món từ cá nhanh,ca_kho
làm món từ bún bò hấp,bun_bo
có trứng cơm hành thì nấu gì,com_chien_trung
rau gà,lau_ga
có gà thì nấu gì nướng,canh_ga
nấu rau được gì,canh_rau
nấu cà chua đậu hũ nhanh được gì chiên,dau_hu_sot_ca
làm món từ rau trứng cơm kho,com_tron
nguyên liệu: hành bò chiên,bo_xao_hanh
món ăn từ bò hành xào,bo_xao_hanh
tôi có bún bò,bun_bo
tôi có bánh mì trứng,banh_mi_trung
món ăn từ rau thịt,thit_xao_rau
nấu cơm gà được gì,com_ga
tôi có mì rau,mi_tron
làm món từ mì tôm mực nướng,mi_xao_hai_san
nguyên liệu: mì trứng,mi_xao_trung
nguyên liệu: bánh mì trứng,banh_mi_op_la
tôi có gà xào,ga_nuong
nấu sườn được gì kho,suon_nuong
ăn với rau kho,canh_rau
tôi có cà rốt gà,sup_ga
nguyên liệu: trứng nhanh,trung_chien
tôi muốn nấu khoai bò cà rốt luộc,bo_kho
thịt bánh mì xào,banh_mi_thit
làm món từ rau gia đình,canh_rau
nguyên liệu: sườn cơm chiên,com_tam
nguyên liệu: xúc xích đậu trứng cơm hấp,com_chien_duong_chau
mình có mực tôm mì,mi_xao_hai_san
mình có trứng mì,mi_xao_trung
ăn với cơm tôm mực,com_chien_hai_san
nấu đậu hũ cà chua được gì,dau_hu_sot_ca
ăn với thịt trứng,thit_kho_trung
món ăn từ mì xào,mi_goi
món ăn từ trứng xúc xích cơm đậu nướng,com_chien_duong_chau
thịt trứng,trung_xao_thit
nấu hành cơm trứng được gì,com_chien_trung
nguyên liệu: trứng,trung_hap
món ăn từ thịt trứng,thit_kho_trung
món ăn từ trứng mì nhanh luộc,mi_xao_trung
nguyên liệu: mì trứng xào,mi_xao_trung
hành trứng đơn giản,trung_xao_hanh
mình có hành bò ngon,bo_xao_hanh
có bò bún thì nấu gì nướng,bun_bo
tôi muốn nấu gà hấp,ga_chien
nấu trứng bánh mì được gì trộn,banh_mi_op_la
ăn với sườn,suon_kho
làm món từ cơm trứng hành,com_chien_trung
mình có sườn nhanh,suon_nuong
ăn với bò phở ngon,pho_bo
nguyên liệu: gà đơn giản trộn,canh_ga
sườn,suon_kho
tôi muốn nấu sườn chiên,suon_kho
tôi muốn nấu trứng hấp,trung_hap
ăn với rau tỏi,rau_xao_toi
ăn với trứng mì,mi_xao_trung
tôi muốn nấu mì mực tôm,mi_xao_hai_san
tôi có đậu hũ,dau_hu_chien
nấu cà chua trứng được gì,trung_chien_ca_chua
làm món từ cà rốt gà,sup_ga
tôi có bò phở luộc,pho_bo
mình có đậu trứng cơm xúc xích gia đình,com_chien_duong_chau
ăn với rau gà nhanh,lau_ga
nguyên liệu: trứng thịt,thit_kho_trung
món ăn từ tỏi tôm xào,tom_xao_toi
tôi muốn nấu trứng cơm rau đơn giản kho,com_tron
ăn với trứng mì,mi_xao_trung
món ăn từ trứng cà chua,canh_trung_ca_chua
tôi muốn nấu cá kho,ca_chien
ăn với trứng nướng,trung_luoc
gà,canh_ga
cơm xúc xích đậu trứng,com_chien_duong_chau
tôi có gà chiên,canh_ga
nguyên liệu: bò mì ngon,mi_xao_bo
sườn cơm,com_tam
mình có mực tôm cơm,com_chien_hai_san
cá kho,ca_chien
mình có tôm mực mì,mi_xao_hai_san
tôi có bò khoai cà rốt,bo_kho
tôi có trứng cà chua,trung_chien_ca_chua
ăn với bò bún nướng,bun_bo
cá gia đình luộc,ca_kho
làm món từ cá,ca_chien
làm món từ sườn,suon_nuong
tôi có rau xào,canh_rau
mình có trứng cơm hành,com_chien_trung
làm món từ trứng bánh mì nhanh,banh_mi_trung
tôi muốn nấu sườn,suon_kho
mình có trứng,trung_op_la
trứng,trung_chien
nguyên liệu: sườn,suon_nuong
món ăn từ trứng đơn giản,trung_op_la
mình có trứng,trung_cuon
sườn,suon_kho
ăn với sườn trộn,suon_nuong
tôi có trứng,trung_chien
ăn với trứng,trung_op_la
nấu hành trứng được gì hấp,trung_xao_hanh
tôi có phở bò,pho_bo
tôi có cá xào,ca_kho
có sườn thì nấu gì,suon_kho
món ăn từ trứng bánh mì,banh_mi_trung
mình có trứng thịt đơn giản xào,thit_kho_trung
tôi muốn nấu rau tỏi gia đình chiên,rau_xao_toi
mình có khoai cà rốt bò,bo_kho
nấu trứng cơm rau nhanh được gì,com_tron
sườn,suon_kho
ăn với cơm sườn,com_tam
món ăn từ bò cà rốt khoai,bo_kho
làm món từ cà rốt khoai bò,bo_kho
ăn với thịt trứng kho,thit_kho_trung
món ăn từ rau trứng cơm nhanh,com_tron
có thịt rau thì nấu gì kho,thit_xao_rau
mình có trứng bánh mì,banh_mi_op_la
tôi có trứng,trung_hap
món ăn từ trứng,trung_op_la
mình có bò mì,mi_xao_bo
làm món từ trứng,trung_luoc
ăn với cá hấp,ca_chien
ăn với tỏi tôm xào,tom_xao_toi
rau gà nướng,lau_ga
nấu rau được gì,canh_rau
có trứng thì nấu gì,trung_chien
có sườn ngon thì nấu gì trộn,suon_kho
tôi muốn nấu rau,canh_rau
trứng bánh mì,banh_mi_trung
làm món từ rau tỏi,rau_xao_toi
nguyên liệu: cá,ca_chien
nấu gà cơm được gì,com_ga
tôi muốn nấu gà gia đình trộn,ga_chien
làm món từ trứng,trung_hap
mình có đậu hũ đơn giản,dau_hu_chien
món ăn từ rau tỏi xào,rau_xao_toi
sườn cơm nướng,com_tam
có trứng bánh mì thì nấu gì,banh_mi_op_la
tôi có trứng thịt,thit_kho_trung
có bánh mì trứng thì nấu gì,banh_mi_op_la
món ăn từ gà cơm chiên,com_ga
nguyên liệu: cà chua đậu hũ,dau_hu_sot_ca
làm món từ bún bò chiên,bun_bo
mình có bún bò nướng,bun_bo
nguyên liệu: xúc xích đậu cơm trứng,com_chien_duong_chau
có bánh mì thịt thì nấu gì,banh_mi_thit
tôi muốn nấu trứng bánh mì kho,banh_mi_trung
làm món từ thịt rau đơn giản,thit_xao_rau
có cà rốt gà gia đình thì nấu gì,sup_ga
làm món từ cơm mực tôm,com_chien_hai_san
ăn với trứng cơm hành nhanh,com_chien_trung
ăn với gà đơn giản,ga_nuong
ăn với trứng thịt kho,trung_xao_thit
rau gà nướng,lau_ga
tôi muốn nấu rau,canh_rau
tôi có cà rốt gà,sup_ga
tôm cơm mực,com_chien_hai_san
thịt trứng,trung_xao_thit
làm món từ thịt,thit_nuong
tôi có thịt rau nhanh,thit_xao_rau
tôi có bánh mì trứng gia đình,banh_mi_op_la
ăn với cơm gà,com_ga
món ăn từ cơm sườn,com_tam
có tôm mì mực thì nấu gì chiên,mi_xao_hai_san
tôi muốn nấu thịt rau,thit_xao_rau
mì trứng hấp,mi_xao_trung
tôi muốn nấu trứng nhanh xào,trung_cuon
ăn với trứng,trung_op_la
tôi có trứng hành xào,trung_xao_hanh
tôi muốn nấu cá,ca_chien
tôi có sườn hấp,suon_kho
nấu hành trứng được gì,trung_xao_hanh
làm món từ trứng xào,trung_hap
bún bò,bun_bo
làm món từ trứng nhanh,trung_hap
ăn với tôm mực mì ngon kho,mi_xao_hai_san
món ăn từ bún bò nhanh,bun_bo
nấu thịt được gì,thit_nuong
nấu rau gia đình được gì hấp,canh_rau
nấu tôm mì mực được gì,mi_xao_hai_san
trứng chiên,trung_luoc
tôi muốn nấu cơm trứng rau kho,com_tron
làm món từ mì rau,mi_tron
làm món từ mực tôm cơm,com_chien_hai_san
thịt trứng trộn,trung_xao_thit
hành trứng,trung_xao_hanh
mình có gà cơm,com_ga
trứng bánh mì,banh_mi_trung
ăn với cà chua đậu hũ,dau_hu_sot_ca
tôi muốn nấu rau xào,canh_rau
món ăn từ gà,ga_chien
tôi có cá,ca_chien
hành cơm trứng nhanh luộc,com_chien_trung
ăn với trứng hấp,trung_hap
làm món từ trứng,trung_chien
tôi muốn nấu cá,ca_kho
tôi muốn nấu cà chua đậu hũ xào,dau_hu_sot_ca
có trứng thịt thì nấu gì nướng,thit_kho_trung
nấu mực tôm cơm được gì xào,com_chien_hai_san
mình có gà,ga_chien
làm món từ đậu hũ,dau_hu_chien
làm món từ hành trứng luộc,trung_xao_hanh
món ăn từ cá,ca_kho
tỏi tôm hấp,tom_xao_toi
món ăn từ thịt trứng gia đình,thit_kho_trung
mình có trứng mì ngon,mi_xao_trung
mình có trứng,trung_luoc
nguyên liệu: bánh mì trứng,banh_mi_trung
mình có đậu hũ xào,dau_hu_chien
tôi muốn nấu bánh mì trứng,banh_mi_trung
tôi muốn nấu thịt nướng,thit_nuong
ăn với thịt trứng gia đình,thit_kho_trung
có sườn thì nấu gì trộn,suon_nuong
món ăn từ trứng thịt,trung_xao_thit
có tôm mực mì ngon thì nấu gì luộc,mi_xao_hai_san
món ăn từ đậu hũ cà chua ngon,dau_hu_sot_ca
tôi có bò phở,pho_bo
đậu hũ cà chua,dau_hu_sot_ca
cá,ca_kho
cơm trứng rau,com_tron
nguyên liệu: mì,mi_goi
ăn với mì tôm mực,mi_xao_hai_san
mình có cơm sườn đơn giản,com_tam
món ăn từ đậu hũ xào,dau_hu_chien
nấu cá được gì,ca_chien
tôi có đậu hũ đơn giản,dau_hu_chien
nấu cá được gì,ca_kho
nguyên liệu: sườn,suon_kho
rau,canh_rau
món ăn từ trứng cà chua,trung_chien_ca_chua
nguyên liệu: mì bò gia đình luộc,mi_xao_bo
ăn với gà,ga_nuong
nấu tôm cơm mực gia đình được gì,com_chien_hai_san
mình có thịt trứng,trung_xao_thit
tôi muốn nấu rau hấp,canh_rau
tôi có trứng bánh mì gia đình hấp,banh_mi_trung
tôi có trứng,trung_luoc
mình có gà,ga_nuong
nấu bánh mì thịt được gì trộn,banh_mi_thit
nấu phở bò được gì hấp,pho_bo
làm món từ trứng hành,trung_xao_hanh
tôi muốn nấu tôm tỏi chiên,tom_xao_toi
mình có mực tôm rau ngon,lau_thai
trứng cà chua trộn,trung_chien_ca_chua
có bò phở thì nấu gì,pho_bo
làm món từ sườn,suon_nuong
tôi có tỏi tôm ngon xào,tom_xao_toi
món ăn từ cá đơn giản trộn,ca_kho
tôi muốn nấu cá,ca_kho
có gà cà rốt thì nấu gì,sup_ga
mình có trứng kho,trung_op_la
tôi có rau trứng cơm chiên,com_tron
tôi có trứng mì ngon,mi_xao_trung
làm món từ bánh mì thịt kho,banh_mi_thit
tôi muốn nấu bánh mì trứng gia đình,banh_mi_op_la
tôi muốn nấu mì rau trộn,mi_tron
tôi có cà rốt gà luộc,sup_ga
tôi có tỏi rau,rau_xao_toi
tôi có rau gà,lau_ga
mì bò kho,mi_xao_bo
món ăn từ bò bún,bun_bo
tôi muốn nấu thịt trứng xào,trung_xao_thit
nấu rau gà được gì,lau_ga
mình có cơm trứng hành kho,com_chien_trung
ăn với bò bún hấp,bun_bo
món ăn từ cơm sườn,com_tam
mình có bò mì,mi_xao_bo
ăn với gà xào,canh_ga
có mì thì nấu gì hấp,mi_goi
tôi muốn nấu hành bò,bo_xao_hanh
nguyên liệu: rau,canh_rau
nguyên liệu: gà cà rốt đơn giản kho,sup_ga
nấu cơm xúc xích trứng đậu được gì chiên,com_chien_duong_chau
món ăn từ cà chua trứng xào,trung_chien_ca_chua
tôi có cà chua trứng gia đình trộn,trung_chien_ca_chua
tôi muốn nấu thịt trứng,thit_kho_trung
nguyên liệu: mì chiên,mi_goi
tôi muốn nấu bánh mì trứng đơn giản chiên,banh_mi_trung
mì trứng,mi_xao_trung
trứng trộn,trung_hap
nấu sườn cơm ngon được gì nướng,com_tam
mình có thịt nhanh hấp,thit_nuong
tôi có mì rau xào,mi_tron
mình có đậu hũ nướng,dau_hu_chien
tôi muốn nấu cá hấp,ca_chien
mì trứng trộn,mi_xao_trung
tôi có cá,ca_kho
nguyên liệu: gà,canh_ga
có bò khoai cà rốt thì nấu gì,bo_kho
tôi có bò hành gia đình,bo_xao_hanh
mình có trứng bánh mì,banh_mi_trung
có sườn cơm thì nấu gì,com_tam
làm món từ sườn cơm,com_tam
nấu hành bò được gì,bo_xao_hanh
nấu trứng nhanh được gì,trung_op_la
tôi có mì trứng gia đình,mi_xao_trung
đậu xúc xích trứng cơm,com_chien_duong_chau
nguyên liệu: trứng mì,mi_xao_trung
có sườn thì nấu gì nướng,suon_kho
cà rốt gà,sup_ga
ăn với thịt trứng,thit_kho_trung
mình có bún bò,bun_bo
có tỏi rau gia đình thì nấu gì kho,rau_xao_toi
thịt trứng,trung_xao_thit
tôi có trứng thịt,trung_xao_thit
làm món từ bánh mì trứng kho,banh_mi_trung
món ăn từ gà chiên,canh_ga
nấu rau tỏi được gì,rau_xao_toi
ăn với gà trộn,canh_ga
tôi có mực tôm mì trộn,mi_xao_hai_san
mình có sườn,suon_kho
ăn với sườn,suon_nuong
tôi có rau tỏi đơn giản kho,rau_xao_toi
tôi có trứng,trung_luoc
nấu trứng đậu xúc xích cơm được gì,com_chien_duong_chau
món ăn từ mì bò nhanh,mi_xao_bo
nấu trứng được gì kho,trung_op_la
món ăn từ bánh mì thịt trộn,banh_mi_thit
tôi muốn nấu tôm tỏi chiên,tom_xao_toi
tôi có tỏi tôm luộc,tom_xao_toi
nấu khoai bò cà rốt được gì,bo_kho
nguyên liệu: mực tôm cơm,com_chien_hai_san
ăn với trứng hành,trung_xao_hanh
phở bò gia đình luộc,pho_bo
mình có rau gà ngon trộn,lau_ga
mình có trứng cà chua hấp,trung_chien_ca_chua
mình có trứng thịt,thit_kho_trung
món ăn từ rau mực tôm xào,lau_thai
tôi muốn nấu hành bò,bo_xao_hanh
món ăn từ sườn hấp,suon_kho
món ăn từ bò phở,pho_bo
món ăn từ trứng mì ngon,mi_xao_trung
nguyên liệu: trứng cà chua,canh_trung_ca_chua
nguyên liệu: mì trứng,mi_xao_trung
ăn với trứng cơm rau xào,com_tron
tôi muốn nấu mực tôm rau,lau_thai
nấu rau mì được gì,mi_tron
trứng hành cơm,com_chien_trung
làm món từ bánh mì trứng ngon luộc,banh_mi_trung
nấu đậu hũ được gì kho,dau_hu_chien
nấu sườn được gì luộc,suon_kho
món ăn từ rau gà,lau_ga
có thịt bánh mì gia đình thì nấu gì,banh_mi_thit
món ăn từ trứng,trung_hap
nguyên liệu: cà rốt gà,sup_ga
mình có phở bò,pho_bo
tôi có hành trứng nhanh,trung_xao_hanh
món ăn từ cà chua trứng,trung_chien_ca_chua
mình có bánh mì trứng gia đình,banh_mi_trung
nguyên liệu: mì trứng,mi_xao_trung
trứng mì,mi_xao_trung
ăn với trứng kho,trung_luoc
tôi muốn nấu cơm tôm mực kho,com_chien_hai_san
nguyên liệu: trứng bánh mì kho,banh_mi_op_la
bánh mì thịt trộn,banh_mi_thit
tôi muốn nấu trứng thịt đơn giản,trung_xao_thit
thịt gia đình hấp,thit_nuong
món ăn từ trứng nướng,trung_chien
khoai bò cà rốt gia đình nướng,bo_kho
làm món từ trứng xào,trung_chien
cơm trứng xúc xích đậu luộc,com_chien_duong_chau
nguyên liệu: mực tôm cơm,com_chien_hai_san
có cơm tôm mực thì nấu gì luộc,com_chien_hai_san
làm món từ trứng,trung_chien
sườn cơm kho,com_tam
có cà rốt bò khoai thì nấu gì,bo_kho
món ăn từ trứng rau cơm,com_tron
có trứng thì nấu gì,trung_chien
nguyên liệu: trứng,trung_chien
mình có trứng cơm xúc xích đậu luộc,com_chien_duong_chau
món ăn từ trứng cà chua,trung_chien_ca_chua
trứng mì,mi_xao_trung
làm món từ trứng cà chua luộc,trung_chien_ca_chua
xúc xích trứng cơm đậu luộc,com_chien_duong_chau
món ăn từ gà,ga_chien
làm món từ mì trứng hấp,mi_xao_trung
tôi muốn nấu gà,canh_ga
mình có bánh mì trứng,banh_mi_op_la
có hành trứng thì nấu gì,trung_xao_hanh
có gà rau thì nấu gì kho,lau_ga
mình có rau,canh_rau
nguyên liệu: gà,ga_nuong
ăn với trứng bánh mì đơn giản,banh_mi_op_la
trứng rau cơm,com_tron
món ăn từ thịt trứng,thit_kho_trung
sườn nhanh xào,suon_kho
làm món từ trứng cà chua nhanh,trung_chien_ca_chua
sườn,suon_kho
mình có trứng,trung_op_la
tôi có bún bò,bun_bo
làm món từ gà rau,lau_ga
nguyên liệu: trứng,trung_luoc
mình có xúc xích trứng cơm đậu xào,com_chien_duong_chau
nấu cà chua trứng nhanh được gì,trung_chien_ca_chua
nguyên liệu: sườn đơn giản,suon_kho
nấu rau tôm mực được gì chiên,lau_thai
nấu trứng thịt ngon được gì,trung_xao_thit
trứng,trung_hap
mình có rau thịt,thit_xao_rau
đậu hũ,dau_hu_chien
làm món từ trứng rau cơm,com_tron
nguyên liệu: gà cơm,com_ga
tôi có tỏi tôm kho,tom_xao_toi
cá nhanh,ca_kho
trứng,trung_chien
tôi muốn nấu trứng kho,trung_cuon
món ăn từ tỏi tôm nướng,tom_xao_toi
nấu bò hành được gì,bo_xao_hanh
nguyên liệu: trứng nhanh chiên,trung_op_la
có rau thì nấu gì,canh_rau
nguyên liệu: bò hành nướng,bo_xao_hanh
nấu cá được gì trộn,ca_chien
tôi có gà luộc,ga_nuong
mình có cơm trứng rau,com_tron
tôi có trứng trộn,trung_op_la
mình có gà,canh_ga
món ăn từ cà chua trứng,canh_trung_ca_chua
làm món từ thịt trứng,trung_xao_thit
tôi có gà cà rốt đơn giản xào,sup_ga
làm món từ trứng gia đình,trung_op_la
nguyên liệu: rau tôm mực nướng,lau_thai
tôi có gà cà rốt,sup_ga
mình có xúc xích đậu cơm trứng,com_chien_duong_chau
làm món từ trứng bánh mì,banh_mi_op_la
món ăn từ cà rốt gà,sup_ga
mình có trứng,trung_chien
ăn với sườn đơn giản,suon_kho
ăn với bò hành ngon,bo_xao_hanh
tôi có cơm gà trộn,com_ga
trứng cà chua nướng,canh_trung_ca_chua
tôi có cơm trứng rau luộc,com_tron
nguyên liệu: bún bò,bun_bo
làm món từ gà gia đình,canh_ga
có bánh mì thịt thì nấu gì kho,banh_mi_thit
ăn với cá,ca_kho
tôi muốn nấu trứng,trung_hap
ăn với trứng thịt,thit_kho_trung
mình có thịt bánh mì trộn,banh_mi_thit
mình có rau mì,mi_tron
món ăn từ mì luộc,mi_goi
có trứng thì nấu gì,trung_chien
tôi có trứng đơn giản,trung_cuon
tôi muốn nấu trứng bánh mì đơn giản nướng,banh_mi_trung
có trứng hành thì nấu gì nướng,trung_xao_hanh
nấu gà được gì,canh_ga
rau tỏi hấp,rau_xao_toi
mình có bò bún,bun_bo
tôi có thịt,thit_nuong
có hành bò thì nấu gì,bo_xao_hanh
món ăn từ mực tôm rau,lau_thai
làm món từ phở bò ngon,pho_bo
có mì tôm mực thì nấu gì,mi_xao_hai_san
có gà thì nấu gì,ga_nuong
có bún bò nhanh thì nấu gì,bun_bo
tôi muốn nấu cà chua đậu hũ kho,dau_hu_sot_ca
tôi có gà,canh_ga
làm món từ rau,canh_rau
thịt,thit_nuong
tôi có gà cơm đơn giản,com_ga
đậu hũ,dau_hu_chien
làm món từ trứng rau cơm,com_tron
trứng bánh mì,banh_mi_trung
món ăn từ trứng,trung_luoc
bò phở xào,pho_bo
nấu trứng được gì nướng,trung_hap
nấu gà được gì,ga_nuong
tôi có sườn cơm hấp,com_tam
rau trứng cơm kho,com_tron
làm món từ cơm xúc xích trứng đậu,com_chien_duong_chau
món ăn từ tôm mực cơm,com_chien_hai_san
có cà rốt gà thì nấu gì hấp,sup_ga
tôi muốn nấu cá,ca_chien
có tôm mực cơm thì nấu gì,com_chien_hai_san
món ăn từ trứng luộc,trung_luoc
có bò hành thì nấu gì,bo_xao_hanh
đậu hũ kho,dau_hu_chien
tôi có trứng,trung_chien
mình có sườn cơm gia đình xào,com_tam
ăn với hành bò,bo_xao_hanh
nấu tôm cơm mực được gì,com_chien_hai_san
có cà chua đậu hũ thì nấu gì,dau_hu_sot_ca
tôi có sườn luộc,suon_kho
mình có bò cà rốt khoai kho,bo_kho
nấu thịt được gì,thit_nuong
tôi có bún bò chiên,bun_bo
nấu cà chua trứng được gì,canh_trung_ca_chua
tôi có trứng,trung_luoc
có sườn thì nấu gì nướng,suon_nuong
làm món từ cơm gà,com_ga
nấu cá được gì kho,ca_chien
mình có cá,ca_chien
món ăn từ đậu hũ cà chua gia đình chiên,dau_hu_sot_ca
nguyên liệu: trứng đơn giản,trung_luoc
làm món từ gà chiên,canh_ga
nguyên liệu: trứng,trung_op_la
mình có cơm sườn gia đình xào,com_tam
có trứng ngon thì nấu gì,trung_luoc
món ăn từ cơm sườn nướng,com_tam
nấu đậu hũ được gì,dau_hu_chien
làm món từ thịt trộn,thit_nuong
nấu trứng hành nhanh được gì,trung_xao_hanh
món ăn từ trứng trộn,trung_luoc
nguyên liệu: trứng,trung_hap
nấu đậu hũ được gì kho,dau_hu_chien
món ăn từ bánh mì trứng đơn giản nướng,banh_mi_op_la
nấu gà cơm được gì,com_ga
mình có trứng hấp,trung_luoc
món ăn từ cà rốt gà,sup_ga
nguyên liệu: sườn hấp,suon_nuong
có rau thì nấu gì nướng,canh_rau
ăn với mì rau xào,mi_tron
tôi muốn nấu cơm trứng hành đơn giản,com_chien_trung
ăn với rau trứng cơm,com_tron
nguyên liệu: bò bún kho,bun_bo
nấu rau nhanh được gì,canh_rau
ăn với cơm hành trứng ngon,com_chien_trung
nấu trứng bánh mì được gì hấp,banh_mi_op_la
tôi có rau thịt trộn,thit_xao_rau
rau thịt nướng,thit_xao_rau
trứng mì kho,mi_xao_trung
làm món từ thịt trứng,trung_xao_thit
tôi muốn nấu tôm mì mực hấp,mi_xao_hai_san
ăn với thịt trứng đơn giản xào,trung_xao_thit
làm món từ rau mì hấp,mi_tron
nấu gà được gì,ga_nuong
nguyên liệu: thịt trứng chiên,trung_xao_thit
làm món từ gà trộn,ga_chien
trứng thịt trộn,trung_xao_thit
làm món từ trứng bánh mì,banh_mi_trung
món ăn từ trứng thịt ngon,trung_xao_thit
ăn với cà rốt gà,sup_ga
món ăn từ rau mực tôm,lau_thai
cơm trứng rau,com_tron
nấu cơm trứng hành được gì,com_chien_trung
nguyên liệu: thịt bánh mì,banh_mi_thit
nấu rau được gì,canh_rau
tôi có trứng chiên,trung_chien
bún bò,bun_bo
tôi muốn nấu cơm sườn chiên,com_tam
làm món từ hành trứng cơm,com_chien_trung
ăn với trứng,trung_chien
sườn cơm ngon,com_tam
món ăn từ thịt bánh mì nhanh xào,banh_mi_thit
món ăn từ cơm trứng rau luộc,com_tron
tôi có cà chua trứng,trung_chien_ca_chua
tôi muốn nấu cà rốt gà,sup_ga
mình có trứng,trung_chien
gà,ga_nuong
làm món từ trứng mì đơn giản,mi_xao_trung
có cơm hành trứng thì nấu gì,com_chien_trung
tôi có gà rau,lau_ga
tôi có hành cơm trứng,com_chien_trung
món ăn từ thịt trứng,thit_kho_trung
ăn với tỏi rau kho,rau_xao_toi
mình có rau,canh_rau
nguyên liệu: trứng kho,trung_cuon
ăn với thịt trứng chiên,trung_xao_thit
món ăn từ thịt ngon,thit_nuong
có thịt bánh mì thì nấu gì,banh_mi_thit
ăn với bún bò luộc,bun_bo
mình có đậu hũ,dau_hu_chien
tôi muốn nấu gà,canh_ga
nguyên liệu: trứng xào,trung_luoc
nguyên liệu: rau chiên,canh_rau
mình có trứng nướng,trung_op_la
làm món từ rau gà,lau_ga
nấu trứng thịt gia đình được gì nướng,trung_xao_thit
có rau mì thì nấu gì,mi_tron
có cá ngon thì nấu gì kho,ca_kho
nấu tỏi rau được gì xào,rau_xao_toi
nguyên liệu: trứng bánh mì,banh_mi_trung
mình có cá đơn giản kho,ca_chien
tôi có phở bò,pho_bo
nấu sườn được gì,suon_nuong
có trứng bánh mì thì nấu gì,banh_mi_trung
đậu hũ kho,dau_hu_chien
có trứng cơm rau thì nấu gì,com_tron
gà,canh_ga
ăn với cá ngon,ca_chien
tôi có sườn đơn giản luộc,suon_kho
mình có cơm sườn xào,com_tam
làm món từ trứng mì nướng,mi_xao_trung
mình có gà,ga_chien
món ăn từ bánh mì thịt chiên,banh_mi_thit
tôi muốn nấu thịt trứng,thit_kho_trung
tôm mực mì gia đình,mi_xao_hai_san
nguyên liệu: mì bò,mi_xao_bo
ăn với thịt trứng ngon trộn,trung_xao_thit
mình có mì,mi_goi
nấu cá được gì,ca_kho
có thịt trứng thì nấu gì,thit_kho_trung
món ăn từ mì rau xào,mi_tron
mình có cà rốt bò khoai,bo_kho
đậu hũ cà chua,dau_hu_sot_ca
mình có trứng,trung_cuon
ăn với gà ngon,ga_chien
bánh mì trứng,banh_mi_op_la
mình có rau nướng,canh_rau
có đậu hũ cà chua thì nấu gì chiên,dau_hu_sot_ca
nấu trứng được gì,trung_hap
nấu cá được gì,ca_chien
có cơm mực tôm đơn giản thì nấu gì nướng,com_chien_hai_san
mình có bún bò nướng,bun_bo
tôi muốn nấu gà cà rốt,sup_ga
món ăn từ tôm mực cơm,com_chien_hai_san
nguyên liệu: trứng đơn giản,trung_op_la
món ăn từ rau tỏi gia đình chiên,rau_xao_toi
có bò hành thì nấu gì,bo_xao_hanh
tôi muốn nấu trứng,trung_cuon
làm món từ trứng cà chua,canh_trung_ca_chua
có cá thì nấu gì,ca_chien
tôi muốn nấu gà,ga_chien
món ăn từ đậu hũ,dau_hu_chien
có trứng bánh mì thì nấu gì,banh_mi_op_la
món ăn từ trứng,trung_chien
nấu sườn nhanh được gì,suon_nuong
làm món từ tỏi tôm hấp,tom_xao_toi
món ăn từ cơm trứng hành gia đình,com_chien_trung
nấu sườn được gì,suon_nuong
tôi có gà cơm,com_ga
làm món từ sườn,suon_nuong
làm món từ trứng gia đình,trung_op_la
tôi muốn nấu thịt rau,thit_xao_rau
tôi muốn nấu trứng cơm rau đơn giản hấp,com_tron
tôi có bò phở trộn,pho_bo
làm món từ cơm sườn,com_tam
nguyên liệu: trứng cà chua,trung_chien_ca_chua
có rau thịt thì nấu gì,thit_xao_rau
nguyên liệu: hành bò,bo_xao_hanh
món ăn từ rau tỏi,rau_xao_toi
làm món từ đậu hũ,dau_hu_chien
cơm sườn kho,com_tam
cơm gà đơn giản,com_ga
nấu phở bò nhanh được gì hấp,pho_bo
trứng bánh mì nướng,banh_mi_op_la
tôi muốn nấu gà luộc,canh_ga
cơm gà,com_ga
làm món từ rau gà hấp,lau_ga
cơm gà gia đình trộn,com_ga
có thịt trứng thì nấu gì kho,thit_kho_trung
món ăn từ trứng bánh mì kho,banh_mi_op_la
có trứng thịt gia đình thì nấu gì,trung_xao_thit
có trứng cà chua thì nấu gì,canh_trung_ca_chua
làm món từ cà chua trứng,canh_trung_ca_chua
món ăn từ rau mì xào,mi_tron
tôi có trứng mì nhanh,mi_xao_trung
có trứng thì nấu gì,trung_hap
tôi có bánh mì trứng kho,banh_mi_op_la
tỏi rau,rau_xao_toi
món ăn từ trứng chiên,trung_cuon
có cơm sườn thì nấu gì,com_tam
làm món từ gà cơm,com_ga
có rau thịt thì nấu gì trộn,thit_xao_rau
có trứng bánh mì thì nấu gì,banh_mi_trung
nguyên liệu: mì nướng,mi_goi
đậu hũ luộc,dau_hu_chien
món ăn từ mì mực tôm hấp,mi_xao_hai_san
tôi có trứng,trung_chien
thịt trứng,thit_kho_trung
tôi muốn nấu rau mì,mi_tron
ăn với trứng bánh mì,banh_mi_trung
nguyên liệu: gà,ga_chien
món ăn từ cà chua trứng ngon,trung_chien_ca_chua
món ăn từ đậu hũ,dau_hu_chien
tôi có sườn cơm nhanh luộc,com_tam
nấu cà chua đậu hũ được gì luộc,dau_hu_sot_ca
nguyên liệu: tôm rau mực,lau_thai
làm món từ tỏi tôm trộn,tom_xao_toi
tôi có tỏi rau,rau_xao_toi
làm món từ mì chiên,mi_goi
tôi có trứng xúc xích cơm đậu nướng,com_chien_duong_chau
mình có mì rau,mi_tron
nguyên liệu: tôm tỏi,tom_xao_toi
món ăn từ mì trứng,mi_xao_trung
ăn với thịt trứng,trung_xao_thit
tôi có cá,ca_kho
món ăn từ trứng hấp,trung_luoc
có sườn thì nấu gì,suon_nuong
món ăn từ thịt trứng,trung_xao_thit
ăn với cà rốt gà trộn,sup_ga
tôi có trứng cơm rau,com_tron
mình có trứng nhanh chiên,trung_op_la
món ăn từ đậu hũ xào,dau_hu_chien
tôi có gà cà rốt,sup_ga
có sườn thì nấu gì,suon_kho
mình có đậu trứng xúc xích cơm,com_chien_duong_chau
tôi có hành trứng luộc,trung_xao_hanh
ăn với mực cơm tôm chiên,com_chien_hai_san
làm món từ trứng gia đình,trung_luoc
sườn luộc,suon_kho
làm món từ bún bò gia đình chiên,bun_bo
ăn với rau trứng cơm đơn giản hấp,com_tron
mình có cá xào,ca_kho
tôi muốn nấu trứng thịt,trung_xao_thit
tôi muốn nấu cá chiên,ca_chien
tôi có tôm mực mì,mi_xao_hai_san
nấu trứng hành cơm được gì kho,com_chien_trung
tôi muốn nấu tỏi rau ngon,rau_xao_toi
ăn với cà rốt bò khoai đơn giản,bo_kho
tôi muốn nấu trứng,trung_op_la
tôi muốn nấu đậu hũ cà chua trộn,dau_hu_sot_ca
món ăn từ tôm tỏi chiên,tom_xao_toi
ăn với trứng cà chua gia đình,trung_chien_ca_chua
có bò bún thì nấu gì kho,bun_bo
nguyên liệu: sườn nhanh,suon_nuong
mình có gà xào,ga_chien
tôi có tỏi rau trộn,rau_xao_toi
làm món từ bò bún,bun_bo
nguyên liệu: sườn đơn giản kho,suon_nuong
mình có sườn chiên,suon_kho
tôi có thịt rau ngon,thit_xao_rau
có đậu xúc xích trứng cơm thì nấu gì chiên,com_chien_duong_chau
có cá thì nấu gì nướng,ca_kho
làm món từ cà chua trứng xào,trung_chien_ca_chua
nguyên liệu: cà chua đậu hũ kho,dau_hu_sot_ca
có mì rau ngon thì nấu gì trộn,mi_tron
bò phở đơn giản,pho_bo
món ăn từ mì bò nướng,mi_xao_bo
có trứng thì nấu gì luộc,trung_chien
mực cơm tôm,com_chien_hai_san
nguyên liệu: tôm rau mực,lau_thai
làm món từ tôm mì mực luộc,mi_xao_hai_san
nấu đậu hũ cà chua được gì xào,dau_hu_sot_ca
có rau thịt thì nấu gì,thit_xao_rau
mình có thịt trứng,trung_xao_thit
nguyên liệu: rau gà gia đình xào,lau_ga
món ăn từ rau trộn,canh_rau
có thịt thì nấu gì,thit_nuong
nấu trứng thịt được gì hấp,thit_kho_trung
mình có bò mì,mi_xao_bo
tôi muốn nấu rau gà,lau_ga
có tỏi rau thì nấu gì trộn,rau_xao_toi
nấu trứng được gì,trung_luoc
ăn với cà rốt gà,sup_ga
ăn với rau tôm mực,lau_thai
tôi có gà đơn giản,ga_nuong
ăn với bánh mì trứng ngon,banh_mi_trung
mình có trứng cơm hành,com_chien_trung
ăn với thịt rau,thit_xao_rau
nấu trứng thịt được gì,thit_kho_trung
tôm tỏi,tom_xao_toi
tôi có gà đơn giản,ga_nuong
tôi có đậu hũ cà chua,dau_hu_sot_ca
tôi muốn nấu trứng,trung_luoc
món ăn từ tỏi rau hấp,rau_xao_toi
ăn với bò bún gia đình,bun_bo
trứng,trung_chien
mình có gà rau,lau_ga
món ăn từ trứng cà chua kho,trung_chien_ca_chua
món ăn từ cơm sườn,com_tam
có gà nhanh thì nấu gì,ga_chien
món ăn từ bánh mì trứng trộn,banh_mi_op_la
làm món từ gà,ga_nuong
mình có cơm sườn xào,com_tam
rau tỏi hấp,rau_xao_toi
có rau gà thì nấu gì,lau_ga
có tỏi rau nhanh thì nấu gì,rau_xao_toi
có cà chua trứng thì nấu gì,trung_chien_ca_chua
nguyên liệu: mì rau kho,mi_tron
món ăn từ sườn cơm,com_tam
nấu rau tỏi được gì,rau_xao_toi
nguyên liệu: rau mì chiên,mi_tron
tôi có thịt bánh mì,banh_mi_thit
tôi có rau thịt,thit_xao_rau
có gà thì nấu gì,ga_chien
mì tôm mực,mi_xao_hai_san
nấu trứng được gì luộc,trung_luoc
tôi muốn nấu sườn cơm,com_tam
ăn với mì,mi_goi
mình có đậu hũ cà chua gia đình,dau_hu_sot_ca
có hành cơm trứng thì nấu gì trộn,com_chien_trung
làm món từ mì nướng,mi_goi
nấu trứng bánh mì được gì,banh_mi_op_la
có sườn thì nấu gì kho,suon_kho
tôi muốn nấu bánh mì trứng,banh_mi_trung
nguyên liệu: bò bún kho,bun_bo
ăn với rau gà,lau_ga
món ăn từ trứng thịt đơn giản,trung_xao_thit
gà,ga_nuong
nguyên liệu: trứng trộn,trung_cuon
làm món từ trứng,trung_luoc
tôi có thịt bánh mì xào,banh_mi_thit
nấu mì trứng được gì luộc,mi_xao_trung
làm món từ trứng,trung_op_la
tôi muốn nấu cá,ca_chien
có trứng thịt thì nấu gì,trung_xao_thit
nguyên liệu: trứng hành,trung_xao_hanh
nấu trứng thịt được gì trộn,trung_xao_thit
nấu thịt trứng được gì,trung_xao_thit
tôi muốn nấu sườn,suon_kho
mình có gà nhanh trộn,ga_nuong
làm món từ rau tỏi,rau_xao_toi
món ăn từ bò mì xào,mi_xao_bo
tôi có trứng rau cơm hấp,com_tron
tôi có trứng cơm hành,com_chien_trung
tôi muốn nấu bò phở,pho_bo
có bò mì thì nấu gì,mi_xao_bo
mình có trứng thịt kho,trung_xao_thit
bò hành,bo_xao_hanh
tôi muốn nấu gà đơn giản,canh_ga
tôi có trứng trộn,trung_hap
ăn với bún bò ngon chiên,bun_bo
tôi muốn nấu bò phở trộn,pho_bo
rau tỏi kho,rau_xao_toi
tôi muốn nấu cà rốt bò khoai xào,bo_kho
tôi có mì mực tôm nướng,mi_xao_hai_san
nguyên liệu: gà,ga_nuong
nguyên liệu: hành cơm trứng,com_chien_trung
nấu trứng cà chua được gì luộc,canh_trung_ca_chua
mình có bánh mì trứng nhanh luộc,banh_mi_trung
món ăn từ hành bò,bo_xao_hanh
món ăn từ thịt bánh mì xào,banh_mi_thit
nấu sườn cơm được gì,com_tam
nấu trứng được gì,trung_hap
tôi muốn nấu cà rốt khoai bò,bo_kho
làm món từ mì rau,mi_tron
có sườn thì nấu gì,suon_nuong
tôi có gà cà rốt hấp,sup_ga
món ăn từ sườn,suon_kho
làm món từ gà,canh_ga
có đậu hũ thì nấu gì kho,dau_hu_chien
tôi có mì,mi_goi
làm món từ cà rốt gà xào,sup_ga
món ăn từ cà chua đậu hũ hấp,dau_hu_sot_ca
có trứng cơm hành thì nấu gì,com_chien_trung
mì bò kho,mi_xao_bo
tôi có thịt trứng,trung_xao_thit
món ăn từ khoai cà rốt bò kho,bo_kho
có mực rau tôm ngon thì nấu gì luộc,lau_thai
làm món từ thịt trứng xào,trung_xao_thit
món ăn từ cà chua đậu hũ,dau_hu_sot_ca
có sườn đơn giản thì nấu gì,suon_kho
làm món từ trứng kho,trung_luoc
ăn với tôm tỏi,tom_xao_toi
tôi muốn nấu cá,ca_chien
có trứng hành đơn giản thì nấu gì,trung_xao_hanh
tôi có sườn,suon_nuong
tôi có sườn nhanh nướng,suon_kho
có bò hành thì nấu gì trộn,bo_xao_hanh
tôi muốn nấu cá đơn giản,ca_kho
mình có trứng cơm rau kho,com_tron
tôi có trứng gia đình hấp,trung_luoc
nấu cà chua trứng được gì xào,trung_chien_ca_chua
tôi muốn nấu trứng kho,trung_chien
tôi có rau thịt,thit_xao_rau
ăn với trứng hành kho,trung_xao_hanh
mình có trứng mì trộn,mi_xao_trung
cà chua đậu hũ,dau_hu_sot_ca
tôi có sườn nhanh,suon_kho
nguyên liệu: mì bò,mi_xao_bo
làm món từ thịt trứng trộn,trung_xao_thit
mình có tôm tỏi ngon,tom_xao_toi
nguyên liệu: cá kho,ca_chien
nguyên liệu: bún bò,bun_bo
mình có gà,canh_ga
nguyên liệu: trứng cà chua,canh_trung_ca_chua
nấu đậu hũ được gì,dau_hu_chien
bò hành,bo_xao_hanh
mình có mì,mi_goi
nguyên liệu: cà rốt khoai bò gia đình,bo_kho
món ăn từ gà gia đình chiên,canh_ga
món ăn từ mì rau kho,mi_tron
khoai bò cà rốt kho,bo_kho
làm món từ mì,mi_goi
mình có gà,ga_nuong
làm món từ đậu hũ cà chua đơn giản,dau_hu_sot_ca
ăn với cơm sườn luộc,com_tam
mình có gà,canh_ga
ăn với rau gà,lau_ga
tôi có gà đơn giản trộn,ga_nuong
món ăn từ gà kho,ga_nuong
làm món từ khoai cà rốt bò luộc,bo_kho
món ăn từ trứng cơm rau,com_tron
nấu rau mì được gì chiên,mi_tron
tôi muốn nấu tôm tỏi đơn giản trộn,tom_xao_toi
làm món từ bánh mì thịt đơn giản nướng,banh_mi_thit
làm món từ đậu xúc xích trứng cơm kho,com_chien_duong_chau
mình có trứng bánh mì kho,banh_mi_op_la
mình có rau gà đơn giản,lau_ga
ăn với trứng mì nhanh,mi_xao_trung
tôi có gà cà rốt,sup_ga
mình có thịt trứng,trung_xao_thit
tỏi rau gia đình xào,rau_xao_toi
tôi có trứng hành trộn,trung_xao_hanh
có gà thì nấu gì,canh_ga
tôi có rau gia đình chiên,canh_rau
có bò cà rốt khoai thì nấu gì chiên,bo_kho
trứng thịt chiên,trung_xao_thit
làm món từ gà rau,lau_ga
tôi có trứng cơm đậu xúc xích,com_chien_duong_chau
tôi muốn nấu trứng,trung_chien
ăn với trứng mì gia đình nướng,mi_xao_trung
làm món từ trứng,trung_hap
nấu mực tôm cơm được gì,com_chien_hai_san
mình có gà,ga_chien
mình có tỏi rau,rau_xao_toi
có bò phở thì nấu gì,pho_bo
ăn với mực tôm rau nhanh luộc,lau_thai
có trứng thì nấu gì chiên,trung_luoc
nấu cà rốt bò khoai ngon được gì,bo_kho
nấu trứng được gì xào,trung_luoc
mình có gà kho,canh_ga
có đậu hũ cà chua thì nấu gì,dau_hu_sot_ca
mình có trứng cơm hành chiên,com_chien_trung
nguyên liệu: thịt trứng,trung_xao_thit
nấu cơm trứng rau được gì,com_tron
tôi có bánh mì trứng kho,banh_mi_op_la
có cà rốt gà đơn giản thì nấu gì,sup_ga
làm món từ cà rốt gà luộc,sup_ga
tôi có đậu hũ trộn,dau_hu_chien
nguyên liệu: xúc xích trứng cơm đậu luộc,com_chien_duong_chau
ăn với cơm tôm mực luộc,com_chien_hai_san
làm món từ hành bò,bo_xao_hanh
tôi có mì,mi_goi
tôi có gà trộn,ga_chien
tôi muốn nấu trứng bánh mì,banh_mi_trung
ăn với phở bò ngon luộc,pho_bo
tôi có trứng mì,mi_xao_trung
tôi có hành trứng kho,trung_xao_hanh
món ăn từ rau mì,mi_tron
mình có cá,ca_kho
mình có trứng,trung_chien
tôi muốn nấu trứng,trung_cuon
mình có thịt trứng,thit_kho_trung
tôi muốn nấu cá ngon nướng,ca_kho
có tỏi rau thì nấu gì,rau_xao_toi
tôi muốn nấu trứng cơm xúc xích đậu kho,com_chien_duong_chau
gà chiên,ga_chien
món ăn từ cà chua trứng,trung_chien_ca_chua
cá,ca_kho
có thịt bánh mì gia đình thì nấu gì,banh_mi_thit
nấu trứng xúc xích cơm đậu được gì hấp,com_chien_duong_chau
ăn với cá kho,ca_chien
có trứng gia đình thì nấu gì,trung_luoc
làm món từ đậu hũ cà chua,dau_hu_sot_ca
nguyên liệu: cà chua đậu hũ,dau_hu_sot_ca
cà chua trứng đơn giản,canh_trung_ca_chua
ăn với cá,ca_kho
mình có rau,canh_rau
ăn với trứng xào,trung_cuon
mình có trứng đơn giản,trung_op_la
món ăn từ gà rau nướng,lau_ga
món ăn từ rau thịt gia đình luộc,thit_xao_rau
có bánh mì thịt thì nấu gì,banh_mi_thit
tôi có trứng kho,trung_chien
ăn với bò bún,bun_bo
món ăn từ rau tỏi xào,rau_xao_toi
tôi có gà cà rốt chiên,sup_ga
món ăn từ mì,mi_goi
ăn với gà cà rốt luộc,sup_ga
làm món từ trứng đơn giản,trung_cuon
nguyên liệu: bún bò,bun_bo
làm món từ trứng,trung_luoc
làm món từ thịt rau xào,thit_xao_rau
làm món từ hành bò,bo_xao_hanh
làm món từ mì,mi_goi
có trứng thịt thì nấu gì xào,trung_xao_thit
tôi muốn nấu trứng,trung_chien
gà cà rốt,sup_ga
trứng xào,trung_luoc
gà rau kho,lau_ga
nguyên liệu: cà rốt gà nhanh trộn,sup_ga
món ăn từ trứng cơm rau gia đình,com_tron
ăn với tôm mì mực kho,mi_xao_hai_san
món ăn từ cá,ca_chien
tôi muốn nấu mực mì tôm,mi_xao_hai_san
ăn với trứng nướng,trung_cuon
ăn với cá,ca_chien
nguyên liệu: rau,canh_rau
món ăn từ thịt bánh mì,banh_mi_thit
nguyên liệu: thịt nướng,thit_nuong
làm món từ thịt bánh mì,banh_mi_thit
có rau đơn giản thì nấu gì,canh_rau
mình có trứng bánh mì,banh_mi_trung
tôi có cá hấp,ca_kho
nguyên liệu: trứng,trung_hap
mì rau,mi_tron
ăn với mì tôm mực gia đình,mi_xao_hai_san
mì đơn giản trộn,mi_goi
tôi có thịt trứng ngon,thit_kho_trung
trứng,trung_cuon
món ăn từ trứng bánh mì kho,banh_mi_trung
tôi có tỏi tôm chiên,tom_xao_toi
mình có trứng hành trộn,trung_xao_hanh
ăn với trứng cà chua luộc,canh_trung_ca_chua
tôi có tỏi rau chiên,rau_xao_toi
mình có cơm trứng hành,com_chien_trung
làm món từ cơm trứng rau nhanh,com_tron
nguyên liệu: tôm mì mực,mi_xao_hai_san
món ăn từ cà chua trứng đơn giản,canh_trung_ca_chua
trứng cà chua,canh_trung_ca_chua
ăn với trứng gia đình xào,trung_chien
nguyên liệu: bò bún,bun_bo
mình có thịt trứng,thit_kho_trung
mình có sườn cơm xào,com_tam
nguyên liệu: trứng ngon,trung_op_la
món ăn từ bò bún gia đình,bun_bo
hành trứng nướng,trung_xao_hanh
nấu trứng được gì xào,trung_hap
trứng kho,trung_chien
trứng xào,trung_chien
sườn gia đình kho,suon_nuong
nấu rau tỏi được gì,rau_xao_toi
nấu trứng thịt được gì kho,trung_xao_thit
tôi muốn nấu mực tôm rau xào,lau_thai
trứng cà chua,canh_trung_ca_chua
mình có tôm rau mực gia đình,lau_thai
món ăn từ gà cơm nướng,com_ga
món ăn từ đậu hũ,dau_hu_chien
có trứng mì đơn giản thì nấu gì chiên,mi_xao_trung
nấu trứng ngon được gì,trung_op_la
món ăn từ cơm sườn trộn,com_tam
nấu mì rau ngon được gì luộc,mi_tron
có rau đơn giản thì nấu gì hấp,canh_rau
sườn,suon_kho
tôi có trứng cơm hành,com_chien_trung
nấu thịt trứng được gì,trung_xao_thit
có trứng thịt thì nấu gì,thit_kho_trung
làm món từ sườn,suon_kho
nguyên liệu: gà trộn,ga_nuong
rau thịt đơn giản,thit_xao_rau
món ăn từ cá,ca_chien
món ăn từ trứng hấp,trung_chien
tôi muốn nấu thịt,thit_nuong
ăn với gà nhanh chiên,canh_ga
nguyên liệu: gà cơm nướng,com_ga
có cà chua đậu hũ thì nấu gì,dau_hu_sot_ca
ăn với trứng xào,trung_chien
ăn với gà kho,ga_nuong
tôi có sườn đơn giản,suon_nuong
tôi muốn nấu gà đơn giản,ga_chien
mình có đậu hũ chiên,dau_hu_chien
ăn với mì chiên,mi_goi
bánh mì thịt,banh_mi_thit
món ăn từ cà rốt gà xào,sup_ga
nguyên liệu: rau trứng cơm,com_tron
tôi có cơm rau trứng,com_tron
món ăn từ sườn đơn giản luộc,suon_nuong
làm món từ trứng cà chua nhanh,canh_trung_ca_chua
có gà cà rốt gia đình thì nấu gì,sup_ga
món ăn từ mì trứng trộn,mi_xao_trung
mình có trứng bánh mì,banh_mi_trung
nguyên liệu: rau tỏi trộn,rau_xao_toi
món ăn từ rau tôm mực chiên,lau_thai
nấu cà chua đậu hũ được gì trộn,dau_hu_sot_ca
có trứng thì nấu gì chiên,trung_op_la
tôi muốn nấu trứng cà chua nhanh nướng,canh_trung_ca_chua
làm món từ gà,ga_nuong
mình có mì,mi_goi
món ăn từ mì rau xào,mi_tron
tôi có rau cơm trứng,com_tron
nấu trứng hành cơm được gì luộc,com_chien_trung
làm món từ rau,canh_rau
làm món từ cơm trứng hành nhanh hấp,com_chien_trung
nấu trứng được gì kho,trung_cuon
ăn với tôm mì mực trộn,mi_xao_hai_san
thịt trứng chiên,trung_xao_thit
có mì ngon thì nấu gì trộn,mi_goi
có trứng thì nấu gì,trung_op_la
món ăn từ trứng bánh mì chiên,banh_mi_trung
mình có khoai bò cà rốt,bo_kho
mình có trứng cơm rau ngon,com_tron
có mì trứng thì nấu gì,mi_xao_trung
món ăn từ gà cơm đơn giản,com_ga
nguyên liệu: gà đơn giản,ga_chien
ăn với tỏi rau luộc,rau_xao_toi
nguyên liệu: cá,ca_kho
tôi muốn nấu bánh mì trứng,banh_mi_trung
món ăn từ trứng thịt kho,thit_kho_trung
làm món từ tỏi rau gia đình,rau_xao_toi
tôi có sườn cơm,com_tam
ăn với cà chua trứng,canh_trung_ca_chua
món ăn từ gà ngon,ga_nuong
nấu gà được gì,ga_nuong
nấu sườn được gì,suon_nuong
bánh mì thịt đơn giản,banh_mi_thit
tôi có trứng đơn giản nướng,trung_chien
làm món từ sườn cơm,com_tam
món ăn từ bánh mì thịt hấp,banh_mi_thit
món ăn từ thịt bánh mì đơn giản luộc,banh_mi_thit
món ăn từ cá xào,ca_kho
làm món từ trứng thịt ngon chiên,trung_xao_thit
làm món từ trứng chiên,trung_hap
tôi có gà cà rốt luộc,sup_ga
mình có mì luộc,mi_goi
nguyên liệu: trứng,trung_hap
nguyên liệu: trứng kho,trung_op_la
ăn với trứng,trung_hap
trứng cà chua trộn,canh_trung_ca_chua
ăn với trứng thịt nướng,thit_kho_trung
món ăn từ rau gà nhanh kho,lau_ga
có cơm gà thì nấu gì hấp,com_ga
tôi muốn nấu bò phở trộn,pho_bo
món ăn từ hành trứng nướng,trung_xao_hanh
tôi có trứng,trung_chien
tôi muốn nấu trứng đơn giản chiên,trung_chien
tôi muốn nấu trứng,trung_op_la
ăn với rau cơm trứng kho,com_tron
nguyên liệu: gà cà rốt,sup_ga
ăn với gà hấp,canh_ga
ăn với gà,canh_ga
nguyên liệu: cá ngon luộc,ca_kho
tôi muốn nấu tỏi tôm luộc,tom_xao_toi
nấu bò phở gia đình được gì,pho_bo
nấu gà được gì,canh_ga
tôi muốn nấu cà rốt gà,sup_ga
ăn với cà chua trứng,canh_trung_ca_chua
ăn với cá nướng,ca_kho
nguyên liệu: đậu hũ,dau_hu_chien
đậu hũ,dau_hu_chien
có sườn thì nấu gì hấp,suon_kho
mình có cơm trứng đậu xúc xích hấp,com_chien_duong_chau
nguyên liệu: cá hấp,ca_kho
có trứng bánh mì đơn giản thì nấu gì trộn,banh_mi_trung
có gà thì nấu gì luộc,ga_nuong
nguyên liệu: gà,canh_ga
tôi muốn nấu mì,mi_goi
có thịt trứng thì nấu gì trộn,trung_xao_thit
món ăn từ rau,canh_rau
tôi có cơm sườn đơn giản,com_tam
nguyên liệu: trứng,trung_luoc
tôi có trứng,trung_op_la
mình có cơm gà đơn giản luộc,com_ga
ăn với rau gia đình,canh_rau
tôi muốn nấu trứng đơn giản,trung_op_la
món ăn từ mực mì tôm luộc,mi_xao_hai_san
làm món từ phở bò,pho_bo
có gà cơm thì nấu gì nướng,com_ga
tôi có mực mì tôm,mi_xao_hai_san
hành trứng,trung_xao_hanh
tôi muốn nấu mì rau ngon,mi_tron
nấu trứng thịt được gì,trung_xao_thit
tôi có mì bò,mi_xao_bo
làm món từ trứng hấp,trung_op_la
làm món từ cơm hành trứng luộc,com_chien_trung
tôi muốn nấu cơm trứng rau,com_tron
trứng gia đình kho,trung_luoc
nấu tôm tỏi gia đình được gì,tom_xao_toi
tôi muốn nấu gà luộc,ga_nuong
cà chua trứng nhanh,canh_trung_ca_chua
nguyên liệu: trứng xào,trung_op_la
ăn với thịt rau kho,thit_xao_rau
ăn với phở bò xào,pho_bo
làm món từ gà kho,ga_chien
nguyên liệu: rau nướng,canh_rau
món ăn từ gà ngon,ga_chien
mì bò,mi_xao_bo
có cá đơn giản thì nấu gì kho,ca_chien
tôi muốn nấu trứng cà chua xào,trung_chien_ca_chua
món ăn từ bò cà rốt khoai,bo_kho
cà rốt gà,sup_ga
có trứng thì nấu gì,trung_op_la
tôi muốn nấu cơm hành trứng,com_chien_trung
nấu gà đơn giản được gì xào,ga_chien
nguyên liệu: rau nhanh kho,canh_rau
nguyên liệu: mì bò trộn,mi_xao_bo
mình có mực tôm mì,mi_xao_hai_san
có cà rốt gà gia đình thì nấu gì,sup_ga
mình có tôm mực cơm kho,com_chien_hai_san
nguyên liệu: khoai bò cà rốt đơn giản xào,bo_kho
món ăn từ cơm gà luộc,com_ga
tôi muốn nấu mực mì tôm gia đình xào,mi_xao_hai_san
món ăn từ gà rau,lau_ga
có bánh mì trứng thì nấu gì chiên,banh_mi_op_la
ăn với bún bò,bun_bo
có gà cà rốt thì nấu gì luộc,sup_ga
món ăn từ thịt rau,thit_xao_rau
làm món từ hành bò,bo_xao_hanh
nấu thịt trứng được gì kho,thit_kho_trung
món ăn từ mì gia đình hấp,mi_goi
làm món từ bò bún,bun_bo
làm món từ trứng gia đình,trung_hap
làm món từ sườn trộn,suon_nuong
ăn với gà,canh_ga
trứng cà chua nướng,trung_chien_ca_chua
mình có gà ngon,ga_nuong
làm món từ trứng trộn,trung_cuon
làm món từ mì rau nhanh nướng,mi_tron
có trứng bánh mì đơn giản thì nấu gì trộn,banh_mi_op_la
tôi có gà,ga_chien
món ăn từ trứng kho,trung_hap
món ăn từ hành bò,bo_xao_hanh
tôi có tôm mực cơm,com_chien_hai_san
món ăn từ cá luộc,ca_kho
có cơm hành trứng thì nấu gì nướng,com_chien_trung
nấu trứng rau cơm được gì kho,com_tron
làm món từ mì,mi_goi
có thịt trứng thì nấu gì,thit_kho_trung
mình có trứng,trung_luoc
làm món từ gà,canh_ga
nấu rau mì được gì,mi_tron
có tôm tỏi thì nấu gì kho,tom_xao_toi
tôi muốn nấu rau gà,lau_ga
tôi có thịt trứng,trung_xao_thit
nấu tôm tỏi được gì chiên,tom_xao_toi
mình có mì,mi_goi
tôi muốn nấu trứng xào,trung_op_la
nấu trứng bánh mì được gì,banh_mi_op_la
tôi muốn nấu trứng luộc,trung_op_la
tôi muốn nấu sườn xào,suon_nuong
nguyên liệu: gà,ga_nuong
ăn với trứng,trung_op_la
mình có cá,ca_kho
món ăn từ bò mì,mi_xao_bo
nấu bò phở được gì,pho_bo
mình có tỏi tôm nhanh hấp,tom_xao_toi
tôi có gà gia đình chiên,canh_ga
tôi muốn nấu bò khoai cà rốt,bo_kho
ăn với bò cà rốt khoai ngon,bo_kho
làm món từ trứng thịt kho,thit_kho_trung
hành bò nướng,bo_xao_hanh
nguyên liệu: trứng thịt,thit_kho_trung
nấu cá được gì,ca_chien
mình có thịt rau đơn giản chiên,thit_xao_rau
làm món từ trứng,trung_luoc
tôi muốn nấu gà,canh_ga
món ăn từ rau gà,lau_ga
làm món từ gà cơm hấp,com_ga
làm món từ trứng bánh mì kho,banh_mi_trung
mình có thịt,thit_nuong
nguyên liệu: đậu hũ nướng,dau_hu_chien
làm món từ tỏi tôm,tom_xao_toi
tôi có trứng cơm xúc xích đậu,com_chien_duong_chau
nguyên liệu: cà chua trứng,trung_chien_ca_chua
ăn với tôm tỏi,tom_xao_toi
nấu cơm tôm mực gia đình được gì trộn,com_chien_hai_san
tôi muốn nấu rau gà,lau_ga
món ăn từ mì trứng kho,mi_xao_trung
tôi muốn nấu gà hấp,ga_nuong
ăn với rau tỏi nướng,rau_xao_toi
nấu sườn cơm được gì kho,com_tam
làm món từ trứng cà chua trộn,trung_chien_ca_chua
có mì tôm mực nhanh thì nấu gì chiên,mi_xao_hai_san
mình có rau thịt gia đình,thit_xao_rau
nguyên liệu: gà,ga_chien
ăn với gà,ga_nuong
tôi có trứng hành,trung_xao_hanh
nguyên liệu: bò mì,mi_xao_bo
món ăn từ trứng hành cơm,com_chien_trung
tôi có rau gà kho,lau_ga
món ăn từ bò hành trộn,bo_xao_hanh
tôi có cơm sườn,com_tam
nguyên liệu: trứng cơm rau,com_tron
ăn với trứng,trung_cuon
có gà thì nấu gì,canh_ga
có trứng cà chua thì nấu gì,canh_trung_ca_chua
có mì bò nhanh thì nấu gì,mi_xao_bo
mình có mì bò,mi_xao_bo
có cơm sườn gia đình thì nấu gì xào,com_tam
nguyên liệu: mì nướng,mi_goi
mình có tỏi rau,rau_xao_toi
món ăn từ trứng,trung_luoc
ăn với thịt rau,thit_xao_rau
nguyên liệu: trứng nhanh kho,trung_luoc
tôi muốn nấu trứng mì nhanh kho,mi_xao_trung
tôi có tôm tỏi,tom_xao_toi
tôi có gà đơn giản,ga_nuong
trứng,trung_op_la
tôi có tỏi tôm,tom_xao_toi
tôi muốn nấu gà đơn giản,ga_chien
gà,canh_ga
món ăn từ sườn,suon_nuong
nguyên liệu: thịt trứng,thit_kho_trung
hành trứng,trung_xao_hanh
món ăn từ rau cơm trứng,com_tron
bò hành,bo_xao_hanh
nguyên liệu: mực tôm mì,mi_xao_hai_san
tôi có trứng hành xào,trung_xao_hanh
thịt trứng kho,thit_kho_trung
tôi có gà,ga_chien
có rau thì nấu gì,canh_rau
có rau thịt thì nấu gì nướng,thit_xao_rau
làm món từ mì rau kho,mi_tron
rau gà nướng,lau_ga
thịt trứng ngon nướng,thit_kho_trung
mình có trứng cà chua trộn,trung_chien_ca_chua
tôi có cơm hành trứng kho,com_chien_trung
thịt,thit_nuong
mình có bún bò đơn giản nướng,bun_bo
ăn với gà ngon chiên,ga_nuong
ăn với rau ngon luộc,canh_rau
làm món từ bò bún,bun_bo
khoai cà rốt bò,bo_kho
làm món từ trứng thịt ngon,thit_kho_trung
ăn với trứng,trung_hap
tôi muốn nấu gà cơm hấp,com_ga
ăn với trứng cà chua trộn,trung_chien_ca_chua
có trứng thì nấu gì,trung_luoc
nguyên liệu: mực cơm tôm hấp,com_chien_hai_san
mình có gà xào,ga_chien
tôi muốn nấu bún bò,bun_bo
nguyên liệu: bánh mì thịt hấp,banh_mi_thit
mình có cơm gà hấp,com_ga
có trứng bánh mì thì nấu gì,banh_mi_op_la
ăn với bún bò ngon,bun_bo
ăn với gà rau,lau_ga
có sườn cơm nhanh thì nấu gì xào,com_tam
món ăn từ trứng bánh mì,banh_mi_op_la
nguyên liệu: rau mực tôm,lau_thai
làm món từ cà chua trứng luộc,trung_chien_ca_chua
nguyên liệu: gà ngon,ga_nuong
ăn với rau,canh_rau
tôi muốn nấu trứng,trung_hap
ăn với cá luộc,ca_kho
tôi muốn nấu trứng,trung_chien
tôi muốn nấu rau nướng,canh_rau
tôi có gà,ga_chien
tôi có gà nướng,ga_nuong
nguyên liệu: thịt trứng xào,trung_xao_thit
mình có trứng,trung_hap
món ăn từ bò cà rốt khoai,bo_kho
món ăn từ sườn hấp,suon_nuong
làm món từ sườn hấp,suon_nuong
món ăn từ rau thịt gia đình,thit_xao_rau
làm món từ bánh mì trứng,banh_mi_op_la
tôi muốn nấu phở bò trộn,pho_bo
tôi có sườn gia đình,suon_nuong
làm món từ cà chua đậu hũ nhanh,dau_hu_sot_ca
ăn với gà,canh_ga
tôi muốn nấu trứng,trung_chien
nguyên liệu: tôm mực mì nướng,mi_xao_hai_san
món ăn từ đậu hũ,dau_hu_chien
cà chua trứng,canh_trung_ca_chua
nấu mì rau được gì,mi_tron
món ăn từ tỏi tôm,tom_xao_toi
bò mì luộc,mi_xao_bo
tôi có tỏi rau xào,rau_xao_toi
ăn với sườn nướng,suon_kho
tôi có mực cơm tôm chiên,com_chien_hai_san
mình có cơm đậu xúc xích trứng ngon,com_chien_duong_chau
nguyên liệu: trứng thịt chiên,thit_kho_trung
cà chua trứng gia đình,trung_chien_ca_chua
nấu gà rau được gì,lau_ga
cá,ca_chien
làm món từ trứng trộn,trung_luoc
làm món từ trứng,trung_luoc
mình có mì bò,mi_xao_bo
nấu tôm tỏi được gì,tom_xao_toi
trứng luộc,trung_cuon
mình có cá,ca_chien
làm món từ thịt bánh mì,banh_mi_thit
nấu bánh mì trứng ngon được gì,banh_mi_op_la
nấu gà rau đơn giản được gì nướng,lau_ga
món ăn từ mì rau,mi_tron
có hành trứng thì nấu gì chiên,trung_xao_hanh
tôi muốn nấu gà cà rốt nướng,sup_ga
ăn với trứng nhanh,trung_cuon
món ăn từ rau,canh_rau
tôi có gà rau,lau_ga
nguyên liệu: cá luộc,ca_kho
nấu mì được gì,mi_goi
nấu trứng được gì xào,trung_hap
nguyên liệu: sườn,suon_kho
nguyên liệu: rau thịt,thit_xao_rau
tôi có trứng,trung_chien
nấu trứng được gì,trung_luoc
món ăn từ tôm cơm mực nhanh trộn,com_chien_hai_san
tôi có rau mì đơn giản,mi_tron
đậu hũ cà chua xào,dau_hu_sot_ca
làm món từ cơm mực tôm,com_chien_hai_san
trứng bánh mì,banh_mi_op_la
nguyên liệu: rau chiên,canh_rau
mình có thịt rau luộc,thit_xao_rau
nguyên liệu: tỏi rau ngon,rau_xao_toi
trứng bánh mì,banh_mi_trung
nấu cà chua đậu hũ được gì,dau_hu_sot_ca
ăn với gà chiên,ga_nuong
mình có gà ngon luộc,canh_ga
có thịt rau thì nấu gì xào,thit_xao_rau
nguyên liệu: sườn luộc,suon_nuong
làm món từ hành trứng,trung_xao_hanh
nấu mì được gì chiên,mi_goi
cà chua đậu hũ,dau_hu_sot_ca
ăn với mì bò,mi_xao_bo
tôi có thịt rau,thit_xao_rau
món ăn từ gà rau nướng,lau_ga
món ăn từ bò phở,pho_bo
nấu bò bún được gì,bun_bo
ăn với trứng cơm rau nướng,com_tron
tôi muốn nấu bánh mì trứng,banh_mi_op_la
món ăn từ hành trứng,trung_xao_hanh
mình có gà,ga_chien
tôi có sườn,suon_nuong
nguyên liệu: bánh mì thịt nướng,banh_mi_thit
tôi muốn nấu gà,ga_chien
mình có bò hành,bo_xao_hanh
mình có trứng hành nhanh,trung_xao_hanh
làm món từ khoai cà rốt bò chiên,bo_kho
ăn với bánh mì trứng đơn giản,banh_mi_trung
trứng,trung_hap
mình có tôm mực rau xào,lau_thai
có hành cơm trứng thì nấu gì,com_chien_trung
nguyên liệu: bò phở nướng,pho_bo
làm món từ bún bò,bun_bo
tôi muốn nấu thịt trứng xào,thit_kho_trung
ăn với rau mì,mi_tron
nguyên liệu: tôm mực cơm,com_chien_hai_san
làm món từ rau gà,lau_ga
rau thịt,thit_xao_rau
làm món từ cá kho,ca_kho
món ăn từ gà,ga_nuong
làm món từ sườn nướng,suon_nuong
nguyên liệu: trứng cơm rau luộc,com_tron
sườn,suon_kho
nấu rau mì được gì hấp,mi_tron
nấu rau thịt được gì chiên,thit_xao_rau
đậu hũ trộn,dau_hu_chien
có gà đơn giản thì nấu gì,ga_chien
tôi có gà,ga_nuong
gà cơm,com_ga
có trứng thì nấu gì kho,trung_chien
làm món từ cà chua trứng gia đình,trung_chien_ca_chua
tôi có mực tôm mì,mi_xao_hai_san
mình có cơm trứng đậu xúc xích luộc,com_chien_duong_chau
nguyên liệu: mì trứng luộc,mi_xao_trung
nguyên liệu: sườn trộn,suon_kho
tôi có đậu hũ,dau_hu_chien
ăn với gà,ga_nuong
mình có cơm gà,com_ga
có gà cà rốt thì nấu gì,sup_ga
gà,canh_ga
mực cơm tôm,com_chien_hai_san
nguyên liệu: bún bò xào,bun_bo
mình có gà luộc,ga_chien
ăn với rau,canh_rau
mình có trứng bánh mì,banh_mi_op_la
món ăn từ gà,ga_nuong
nấu trứng cà chua được gì chiên,trung_chien_ca_chua
mình có bò bún,bun_bo
làm món từ gà hấp,canh_ga
làm món từ phở bò chiên,pho_bo
tôi muốn nấu cá ngon,ca_kho
tôi muốn nấu trứng đơn giản kho,trung_hap
có mì bò thì nấu gì,mi_xao_bo
làm món từ bò bún,bun_bo
làm món từ thịt nướng,thit_nuong
mình có cơm gà,com_ga
làm món từ bò bún chiên,bun_bo
nấu tỏi rau được gì,rau_xao_toi
tôi có cà chua trứng,canh_trung_ca_chua
làm món từ mì,mi_goi
có cá thì nấu gì,ca_kho
cá,ca_chien
có sườn thì nấu gì,suon_kho
tôi có rau mì,mi_tron
món ăn từ mì bò gia đình luộc,mi_xao_bo
tôi muốn nấu tôm mì mực chiên,mi_xao_hai_san
nguyên liệu: tôm mực rau,lau_thai
món ăn từ gà cơm,com_ga
nguyên liệu: thịt trứng,thit_kho_trung
thịt ngon,thit_nuong
món ăn từ sườn,suon_nuong
nguyên liệu: rau mì xào,mi_tron
tôi muốn nấu đậu hũ,dau_hu_chien
ăn với sườn,suon_kho
tôi có trứng chiên,trung_cuon
món ăn từ thịt trứng,thit_kho_trung
nấu mì rau được gì luộc,mi_tron
tôi muốn nấu bò bún,bun_bo
cá hấp,ca_chien
tôi có cà rốt khoai bò,bo_kho
món ăn từ thịt,thit_nuong
mình có trứng luộc,trung_chien
tôi có gà,ga_nuong
mình có rau,canh_rau
làm món từ sườn chiên,suon_nuong
có gà cơm thì nấu gì nướng,com_ga
rau gà,lau_ga
có bò phở đơn giản thì nấu gì luộc,pho_bo
nấu bánh mì thịt gia đình được gì,banh_mi_thit
mình có gà xào,canh_ga
tôi muốn nấu trứng trộn,trung_op_la
nguyên liệu: mì,mi_goi
làm món từ rau mực tôm,lau_thai
nguyên liệu: mì bò chiên,mi_xao_bo
ăn với hành cơm trứng nhanh chiên,com_chien_trung
món ăn từ bò phở,pho_bo
tôi có trứng bánh mì đơn giản,banh_mi_trung
mình có tôm tỏi,tom_xao_toi
tôi muốn nấu thịt trứng nhanh xào,trung_xao_thit
nấu trứng được gì,trung_chien
làm món từ sườn,suon_kho
mình có sườn,suon_kho
món ăn từ đậu xúc xích trứng cơm ngon hấp,com_chien_duong_chau
ăn với mì trứng,mi_xao_trung
nấu trứng được gì luộc,trung_cuon
có tôm tỏi nhanh thì nấu gì,tom_xao_toi
tôi muốn nấu trứng thịt trộn,thit_kho_trung
có sườn cơm thì nấu gì chiên,com_tam
nguyên liệu: rau trứng cơm nướng,com_tron
mực cơm tôm chiên,com_chien_hai_san
có đậu hũ thì nấu gì,dau_hu_chien
tôi có gà,ga_chien
tôi có bánh mì trứng luộc,banh_mi_trung
tôm mực rau,lau_thai
tôi muốn nấu bò bún nướng,bun_bo
nguyên liệu: tỏi tôm,tom_xao_toi
mình có thịt nướng,thit_nuong
làm món từ rau tỏi,rau_xao_toi
tôi có trứng chiên,trung_hap
có sườn thì nấu gì,suon_nuong
tôi có trứng bánh mì nướng,banh_mi_op_la
nguyên liệu: gà xào,canh_ga
nguyên liệu: cơm gà,com_ga
làm món từ gà gia đình kho,ga_chien
ăn với hành trứng,trung_xao_hanh
tôi muốn nấu sườn,suon_nuong
nguyên liệu: khoai bò cà rốt,bo_kho
có trứng thì nấu gì hấp,trung_cuon
tôi muốn nấu rau,canh_rau
mình có trứng bánh mì chiên,banh_mi_trung
làm món từ cá,ca_chien
tôi có thịt rau,thit_xao_rau
có gà thì nấu gì,ga_chien
nguyên liệu: tôm cơm mực nhanh,com_chien_hai_san
món ăn từ cà chua trứng,canh_trung_ca_chua
mình có cà rốt gà,sup_ga
nấu cá được gì,ca_chien
mình có thịt trứng,trung_xao_thit
nấu trứng bánh mì được gì xào,banh_mi_op_la
mình có sườn,suon_nuong
món ăn từ gà cà rốt,sup_ga
mình có đậu hũ luộc,dau_hu_chien
tôi có trứng,trung_luoc
tôi muốn nấu cơm trứng hành,com_chien_trung
ăn với cơm rau trứng xào,com_tron
ăn với mì,mi_goi
có cơm sườn thì nấu gì,com_tam
món ăn từ trứng ngon nướng,trung_chien
nguyên liệu: phở bò,pho_bo
làm món từ rau mực tôm,lau_thai
có rau thịt thì nấu gì,thit_xao_rau
nguyên liệu: hành trứng,trung_xao_hanh
nguyên liệu: cá kho,ca_kho
làm món từ phở bò,pho_bo
nguyên liệu: mì xào,mi_goi
tôi muốn nấu mì,mi_goi
có gà cơm thì nấu gì kho,com_ga
bò bún nướng,bun_bo
mình có trứng hành nhanh xào,trung_xao_hanh
nguyên liệu: đậu hũ cà chua kho,dau_hu_sot_ca
có cà rốt bò khoai gia đình thì nấu gì,bo_kho
món ăn từ mì,mi_goi
món ăn từ trứng thịt nướng,trung_xao_thit
mình có gà gia đình,ga_nuong
làm món từ mì bò hấp,mi_xao_bo
tôi có gà nướng,ga_chien
làm món từ trứng thịt,trung_xao_thit
nấu cà rốt gà được gì,sup_ga
ăn với cà chua trứng,trung_chien_ca_chua
nấu tôm mì mực được gì,mi_xao_hai_san
có bánh mì trứng thì nấu gì nướng,banh_mi_op_la
nấu trứng được gì chiên,trung_luoc
món ăn từ bún bò xào,bun_bo
nguyên liệu: gà cơm,com_ga
món ăn từ thịt bánh mì,banh_mi_thit
món ăn từ mì trứng đơn giản trộn,mi_xao_trung
nấu tôm cơm mực gia đình được gì,com_chien_hai_san
món ăn từ cá nhanh,ca_chien
nấu cơm hành trứng được gì hấp,com_chien_trung
món ăn từ trứng thịt gia đình luộc,trung_xao_thit
nguyên liệu: rau gà kho,lau_ga
tôi muốn nấu rau,canh_rau
mình có thịt trứng chiên,trung_xao_thit
món ăn từ đậu hũ chiên,dau_hu_chien
có hành bò ngon thì nấu gì,bo_xao_hanh
món ăn từ trứng hấp,trung_chien
đậu cơm xúc xích trứng,com_chien_duong_chau
nấu bánh mì thịt được gì,banh_mi_thit
tôi có cà rốt khoai bò nhanh kho,bo_kho
mình có tỏi tôm nhanh,tom_xao_toi
mình có mì,mi_goi
nấu thịt được gì,thit_nuong
món ăn từ trứng,trung_cuon
nguyên liệu: cơm tôm mực,com_chien_hai_san
làm món từ đậu hũ ngon,dau_hu_chien
ăn với đậu hũ luộc,dau_hu_chien
làm món từ bò mì,mi_xao_bo
món ăn từ trứng bánh mì,banh_mi_trung
đậu cơm xúc xích trứng,com_chien_duong_chau
món ăn từ gà cà rốt,sup_ga
tôi muốn nấu trứng chiên,trung_op_la
tôi muốn nấu trứng ngon chiên,trung_chien
có bún bò thì nấu gì chiên,bun_bo
có gà cơm thì nấu gì,com_ga
món ăn từ tỏi tôm,tom_xao_toi
món ăn từ trứng thịt,trung_xao_thit
sườn,suon_kho
nấu khoai bò cà rốt được gì luộc,bo_kho
làm món từ xúc xích cơm trứng đậu,com_chien_duong_chau
tôi muốn nấu gà,ga_chien
làm món từ mì nhanh hấp,mi_goi
mình có trứng,trung_op_la
nấu cơm tôm mực gia đình được gì,com_chien_hai_san
bò phở,pho_bo
tôi có rau đơn giản,canh_rau
gà chiên,ga_nuong
mình có mì,mi_goi
đậu hũ cà chua,dau_hu_sot_ca
làm món từ cà chua trứng,trung_chien_ca_chua
làm món từ tỏi rau,rau_xao_toi
mình có trứng thịt nướng,trung_xao_thit
làm món từ trứng bánh mì,banh_mi_trung
tôi có trứng chiên,trung_op_la
có gà thì nấu gì hấp,canh_ga
tôi có bò cà rốt khoai kho,bo_kho
làm món từ mực cơm tôm,com_chien_hai_san
tôi muốn nấu hành trứng,trung_xao_hanh
ăn với trứng cơm rau đơn giản chiên,com_tron
ăn với phở bò,pho_bo
rau tỏi chiên,rau_xao_toi
mình có mì hấp,mi_goi
tôi có trứng nướng,trung_cuon
mình có thịt bánh mì chiên,banh_mi_thit
tôi có trứng hành,trung_xao_hanh
món ăn từ mì rau,mi_tron
mình có đậu hũ,dau_hu_chien
món ăn từ cà chua trứng,canh_trung_ca_chua
mì mực tôm,mi_xao_hai_san
nấu đậu cơm trứng xúc xích được gì xào,com_chien_duong_chau
tôi có tôm tỏi luộc,tom_xao_toi
mình có thịt bánh mì,banh_mi_thit
có đậu hũ thì nấu gì,dau_hu_chien
tôi muốn nấu mực tôm cơm luộc,com_chien_hai_san
nấu mì tôm mực đơn giản được gì,mi_xao_hai_san
nguyên liệu: tôm mực rau,lau_thai
nấu trứng bánh mì được gì,banh_mi_trung
làm món từ trứng thịt hấp,thit_kho_trung
làm món từ tỏi tôm,tom_xao_toi
tôi có mì rau,mi_tron
mình có thịt trứng,thit_kho_trung
mình có trứng chiên,trung_luoc
có bò bún thì nấu gì,bun_bo
món ăn từ sườn,suon_kho
có gà nhanh thì nấu gì,ga_nuong
cá gia đình,ca_kho
ăn với mì xào,mi_goi
tôi có mì trứng gia đình trộn,mi_xao_trung
tôi có trứng,trung_cuon
tôi muốn nấu mì rau ngon hấp,mi_tron
tôi có thịt bánh mì,banh_mi_thit
nguyên liệu: cá,ca_chien
mình có mì mực tôm luộc,mi_xao_hai_san
làm món từ gà cà rốt,sup_ga
tôi muốn nấu phở bò hấp,pho_bo
trứng,trung_chien
ăn với cà chua trứng,trung_chien_ca_chua
làm món từ trứng,trung_op_la
tôi có cơm sườn,com_tam
tôi có trứng,trung_chien
tôi muốn nấu mì,mi_goi
tôi có thịt,thit_nuong
tôi muốn nấu rau mực tôm nhanh,lau_thai
ăn với rau thịt chiên,thit_xao_rau
ăn với cá,ca_chien
ăn với khoai cà rốt bò luộc,bo_kho
nấu cà chua trứng được gì,trung_chien_ca_chua
món ăn từ trứng bánh mì kho,banh_mi_trung
tôi có gà,ga_nuong
nguyên liệu: cà chua trứng hấp,trung_chien_ca_chua
mình có bò phở,pho_bo
nấu rau trứng cơm được gì nướng,com_tron
tôi muốn nấu thịt bánh mì,banh_mi_thit
tôi muốn nấu trứng bánh mì trộn,banh_mi_trung
mình có gà rau kho,lau_ga
ăn với khoai cà rốt bò,bo_kho
làm món từ rau,canh_rau
mình có rau mực tôm ngon,lau_thai
ăn với cá,ca_chien
tôi muốn nấu gà cơm nhanh,com_ga
cơm sườn,com_tam
ăn với trứng,trung_luoc
nấu cà chua trứng gia đình được gì,canh_trung_ca_chua
mình có đậu hũ chiên,dau_hu_chien
món ăn từ thịt trứng hấp,thit_kho_trung
trứng rau cơm,com_tron
tôi có thịt bánh mì xào,banh_mi_thit
mình có tỏi tôm,tom_xao_toi
tôi có gà luộc,canh_ga
ăn với thịt,thit_nuong
nguyên liệu: mì rau đơn giản,mi_tron
món ăn từ gà cà rốt gia đình trộn,sup_ga
tôi muốn nấu bò khoai cà rốt,bo_kho
món ăn từ đậu hũ xào,dau_hu_chien
nguyên liệu: trứng,trung_chien
có trứng thì nấu gì luộc,trung_luoc
nguyên liệu: thịt rau,thit_xao_rau
tôi có trứng kho,trung_cuon
mì luộc,mi_goi
làm món từ rau trứng cơm,com_tron
nấu rau được gì xào,canh_rau
làm món từ đậu hũ trộn,dau_hu_chien
nguyên liệu: trứng,trung_cuon
khoai bò cà rốt nướng,bo_kho
làm món từ bò hành nướng,bo_xao_hanh
gà,canh_ga
tôi muốn nấu cá,ca_kho
làm món từ trứng hành cơm,com_chien_trung
tôi có trứng xào,trung_chien
làm món từ bánh mì thịt đơn giản hấp,banh_mi_thit
tôi có cá xào,ca_kho
nấu cà chua trứng được gì luộc,trung_chien_ca_chua
món ăn từ tỏi tôm đơn giản,tom_xao_toi
mình có rau tỏi,rau_xao_toi
nguyên liệu: gà kho,ga_nuong
nấu cơm trứng đậu xúc xích được gì,com_chien_duong_chau
có mực rau tôm thì nấu gì kho,lau_thai
ăn với cơm gà,com_ga
tôi muốn nấu bò mì,mi_xao_bo
tôi có trứng luộc,trung_op_la
nấu rau ngon được gì,canh_rau
nấu trứng bánh mì được gì,banh_mi_trung
nguyên liệu: trứng gia đình,trung_op_la
ăn với rau xào,canh_rau
tôi muốn nấu gà cơm,com_ga
làm món từ cơm rau trứng luộc,com_tron
nấu trứng thịt được gì hấp,thit_kho_trung
món ăn từ tỏi tôm,tom_xao_toi
ăn với thịt đơn giản,thit_nuong
tôi có gà,ga_nuong
nguyên liệu: hành bò,bo_xao_hanh
tôi muốn nấu trứng cà chua,canh_trung_ca_chua
món ăn từ trứng cà chua,canh_trung_ca_chua
nguyên liệu: xúc xích cơm đậu trứng,com_chien_duong_chau
món ăn từ bánh mì trứng đơn giản,banh_mi_op_la
sườn cơm,com_tam
có gà thì nấu gì,ga_nuong
tôi có sườn cơm xào,com_tam
nguyên liệu: trứng,trung_cuon
nguyên liệu: trứng gia đình kho,trung_hap
món ăn từ gà hấp,canh_ga
ăn với rau tỏi trộn,rau_xao_toi
tôi có trứng hành,trung_xao_hanh
làm món từ trứng gia đình,trung_cuon
mình có gà gia đình,canh_ga
nguyên liệu: phở bò nhanh xào,pho_bo
hành trứng,trung_xao_hanh
nguyên liệu: thịt hấp,thit_nuong
tôi muốn nấu mì bò nướng,mi_xao_bo
món ăn từ bánh mì thịt,banh_mi_thit
tôi có sườn kho,suon_kho
mình có tỏi tôm,tom_xao_toi
có mì trứng thì nấu gì,mi_xao_trung
có sườn cơm thì nấu gì,com_tam
ăn với trứng mì ngon,mi_xao_trung
mình có trứng bánh mì kho,banh_mi_trung
tôi có trứng ngon,trung_chien
có cá thì nấu gì,ca_chien
làm món từ rau mì trộn,mi_tron
có hành trứng thì nấu gì trộn,trung_xao_hanh
cá,ca_chien
món ăn từ rau luộc,canh_rau
mình có trứng hành ngon,trung_xao_hanh
có bún bò thì nấu gì,bun_bo
mình có gà xào,canh_ga
tôi có bò mì đơn giản,mi_xao_bo
có gà cà rốt thì nấu gì,sup_ga
món ăn từ trứng hành,trung_xao_hanh
rau,canh_rau
có cá thì nấu gì,ca_chien
món ăn từ bánh mì trứng,banh_mi_trung
nguyên liệu: tỏi tôm nướng,tom_xao_toi
món ăn từ khoai cà rốt bò,bo_kho
nguyên liệu: trứng,trung_op_la
trứng xào,trung_op_la
ăn với đậu hũ nướng,dau_hu_chien
tôi có trứng bánh mì đơn giản trộn,banh_mi_trung
món ăn từ sườn cơm chiên,com_tam
làm món từ trứng bánh mì nhanh,banh_mi_op_la
ăn với bò mì,mi_xao_bo
nguyên liệu: mì mực tôm kho,mi_xao_hai_san
trứng,trung_chien
làm món từ tỏi tôm,tom_xao_toi
tôi muốn nấu mực tôm rau,lau_thai
ăn với gà,ga_chien
món ăn từ gà,canh_ga
tôi có mì trứng đơn giản,mi_xao_trung
có bún bò thì nấu gì xào,bun_bo
có cà rốt gà thì nấu gì,sup_ga
tôi có trứng nhanh,trung_cuon
làm món từ trứng cà chua đơn giản,trung_chien_ca_chua
nấu bò mì được gì,mi_xao_bo
món ăn từ trứng thịt,trung_xao_thit
có tôm tỏi thì nấu gì luộc,tom_xao_toi
làm món từ trứng luộc,trung_cuon
thịt nướng,thit_nuong
mình có gà,ga_chien
tôi có sườn,suon_kho
trứng ngon,trung_op_la
mình có tỏi rau,rau_xao_toi
tôi có rau trứng cơm,com_tron
tôi có trứng ngon,trung_chien
tôi có trứng,trung_cuon
tôi có cà chua đậu hũ,dau_hu_sot_ca
mình có trứng gia đình,trung_hap
tôi muốn nấu trứng hành trộn,trung_xao_hanh
nguyên liệu: trứng bánh mì chiên,banh_mi_trung
tôi muốn nấu gà cơm xào,com_ga
mình có sườn nhanh,suon_nuong
có trứng thì nấu gì,trung_hap
đậu hũ,dau_hu_chien
gà,ga_nuong
sườn nướng,suon_kho
làm món từ trứng thịt,thit_kho_trung
tôi muốn nấu mì,mi_goi
món ăn từ tôm tỏi,tom_xao_toi
tôi muốn nấu trứng thịt,trung_xao_thit
có gà thì nấu gì,ga_chien
tỏi tôm nhanh,tom_xao_toi
ăn với đậu trứng cơm xúc xích,com_chien_duong_chau
làm món từ bánh mì trứng kho,banh_mi_trung
làm món từ bánh mì trứng,banh_mi_trung
tôi muốn nấu trứng thịt,thit_kho_trung
ăn với thịt bánh mì,banh_mi_thit
nấu đậu hũ cà chua được gì luộc,dau_hu_sot_ca
mình có trứng,trung_chien
món ăn từ trứng cà chua gia đình nướng,canh_trung_ca_chua
tôi có tôm mực mì kho,mi_xao_hai_san
nấu đậu hũ được gì,dau_hu_chien
cơm đậu trứng xúc xích hấp,com_chien_duong_chau
có thịt thì nấu gì luộc,thit_nuong
nấu trứng được gì kho,trung_chien
tôi muốn nấu rau thịt trộn,thit_xao_rau
tôi có trứng cà chua,canh_trung_ca_chua
mình có xúc xích cơm đậu trứng luộc,com_chien_duong_chau
nguyên liệu: trứng,trung_cuon
có cơm sườn thì nấu gì,com_tam
tôi muốn nấu thịt ngon chiên,thit_nuong
món ăn từ gà cà rốt,sup_ga
làm món từ thịt ngon luộc,thit_nuong
bò hành,bo_xao_hanh
tôi muốn nấu trứng cà chua,trung_chien_ca_chua
món ăn từ bánh mì trứng ngon xào,banh_mi_op_la
tôi muốn nấu rau tỏi trộn,rau_xao_toi
mình có bánh mì trứng chiên,banh_mi_op_la
nguyên liệu: thịt,thit_nuong
làm món từ gà xào,ga_chien
có trứng thì nấu gì,trung_op_la
tôi có mì gia đình,mi_goi
có trứng thì nấu gì,trung_hap
nấu sườn cơm gia đình được gì nướng,com_tam
tôi muốn nấu thịt rau đơn giản,thit_xao_rau
ăn với trứng bánh mì đơn giản xào,banh_mi_trung
gà cơm luộc,com_ga
nguyên liệu: bánh mì trứng,banh_mi_trung
tôm mực rau,lau_thai
làm món từ cá gia đình,ca_chien
có cơm xúc xích đậu trứng thì nấu gì hấp,com_chien_duong_chau
tôi muốn nấu cơm hành trứng,com_chien_trung
làm món từ trứng hành,trung_xao_hanh
nấu sườn được gì luộc,suon_nuong
tôi muốn nấu tỏi tôm,tom_xao_toi
hành bò xào,bo_xao_hanh
tôi có mì tôm mực nướng,mi_xao_hai_san
nguyên liệu: trứng hành hấp,trung_xao_hanh
làm món từ tỏi tôm luộc,tom_xao_toi
có mì rau ngon thì nấu gì nướng,mi_tron
nguyên liệu: trứng thịt hấp,trung_xao_thit
tôi có cá nhanh nướng,ca_kho
tôi có trứng đơn giản,trung_luoc
nấu cà chua trứng được gì trộn,trung_chien_ca_chua
có mì bò ngon thì nấu gì kho,mi_xao_bo
nấu rau thịt được gì nướng,thit_xao_rau
nguyên liệu: rau tỏi chiên,rau_xao_toi
mình có rau thịt,thit_xao_rau
ăn với sườn,suon_nuong
nguyên liệu: trứng mì,mi_xao_trung
rau tỏi,rau_xao_toi
tôi có sườn kho,suon_nuong
mì,mi_goi
mình có thịt trứng đơn giản,trung_xao_thit
nguyên liệu: bò mì ngon,mi_xao_bo
tôi có trứng,trung_chien
làm món từ thịt trứng hấp,trung_xao_thit
ăn với trứng thịt,thit_kho_trung
nấu tôm tỏi được gì nướng,tom_xao_toi
tôi muốn nấu trứng xúc xích đậu cơm,com_chien_duong_chau
mình có trứng cà chua trộn,trung_chien_ca_chua
nấu tôm rau mực gia đình được gì trộn,lau_thai
món ăn từ sườn cơm ngon nướng,com_tam
có sườn cơm thì nấu gì,com_tam
mình có cà chua đậu hũ ngon,dau_hu_sot_ca
tôi có rau gà xào,lau_ga
làm món từ mì tôm mực kho,mi_xao_hai_san
ăn với gà cà rốt,sup_ga
nguyên liệu: trứng bánh mì,banh_mi_trung
món ăn từ gà cà rốt,sup_ga
nguyên liệu: trứng,trung_cuon
trứng thịt,thit_kho_trung
nguyên liệu: trứng,trung_luoc
tôi có trứng xúc xích đậu cơm,com_chien_duong_chau
làm món từ bò bún,bun_bo
ăn với trứng thịt kho,trung_xao_thit
món ăn từ cơm sườn gia đình,com_tam
tôi có rau,canh_rau
làm món từ trứng xúc xích đậu cơm,com_chien_duong_chau
tôi có mì tôm mực,mi_xao_hai_san
có gà thì nấu gì nướng,ga_nuong
tôi muốn nấu trứng xào,trung_hap
mình có bò khoai cà rốt gia đình kho,bo_kho
tôi có trứng thịt,trung_xao_thit
tôi muốn nấu phở bò,pho_bo
gà rau,lau_ga
nấu cá được gì,ca_chien
nấu tôm tỏi được gì,tom_xao_toi
nguyên liệu: hành cơm trứng,com_chien_trung
ăn với hành bò,bo_xao_hanh
nguyên liệu: thịt,thit_nuong
có mì thì nấu gì,mi_goi
nguyên liệu: thịt trứng gia đình xào,trung_xao_thit
ăn với tôm mì mực xào,mi_xao_hai_san
mì gia đình chiên,mi_goi
nguyên liệu: bún bò,bun_bo
nguyên liệu: cà chua trứng kho,canh_trung_ca_chua
có trứng thì nấu gì nướng,trung_cuon
tôi muốn nấu trứng,trung_chien
mình có sườn hấp,suon_nuong
mình có trứng,trung_cuon
tôi muốn nấu mì luộc,mi_goi
ăn với rau thịt,thit_xao_rau
tôi có cơm rau trứng,com_tron
tôi muốn nấu sườn cơm đơn giản nướng,com_tam
mình có bò hành hấp,bo_xao_hanh
làm món từ trứng thịt nhanh chiên,trung_xao_thit
nguyên liệu: cà chua trứng,trung_chien_ca_chua
ăn với mực rau tôm xào,lau_thai
món ăn từ thịt trứng,trung_xao_thit
mình có tôm mực rau luộc,lau_thai
nguyên liệu: rau hấp,canh_rau
ăn với rau tôm mực,lau_thai
phở bò,pho_bo
tôi muốn nấu trứng chiên,trung_chien
nấu thịt bánh mì được gì,banh_mi_thit
có mì thì nấu gì hấp,mi_goi
trứng,trung_op_la
mình có mực tôm rau nhanh,lau_thai
món ăn từ sườn xào,suon_kho
có đậu cơm trứng xúc xích thì nấu gì trộn,com_chien_duong_chau
nguyên liệu: sườn chiên,suon_kho
có mì bò thì nấu gì trộn,mi_xao_bo
làm món từ trứng kho,trung_luoc
tôi có trứng thịt,thit_kho_trung
có đậu hũ thì nấu gì,dau_hu_chien
mình có rau gà,lau_ga
tôi có mì bò,mi_xao_bo
có cơm rau trứng thì nấu gì chiên,com_tron
nguyên liệu: cá,ca_chien
tôi muốn nấu bò bún,bun_bo
ăn với bún bò đơn giản,bun_bo
có thịt rau đơn giản thì nấu gì luộc,thit_xao_rau
tôi muốn nấu gà,canh_ga
ăn với rau gà,lau_ga
tôi muốn nấu bò mì,mi_xao_bo
thịt trộn,thit_nuong
sườn ngon kho,suon_kho
tôi muốn nấu trứng nhanh,trung_chien
mực tôm mì luộc,mi_xao_hai_san
tôi có sườn,suon_nuong
ăn với bò bún luộc,bun_bo
có trứng cà chua thì nấu gì,trung_chien_ca_chua
tôi muốn nấu bánh mì trứng,banh_mi_op_la
món ăn từ sườn đơn giản hấp,suon_nuong
tôi có bò hành,bo_xao_hanh
tôi muốn nấu mì xào,mi_goi
ăn với gà cà rốt luộc,sup_ga
tôi có mì tôm mực nhanh kho,mi_xao_hai_san
nguyên liệu: trứng cà chua gia đình,canh_trung_ca_chua
tôi muốn nấu rau mực tôm,lau_thai
nguyên liệu: bò phở,pho_bo
món ăn từ trứng mì ngon,mi_xao_trung
tôi muốn nấu gà rau hấp,lau_ga
làm món từ trứng,trung_hap
có bánh mì trứng thì nấu gì nướng,banh_mi_trung
tôi muốn nấu đậu hũ,dau_hu_chien
tôi muốn nấu cá xào,ca_kho
làm món từ trứng,trung_chien
món ăn từ cơm gà nhanh,com_ga
nguyên liệu: mì trộn,mi_goi
món ăn từ bò hành,bo_xao_hanh
món ăn từ mì,mi_goi
tôi muốn nấu rau tôm mực,lau_thai
cơm gà hấp,com_ga
ăn với hành trứng,trung_xao_hanh
có mì gia đình thì nấu gì,mi_goi
làm món từ tỏi rau,rau_xao_toi
tôi muốn nấu mì rau,mi_tron
mình có cá hấp,ca_kho
tôi có rau tôm mực,lau_thai
có bánh mì trứng thì nấu gì,banh_mi_trung
nguyên liệu: bún bò,bun_bo
tôi có trứng ngon nướng,trung_cuon
ăn với bún bò nướng,bun_bo
nấu cơm trứng hành được gì hấp,com_chien_trung
nấu trứng bánh mì ngon được gì,banh_mi_trung
ăn với gà,ga_nuong
có đậu hũ thì nấu gì,dau_hu_chien
làm món từ bánh mì trứng trộn,banh_mi_op_la
ăn với tôm tỏi nướng,tom_xao_toi
mình có bò mì xào,mi_xao_bo
tôi có mực tôm cơm xào,com_chien_hai_san
làm món từ cá hấp,ca_kho
mình có rau tỏi trộn,rau_xao_toi
có trứng thì nấu gì,trung_luoc
ăn với trứng xúc xích đậu cơm đơn giản,com_chien_duong_chau
món ăn từ thịt rau gia đình,thit_xao_rau
tôi muốn nấu rau tỏi nhanh xào,rau_xao_toi
tôi có mì trứng nướng,mi_xao_trung
tôi muốn nấu trứng,trung_chien
có trứng thì nấu gì,trung_hap
trứng thịt ngon,trung_xao_thit
nguyên liệu: mực tôm rau hấp,lau_thai
món ăn từ gà nướng,ga_chien
tôi có trứng xúc xích cơm đậu hấp,com_chien_duong_chau
tôi có tỏi rau nướng,rau_xao_toi
mình có sườn,suon_kho
nguyên liệu: bánh mì trứng,banh_mi_trung
nguyên liệu: mì tôm mực,mi_xao_hai_san
đậu hũ cà chua hấp,dau_hu_sot_ca
làm món từ rau mực tôm xào,lau_thai
cơm sườn hấp,com_tam
ăn với thịt trứng,trung_xao_thit
khoai bò cà rốt,bo_kho
nguyên liệu: bánh mì trứng luộc,banh_mi_op_la
tôi muốn nấu sườn gia đình,suon_kho
món ăn từ rau thịt đơn giản,thit_xao_rau
thịt trứng ngon hấp,trung_xao_thit
nấu rau tôm mực được gì chiên,lau_thai
mình có cá,ca_kho
ăn với gà rau nhanh,lau_ga
mình có trứng cà chua xào,canh_trung_ca_chua
nấu sườn được gì,suon_nuong
tôi muốn nấu trứng,trung_hap
tôi muốn nấu mì rau,mi_tron
tôi muốn nấu gà nướng,canh_ga
làm món từ trứng thịt gia đình,thit_kho_trung
bún bò chiên,bun_bo
ăn với xúc xích trứng đậu cơm kho,com_chien_duong_chau
bún bò trộn,bun_bo
nguyên liệu: trứng cà chua,canh_trung_ca_chua
làm món từ gà,ga_chien
trứng,trung_luoc
nấu cá được gì trộn,ca_kho
có hành trứng thì nấu gì,trung_xao_hanh
tôi muốn nấu cơm tôm mực,com_chien_hai_san
tôi muốn nấu sườn,suon_kho
có mì ngon thì nấu gì luộc,mi_goi
nấu cà chua đậu hũ được gì nướng,dau_hu_sot_ca
ăn với trứng ngon luộc,trung_luoc
làm món từ mực rau tôm trộn,lau_thai
có gà gia đình thì nấu gì,ga_nuong
nguyên liệu: rau tỏi chiên,rau_xao_toi
tôi muốn nấu trứng trộn,trung_luoc
nguyên liệu: trứng,trung_op_la
ăn với gà rau,lau_ga
tôi có rau tôm mực chiên,lau_thai
ăn với rau mì gia đình nướng,mi_tron
nguyên liệu: mì trứng,mi_xao_trung
tôi muốn nấu bò mì,mi_xao_bo
tôi có trứng thịt,trung_xao_thit
món ăn từ bò bún luộc,bun_bo
mình có mì ngon,mi_goi
nấu cơm đậu trứng xúc xích được gì,com_chien_duong_chau
trứng cà chua,trung_chien_ca_chua
tôi muốn nấu mực cơm tôm,com_chien_hai_san
ăn với trứng bánh mì đơn giản,banh_mi_trung
nguyên liệu: thịt trứng,trung_xao_thit
nguyên liệu: trứng đơn giản xào,trung_luoc
tôm mực cơm trộn,com_chien_hai_san
có trứng bánh mì thì nấu gì,banh_mi_trung
mình có trứng,trung_hap
ăn với đậu hũ,dau_hu_chien
nguyên liệu: đậu hũ cà chua hấp,dau_hu_sot_ca
có hành trứng thì nấu gì chiên,trung_xao_hanh
nấu bò bún gia đình được gì,bun_bo
ăn với trứng hành,trung_xao_hanh
nấu gà được gì,canh_ga
khoai bò cà rốt đơn giản,bo_kho
ăn với bò khoai cà rốt nhanh,bo_kho
rau mì,mi_tron
nấu sườn cơm được gì chiên,com_tam
thịt trứng trộn,thit_kho_trung
nấu hành trứng cơm được gì,com_chien_trung
làm món từ trứng mì chiên,mi_xao_trung
mình có mực cơm tôm trộn,com_chien_hai_san
món ăn từ trứng cà chua nướng,canh_trung_ca_chua
món ăn từ trứng hành cơm nướng,com_chien_trung
nấu trứng được gì,trung_chien
nguyên liệu: trứng mì ngon,mi_xao_trung
tôi muốn nấu gà hấp,ga_chien
tôi muốn nấu gà chiên,ga_nuong
có gà thì nấu gì,ga_chien
mình có tôm tỏi,tom_xao_toi
mình có thịt trứng,trung_xao_thit
tôi muốn nấu bò hành luộc,bo_xao_hanh
nấu cơm sườn được gì xào,com_tam
tôi có trứng,trung_luoc
trứng,trung_chien
có mì trứng thì nấu gì,mi_xao_trung
làm món từ rau xào,canh_rau
có thịt bánh mì thì nấu gì chiên,banh_mi_thit
tôi có cơm gà trộn,com_ga
nguyên liệu: gà cà rốt luộc,sup_ga
mình có cà chua đậu hũ,dau_hu_sot_ca
có sườn cơm thì nấu gì,com_tam
món ăn từ bún bò,bun_bo
làm món từ mì đơn giản luộc,mi_goi
mình có trứng trộn,trung_cuon
làm món từ gà,ga_chien
mình có bò bún hấp,bun_bo
rau kho,canh_rau
mình có mì,mi_goi
món ăn từ khoai cà rốt bò kho,bo_kho
tôi muốn nấu gà xào,ga_chien
nấu bò bún được gì,bun_bo
ăn với rau,canh_rau
ăn với gà cà rốt hấp,sup_ga
món ăn từ thịt,thit_nuong
bò hành,bo_xao_hanh
nguyên liệu: mì nhanh xào,mi_goi
cơm mực tôm hấp,com_chien_hai_san
nấu cà chua trứng được gì,canh_trung_ca_chua
làm món từ gà,ga_nuong
nấu rau gà được gì,lau_ga
trứng,trung_op_la
nguyên liệu: trứng bánh mì,banh_mi_trung
tôi có cá nhanh,ca_kho
tôi có thịt trứng,thit_kho_trung
ăn với hành cơm trứng trộn,com_chien_trung
trứng cơm rau,com_tron
nguyên liệu: thịt nướng,thit_nuong
làm món từ bò khoai cà rốt nhanh,bo_kho
làm món từ trứng,trung_hap
có rau gà thì nấu gì,lau_ga
tôi có rau thịt nướng,thit_xao_rau
nguyên liệu: trứng bánh mì,banh_mi_trung
có đậu hũ thì nấu gì,dau_hu_chien
nguyên liệu: mực cơm tôm,com_chien_hai_san
nấu đậu hũ được gì hấp,dau_hu_chien
món ăn từ trứng cơm hành,com_chien_trung
tôi muốn nấu bò phở,pho_bo
tôi muốn nấu bò phở kho,pho_bo
nấu trứng được gì,trung_luoc
có trứng thì nấu gì,trung_luoc
làm món từ bò bún nướng,bun_bo
nguyên liệu: hành trứng luộc,trung_xao_hanh
nấu rau thịt được gì,thit_xao_rau
tôi có trứng hấp,trung_chien
mình có trứng hành,trung_xao_hanh
mình có trứng xúc xích đậu cơm nhanh,com_chien_duong_chau
nấu đậu hũ cà chua được gì hấp,dau_hu_sot_ca
mình có đậu hũ cà chua trộn,dau_hu_sot_ca
ăn với trứng đơn giản,trung_luoc
cá,ca_chien
món ăn từ mì rau,mi_tron
nấu bò mì nhanh được gì,mi_xao_bo
nấu mì được gì,mi_goi
có rau thì nấu gì,canh_rau
nấu tỏi rau được gì,rau_xao_toi
mình có mì trứng luộc,mi_xao_trung
tôi có cơm rau trứng,com_tron
tôi có sườn cơm xào,com_tam
mình có bánh mì trứng,banh_mi_op_la
món ăn từ mì rau trộn,mi_tron
nấu rau tỏi được gì,rau_xao_toi
mình có bánh mì trứng,banh_mi_op_la
nguyên liệu: trứng chiên,trung_hap
tỏi rau,rau_xao_toi
có bún bò nhanh thì nấu gì luộc,bun_bo
bò cà rốt khoai đơn giản chiên,bo_kho
ăn với trứng nướng,trung_luoc
nấu trứng gia đình được gì,trung_chien
mình có gà kho,ga_nuong
món ăn từ trứng ngon,trung_hap
nấu cà chua trứng được gì kho,canh_trung_ca_chua
món ăn từ trứng bánh mì chiên,banh_mi_trung
tỏi tôm đơn giản,tom_xao_toi
có đậu hũ đơn giản thì nấu gì chiên,dau_hu_chien
mì nhanh,mi_goi
nấu gà được gì,ga_chien
món ăn từ trứng,trung_luoc
nguyên liệu: cá nướng,ca_kho
nguyên liệu: hành bò,bo_xao_hanh
bánh mì trứng đơn giản,banh_mi_trung
nấu gà được gì hấp,ga_chien
hành trứng,trung_xao_hanh
thịt rau,thit_xao_rau
mình có mì bò,mi_xao_bo
có phở bò thì nấu gì trộn,pho_bo
món ăn từ cà rốt gà ngon chiên,sup_ga
có rau thì nấu gì,canh_rau
có bò bún ngon thì nấu gì,bun_bo
có gà cà rốt thì nấu gì,sup_ga
tôi muốn nấu cơm xúc xích đậu trứng,com_chien_duong_chau
mì nhanh,mi_goi
tôi muốn nấu trứng bánh mì đơn giản,banh_mi_op_la
trứng,trung_chien
món ăn từ trứng,trung_luoc
tôi muốn nấu bún bò trộn,bun_bo
nguyên liệu: trứng thịt hấp,trung_xao_thit
món ăn từ rau mực tôm đơn giản hấp,lau_thai
mình có rau,canh_rau
có mực rau tôm gia đình thì nấu gì,lau_thai
nguyên liệu: mì rau,mi_tron
cơm sườn nhanh,com_tam
món ăn từ bò phở ngon xào,pho_bo
có mực mì tôm thì nấu gì,mi_xao_hai_san
tôi muốn nấu trứng cà chua hấp,trung_chien_ca_chua
tôi có bò bún,bun_bo
tôi muốn nấu trứng ngon,trung_chien
mình có sườn,suon_nuong
nguyên liệu: mì trứng,mi_xao_trung
mình có tỏi rau,rau_xao_toi
món ăn từ thịt bánh mì,banh_mi_thit
món ăn từ cá nướng,ca_chien
tôi muốn nấu trứng bánh mì,banh_mi_trung
rau,canh_rau
tôi có trứng bánh mì,banh_mi_trung
nấu gà được gì,ga_nuong
mình có cơm rau trứng xào,com_tron
có thịt trứng gia đình thì nấu gì hấp,trung_xao_thit
tôi muốn nấu bò phở gia đình,pho_bo
tôi có sườn,suon_nuong
mình có trứng,trung_op_la
tôi có cơm trứng hành,com_chien_trung
món ăn từ phở bò kho,pho_bo
mình có trứng,trung_luoc
nguyên liệu: trứng bánh mì trộn,banh_mi_trung
tỏi tôm,tom_xao_toi
tôi có mì mực tôm nướng,mi_xao_hai_san
nấu mực cơm tôm được gì,com_chien_hai_san
tôi có gà trộn,ga_chien
tôi có khoai bò cà rốt nhanh,bo_kho
có trứng cà chua nhanh thì nấu gì,trung_chien_ca_chua
có trứng đơn giản thì nấu gì luộc,trung_chien
làm món từ thịt bánh mì,banh_mi_thit
làm món từ gà nhanh,canh_ga
món ăn từ trứng cơm rau,com_tron
tôi có hành bò,bo_xao_hanh
tôi muốn nấu gà,canh_ga
nguyên liệu: trứng cà chua đơn giản chiên,canh_trung_ca_chua
tôi có bún bò trộn,bun_bo
mình có rau tỏi trộn,rau_xao_toi
tôi muốn nấu trứng đơn giản,trung_chien
món ăn từ thịt bánh mì nhanh,banh_mi_thit
tôi muốn nấu tỏi rau,rau_xao_toi
tôi muốn nấu trứng luộc,trung_op_la
có tôm cơm mực ngon thì nấu gì,com_chien_hai_san
rau,canh_rau
mực tôm rau,lau_thai
món ăn từ trứng hành cơm luộc,com_chien_trung
món ăn từ hành cơm trứng,com_chien_trung
nấu rau thịt được gì nướng,thit_xao_rau
tôi muốn nấu rau gà gia đình hấp,lau_ga
trứng thịt,trung_xao_thit
có khoai cà rốt bò thì nấu gì,bo_kho
tôi có rau thịt nhanh luộc,thit_xao_rau
nguyên liệu: trứng thịt nhanh,trung_xao_thit
tôi muốn nấu sườn,suon_nuong
nấu mì nhanh được gì hấp,mi_goi
món ăn từ cá luộc,ca_chien
bún bò,bun_bo
nấu thịt trứng được gì,trung_xao_thit
món ăn từ gà cơm,com_ga
món ăn từ trứng thịt,thit_kho_trung
có gà ngon thì nấu gì,ga_chien
món ăn từ bò phở,pho_bo
tôi muốn nấu tôm rau mực chiên,lau_thai
làm món từ tôm mực cơm,com_chien_hai_san
tôi muốn nấu cơm trứng rau chiên,com_tron
món ăn từ bún bò luộc,bun_bo
nấu cá đơn giản được gì,ca_kho
tôi muốn nấu rau gà,lau_ga
tôi muốn nấu gà,canh_ga
ăn với tôm mì mực xào,mi_xao_hai_san
tôi có cá,ca_chien
nguyên liệu: cà chua trứng,canh_trung_ca_chua
tôi có trứng,trung_hap
món ăn từ mì bò,mi_xao_bo
nguyên liệu: sườn,suon_nuong
tôi có đậu hũ cà chua đơn giản chiên,dau_hu_sot_ca
tôi có mực cơm tôm,com_chien_hai_san
nguyên liệu: trứng,trung_chien
tôi có cơm gà,com_ga
gà cơm xào,com_ga
món ăn từ thịt,thit_nuong
tôi có cà rốt gà,sup_ga
mình có mì,mi_goi
làm món từ mì bò trộn,mi_xao_bo
món ăn từ rau thịt nhanh chiên,thit_xao_rau
tôi có mực tôm cơm,com_chien_hai_san
tôi có gà rau xào,lau_ga
cà chua trứng hấp,canh_trung_ca_chua
trứng,trung_cuon
ăn với cá,ca_kho
sườn,suon_kho
tôi có mì rau,mi_tron
tôi có đậu hũ gia đình nướng,dau_hu_chien
nấu thịt ngon được gì,thit_nuong
làm món từ mì rau,mi_tron
làm món từ trứng,trung_luoc
làm món từ trứng thịt luộc,thit_kho_trung
làm món từ cá,ca_chien
món ăn từ cơm trứng rau chiên,com_tron
nấu hành bò được gì trộn,bo_xao_hanh
ăn với gà chiên,canh_ga
có cà chua trứng thì nấu gì,canh_trung_ca_chua
làm món từ mì,mi_goi
làm món từ trứng hành luộc,trung_xao_hanh
nguyên liệu: mực tôm mì,mi_xao_hai_san
nấu trứng được gì,trung_hap
ăn với đậu hũ ngon kho,dau_hu_chien
mình có thịt trứng ngon,thit_kho_trung
làm món từ cơm sườn trộn,com_tam
có trứng cà chua thì nấu gì,trung_chien_ca_chua
nguyên liệu: bò mì,mi_xao_bo
ăn với đậu hũ cà chua,dau_hu_sot_ca
món ăn từ trứng nhanh,trung_chien
đậu hũ hấp,dau_hu_chien
nấu cơm tôm mực ngon được gì luộc,com_chien_hai_san
tôi muốn nấu khoai cà rốt bò,bo_kho
mình có mực rau tôm trộn,lau_thai
mình có trứng hấp,trung_op_la
nấu gà cơm được gì,com_ga
món ăn từ trứng xào,trung_op_la
nấu trứng bánh mì được gì,banh_mi_op_la
nấu thịt rau đơn giản được gì luộc,thit_xao_rau
tôi muốn nấu gà,ga_nuong
mình có trứng mì hấp,mi_xao_trung
nguyên liệu: thịt,thit_nuong
làm món từ cà rốt gà ngon nướng,sup_ga
món ăn từ mì,mi_goi
mình có cà rốt gà gia đình,sup_ga
trứng thịt hấp,thit_kho_trung
làm món từ bún bò hấp,bun_bo
nguyên liệu: tỏi rau hấp,rau_xao_toi
nấu bánh mì trứng ngon được gì,banh_mi_op_la
làm món từ thịt nướng,thit_nuong
làm món từ bánh mì trứng ngon chiên,banh_mi_op_la
tôi muốn nấu rau tỏi,rau_xao_toi
tôi muốn nấu mực rau tôm,lau_thai
nguyên liệu: gà,ga_nuong
có rau tỏi thì nấu gì,rau_xao_toi
nấu thịt trứng được gì kho,trung_xao_thit
mình có cá,ca_kho
trứng đơn giản kho,trung_chien
tôi có cà chua trứng,trung_chien_ca_chua
có trứng đơn giản thì nấu gì,trung_op_la
tôi muốn nấu bò mì hấp,mi_xao_bo
nấu rau gà được gì,lau_ga
tôi có gà xào,canh_ga
mình có trứng ngon trộn,trung_op_la
món ăn từ trứng,trung_luoc
nấu rau gà được gì,lau_ga
nguyên liệu: cà rốt gà gia đình trộn,sup_ga
làm món từ rau gia đình luộc,canh_rau
tôi muốn nấu trứng cà chua,trung_chien_ca_chua
có thịt bánh mì gia đình thì nấu gì,banh_mi_thit
mình có rau ngon luộc,canh_rau
nấu thịt trứng được gì,trung_xao_thit
nguyên liệu: đậu hũ,dau_hu_chien
làm món từ gà,ga_nuong
nấu mực tôm rau đơn giản được gì hấp,lau_thai
tôi muốn nấu mực tôm mì,mi_xao_hai_san
nguyên liệu: thịt rau,thit_xao_rau
nấu cà rốt gà ngon được gì,sup_ga
làm món từ trứng cà chua gia đình,canh_trung_ca_chua
nguyên liệu: mì trứng,mi_xao_trung
làm món từ cơm đậu trứng xúc xích gia đình trộn,com_chien_duong_chau
nấu hành bò được gì,bo_xao_hanh
nguyên liệu: sườn,suon_kho
nguyên liệu: đậu hũ ngon,dau_hu_chien
ăn với trứng cà chua luộc,trung_chien_ca_chua
sườn cơm,com_tam
làm món từ bún bò chiên,bun_bo
có cá thì nấu gì xào,ca_kho
nấu rau thịt được gì xào,thit_xao_rau
tôi có mì,mi_goi
có rau gia đình thì nấu gì chiên,canh_rau
nguyên liệu: tỏi tôm đơn giản,tom_xao_toi
tôi muốn nấu mì hấp,mi_goi
trứng nướng,trung_hap
mình có bánh mì trứng hấp,banh_mi_trung
ăn với cà chua trứng kho,canh_trung_ca_chua
gà đơn giản,canh_ga
nấu bò phở được gì xào,pho_bo
mình có tỏi tôm,tom_xao_toi
có rau cơm trứng thì nấu gì nướng,com_tron
bún bò,bun_bo
nấu cà chua trứng được gì,canh_trung_ca_chua
làm món từ trứng thịt,trung_xao_thit
tôi muốn nấu thịt trứng kho,trung_xao_thit
có rau thì nấu gì trộn,canh_rau
món ăn từ đậu hũ,dau_hu_chien
món ăn từ đậu cơm trứng xúc xích kho,com_chien_duong_chau
tôi có mực cơm tôm,com_chien_hai_san
làm món từ rau gà luộc,lau_ga
nguyên liệu: trứng chiên,trung_chien
món ăn từ trứng chiên,trung_cuon
nấu gà được gì,canh_ga
ăn với cà rốt gà chiên,sup_ga
ăn với rau nhanh,canh_rau
tôi muốn nấu cà chua trứng,trung_chien_ca_chua
ăn với trứng mì xào,mi_xao_trung
nấu trứng được gì nướng,trung_hap
làm món từ cá,ca_kho
mình có gà rau ngon,lau_ga
ăn với rau trứng cơm,com_tron
có thịt trứng thì nấu gì xào,trung_xao_thit
tôi muốn nấu tôm mực cơm chiên,com_chien_hai_san
ăn với rau tôm mực,lau_thai
làm món từ mì hấp,mi_goi
món ăn từ rau thịt,thit_xao_rau
món ăn từ sườn cơm xào,com_tam
tôi muốn nấu trứng đơn giản trộn,trung_cuon
có hành bò thì nấu gì nướng,bo_xao_hanh
mình có gà cơm xào,com_ga
nguyên liệu: rau,canh_rau
tôi muốn nấu trứng bánh mì hấp,banh_mi_trung
tôi muốn nấu gà rau,lau_ga
làm món từ trứng thịt,trung_xao_thit
làm món từ bánh mì thịt,banh_mi_thit
mình có trứng hành nhanh,trung_xao_hanh
mình có trứng cà chua nhanh chiên,trung_chien_ca_chua
mình có cà rốt gà,sup_ga
rau,canh_rau
mình có cơm sườn đơn giản luộc,com_tam
tôi muốn nấu trứng nhanh xào,trung_cuon
có thịt thì nấu gì,thit_nuong
ăn với đậu hũ nhanh,dau_hu_chien
món ăn từ đậu xúc xích cơm trứng,com_chien_duong_chau
làm món từ tỏi tôm,tom_xao_toi
món ăn từ trứng bánh mì,banh_mi_op_la
nguyên liệu: thịt trứng chiên,thit_kho_trung
nấu trứng được gì hấp,trung_cuon
món ăn từ mì,mi_goi
có cà chua trứng thì nấu gì xào,canh_trung_ca_chua
món ăn từ cà chua trứng kho,trung_chien_ca_chua
nấu gà được gì,canh_ga
trứng bánh mì,banh_mi_op_la
làm món từ mực tôm mì,mi_xao_hai_san
mình có trứng,trung_cuon
mình có trứng nhanh hấp,trung_op_la
tôi có cá,ca_kho
tôi muốn nấu gà,ga_chien
nguyên liệu: bò mì,mi_xao_bo
tôi có tỏi tôm ngon xào,tom_xao_toi
nguyên liệu: trứng thịt chiên,trung_xao_thit
nguyên liệu: bò bún,bun_bo
nấu trứng được gì luộc,trung_op_la
tôi muốn nấu cơm xúc xích đậu trứng đơn giản,com_chien_duong_chau
ăn với phở bò ngon nướng,pho_bo
gà rau chiên,lau_ga
có thịt thì nấu gì,thit_nuong
nấu đậu hũ ngon được gì,dau_hu_chien
làm món từ thịt trứng xào,trung_xao_thit
mình có đậu hũ nướng,dau_hu_chien
mình có tỏi tôm đơn giản nướng,tom_xao_toi
tôi muốn nấu thịt trứng chiên,thit_kho_trung
làm món từ cà chua đậu hũ,dau_hu_sot_ca
ăn với sườn trộn,suon_kho
món ăn từ trứng xào,trung_luoc
ăn với bò phở,pho_bo
làm món từ rau trộn,canh_rau
ăn với cà chua trứng,canh_trung_ca_chua
có cá thì nấu gì,ca_chien
có rau tỏi thì nấu gì,rau_xao_toi
nấu mì rau được gì kho,mi_tron
tôi có cơm mực tôm nướng,com_chien_hai_san
món ăn từ cơm trứng rau ngon,com_tron
có sườn thì nấu gì nướng,suon_kho
tôi muốn nấu sườn,suon_kho
tôi có trứng hấp,trung_op_la
nấu cà rốt gà được gì luộc,sup_ga
ăn với sườn cơm,com_tam
làm món từ tôm mực rau,lau_thai
tôi muốn nấu bánh mì trứng hấp,banh_mi_op_la
tôi có mực cơm tôm nhanh,com_chien_hai_san
món ăn từ trứng cà chua chiên,trung_chien_ca_chua
tôi có tỏi rau đơn giản,rau_xao_toi
khoai cà rốt bò,bo_kho
mình có trứng thịt luộc,trung_xao_thit
sườn gia đình luộc,suon_kho
tôi có mì tôm mực xào,mi_xao_hai_san
mình có mực tôm cơm xào,com_chien_hai_san
ăn với trứng,trung_cuon
nguyên liệu: gà rau chiên,lau_ga
nấu cơm sườn được gì luộc,com_tam
làm món từ mì,mi_goi
tôi muốn nấu gà,ga_nuong
phở bò,pho_bo
mình có mì nướng,mi_goi
bánh mì trứng,banh_mi_op_la
có tôm tỏi thì nấu gì,tom_xao_toi
ăn với mì bò xào,mi_xao_bo
nguyên liệu: trứng rau cơm,com_tron
làm món từ thịt trứng,thit_kho_trung
nguyên liệu: mì mực tôm,mi_xao_hai_san
làm món từ bún bò,bun_bo
ăn với sườn cơm xào,com_tam
có cà chua trứng thì nấu gì,trung_chien_ca_chua
có tỏi rau thì nấu gì nướng,rau_xao_toi
nấu cà chua trứng được gì,canh_trung_ca_chua
nấu cà chua đậu hũ được gì,dau_hu_sot_ca
tôi có trứng thịt xào,trung_xao_thit
làm món từ rau cơm trứng đơn giản trộn,com_tron
làm món từ thịt gia đình,thit_nuong
tôi có trứng cà chua,canh_trung_ca_chua
có trứng cơm hành thì nấu gì,com_chien_trung
có đậu hũ thì nấu gì,dau_hu_chien
nấu tôm mực mì được gì,mi_xao_hai_san
có thịt trứng thì nấu gì trộn,trung_xao_thit
mình có trứng hấp,trung_hap
tôi có tỏi tôm,tom_xao_toi
nấu thịt được gì,thit_nuong
nấu thịt được gì hấp,thit_nuong
làm món từ sườn cơm đơn giản xào,com_tam
ăn với thịt rau,thit_xao_rau
tôi có đậu trứng xúc xích cơm chiên,com_chien_duong_chau
tôi muốn nấu mì trứng trộn,mi_xao_trung
ăn với khoai bò cà rốt gia đình,bo_kho
nguyên liệu: rau thịt kho,thit_xao_rau
làm món từ tỏi rau,rau_xao_toi
nguyên liệu: gà cơm đơn giản,com_ga
hành bò luộc,bo_xao_hanh
nấu gà được gì,canh_ga
món ăn từ trứng thịt,thit_kho_trung
món ăn từ bánh mì trứng gia đình chiên,banh_mi_trung
ăn với mì trứng,mi_xao_trung
có đậu cơm trứng xúc xích thì nấu gì,com_chien_duong_chau
ăn với rau mực tôm,lau_thai
làm món từ trứng thịt,trung_xao_thit
nấu bún bò được gì,bun_bo
mình có thịt,thit_nuong
tôi có trứng,trung_op_la
gà,canh_ga
mình có tôm mực mì,mi_xao_hai_san
nấu trứng cà chua được gì nướng,trung_chien_ca_chua
tôi có gà hấp,ga_nuong
có mì mực tôm thì nấu gì,mi_xao_hai_san
nguyên liệu: trứng nhanh nướng,trung_chien
ăn với mì,mi_goi
tôi muốn nấu trứng,trung_luoc
làm món từ xúc xích cơm đậu trứng kho,com_chien_duong_chau
tôi có rau thịt kho,thit_xao_rau
nguyên liệu: bún bò hấp,bun_bo
tôi muốn nấu gà,ga_nuong
làm món từ mì bò hấp,mi_xao_bo
làm món từ gà kho,ga_chien
ăn với bò phở,pho_bo
tôi có cơm rau trứng,com_tron
ăn với mực tôm cơm,com_chien_hai_san
mình có gà rau đơn giản,lau_ga
ăn với mì rau,mi_tron
nguyên liệu: sườn,suon_nuong
tôi muốn nấu bánh mì thịt,banh_mi_thit
có cơm gà nhanh thì nấu gì luộc,com_ga
mình có trứng,trung_hap
tôi có rau ngon kho,canh_rau
nguyên liệu: bò mì đơn giản,mi_xao_bo
thịt xào,thit_nuong
làm món từ tỏi rau kho,rau_xao_toi
có trứng thịt thì nấu gì nướng,thit_kho_trung
làm món từ trứng cà chua,trung_chien_ca_chua
trứng thịt,thit_kho_trung
tôi có cơm sườn chiên,com_tam
ăn với trứng,trung_luoc
mình có gà,canh_ga
món ăn từ cà rốt bò khoai,bo_kho
làm món từ sườn luộc,suon_kho
tôi muốn nấu trứng cơm hành ngon kho,com_chien_trung
món ăn từ tỏi tôm,tom_xao_toi
tôi muốn nấu khoai bò cà rốt trộn,bo_kho
nấu trứng cơm đậu xúc xích được gì kho,com_chien_duong_chau
món ăn từ hành bò gia đình,bo_xao_hanh
mình có trứng bánh mì kho,banh_mi_trung
ăn với bò phở xào,pho_bo
món ăn từ đậu hũ,dau_hu_chien
tôi có mực tôm rau,lau_thai
rau nướng,canh_rau
ăn với gà chiên,ga_chien
món ăn từ đậu hũ,dau_hu_chien
món ăn từ trứng đơn giản xào,trung_cuon
món ăn từ mì,mi_goi
làm món từ cà chua đậu hũ chiên,dau_hu_sot_ca
món ăn từ thịt,thit_nuong
có xúc xích đậu cơm trứng thì nấu gì,com_chien_duong_chau
ăn với cá đơn giản,ca_chien
nấu thịt trứng được gì xào,thit_kho_trung
mình có trứng,trung_op_la
món ăn từ trứng cơm rau trộn,com_tron
tôi muốn nấu bò hành,bo_xao_hanh
tôi có rau,canh_rau
có rau mì thì nấu gì,mi_tron
món ăn từ tỏi tôm nhanh,tom_xao_toi
có trứng thì nấu gì,trung_chien
có rau tỏi thì nấu gì,rau_xao_toi
ăn với bò mì,mi_xao_bo
tôi có mì,mi_goi
cà chua trứng,trung_chien_ca_chua
nguyên liệu: bò phở,pho_bo
thịt,thit_nuong
mình có gà kho,ga_nuong
làm món từ rau,canh_rau
tôi có tôm rau mực trộn,lau_thai
nguyên liệu: cá nướng,ca_kho
làm món từ bánh mì thịt hấp,banh_mi_thit
có cơm sườn thì nấu gì kho,com_tam
món ăn từ cá chiên,ca_chien
món ăn từ sườn,suon_kho
nấu gà được gì,canh_ga
có trứng thì nấu gì hấp,trung_hap
nấu cá được gì,ca_chien
nấu cơm rau trứng đơn giản được gì,com_tron
ăn với trứng rau cơm đơn giản,com_tron
tôi có mực tôm mì,mi_xao_hai_san
nguyên liệu: trứng luộc,trung_hap
nguyên liệu: bò hành,bo_xao_hanh
làm món từ mực rau tôm,lau_thai
tôi có trứng,trung_hap
nguyên liệu: sườn,suon_nuong
tôi muốn nấu mì trứng,mi_xao_trung
ăn với trứng nướng,trung_op_la
làm món từ cá xào,ca_kho
nguyên liệu: bò mì,mi_xao_bo
có cà rốt bò khoai thì nấu gì,bo_kho
món ăn từ trứng,trung_op_la
tôi muốn nấu gà,canh_ga
làm món từ rau,canh_rau
nguyên liệu: mực tôm cơm,com_chien_hai_san
tôi muốn nấu bò hành,bo_xao_hanh
đậu hũ,dau_hu_chien
nguyên liệu: hành trứng nhanh,trung_xao_hanh
tôi có tôm mực mì đơn giản,mi_xao_hai_san
mì gia đình,mi_goi
có tôm tỏi thì nấu gì,tom_xao_toi
rau trứng cơm trộn,com_tron
nấu trứng cơm rau được gì kho,com_tron
bánh mì trứng,banh_mi_trung
mình có bánh mì thịt nướng,banh_mi_thit
làm món từ trứng chiên,trung_chien
tôi muốn nấu đậu hũ,dau_hu_chien
rau ngon,canh_rau
ăn với cà rốt khoai bò,bo_kho
món ăn từ bánh mì trứng,banh_mi_trung
tôi muốn nấu cá,ca_chien
nấu trứng cơm hành được gì,com_chien_trung
món ăn từ trứng nướng,trung_hap
làm món từ hành bò chiên,bo_xao_hanh
món ăn từ bánh mì trứng gia đình,banh_mi_trung
làm món từ tôm rau mực luộc,lau_thai
nguyên liệu: gà cà rốt kho,sup_ga
tôi muốn nấu bò bún chiên,bun_bo
nguyên liệu: đậu hũ cà chua luộc,dau_hu_sot_ca
tôi muốn nấu thịt bánh mì,banh_mi_thit
có rau thì nấu gì chiên,canh_rau
làm món từ mực rau tôm,lau_thai
cá,ca_kho
nguyên liệu: mì bò,mi_xao_bo
nguyên liệu: cà chua đậu hũ,dau_hu_sot_ca
ăn với cơm gà,com_ga
nấu trứng mì được gì,mi_xao_trung
cá gia đình,ca_kho
ăn với gà gia đình kho,ga_nuong
tôi muốn nấu trứng cà chua,trung_chien_ca_chua
nấu trứng được gì,trung_hap
tôi có trứng luộc,trung_luoc
có trứng hành thì nấu gì nướng,trung_xao_hanh
món ăn từ cá,ca_chien
tôi muốn nấu bún bò,bun_bo
nấu mực tôm cơm được gì,com_chien_hai_san
tôi muốn nấu tỏi rau,rau_xao_toi
ăn với mì bò xào,mi_xao_bo
tôi có gà cơm,com_ga
tôi muốn nấu cơm hành trứng,com_chien_trung
món ăn từ thịt trứng,trung_xao_thit
làm món từ đậu hũ,dau_hu_chien
có trứng cà chua thì nấu gì kho,trung_chien_ca_chua
ăn với trứng cơm rau,com_tron
ăn với bún bò,bun_bo
gà nướng,canh_ga
ăn với gà cơm chiên,com_ga
nguyên liệu: rau trứng cơm,com_tron
nấu rau mì ngon được gì luộc,mi_tron
có xúc xích đậu cơm trứng thì nấu gì nướng,com_chien_duong_chau
nguyên liệu: hành trứng cơm,com_chien_trung
tôi có đậu hũ cà chua hấp,dau_hu_sot_ca
món ăn từ mì trứng trộn,mi_xao_trung
món ăn từ rau mực tôm đơn giản,lau_thai
món ăn từ gà đơn giản,ga_chien
mình có cà chua trứng,trung_chien_ca_chua
mình có trứng,trung_chien
trứng đơn giản,trung_luoc
mình có tỏi rau luộc,rau_xao_toi
tôi có thịt hấp,thit_nuong
mình có trứng,trung_op_la
tôi muốn nấu trứng,trung_cuon
có trứng thì nấu gì,trung_luoc
món ăn từ bò hành,bo_xao_hanh
món ăn từ rau tỏi ngon,rau_xao_toi
tôi muốn nấu bánh mì thịt luộc,banh_mi_thit
mình có cá,ca_kho
món ăn từ gà chiên,ga_nuong
làm món từ trứng,trung_cuon
ăn với gà chiên,ga_nuong
tôi muốn nấu gà gia đình,ga_nuong
nguyên liệu: trứng gia đình,trung_luoc
tôi muốn nấu gà,ga_nuong
làm món từ bò khoai cà rốt chiên,bo_kho
cá chiên,ca_chien
tôi muốn nấu trứng ngon,trung_op_la
nấu xúc xích đậu trứng cơm được gì nướng,com_chien_duong_chau
làm món từ rau thịt nướng,thit_xao_rau
tôi muốn nấu mì luộc,mi_goi
có cơm trứng rau đơn giản thì nấu gì,com_tron
làm món từ tôm tỏi gia đình chiên,tom_xao_toi
ăn với thịt,thit_nuong
nấu tỏi tôm được gì,tom_xao_toi
có hành bò gia đình thì nấu gì nướng,bo_xao_hanh
bún bò,bun_bo
có gà thì nấu gì chiên,ga_nuong
trứng cơm hành gia đình luộc,com_chien_trung
ăn với trứng chiên,trung_luoc
nguyên liệu: tôm rau mực xào,lau_thai
nấu trứng bánh mì được gì,banh_mi_trung
tôi có bò hành đơn giản,bo_xao_hanh
tôi muốn nấu rau mì luộc,mi_tron
món ăn từ mì rau,mi_tron
nguyên liệu: thịt,thit_nuong
nguyên liệu: thịt,thit_nuong
món ăn từ thịt trứng,trung_xao_thit
trứng ngon,trung_cuon
nấu sườn cơm được gì,com_tam
tôi muốn nấu cơm gà trộn,com_ga
tôi có hành trứng cơm ngon,com_chien_trung
làm món từ cà rốt bò khoai nướng,bo_kho
ăn với trứng cơm xúc xích đậu luộc,com_chien_duong_chau
món ăn từ trứng bánh mì luộc,banh_mi_op_la
tôi muốn nấu thịt,thit_nuong
ăn với mì rau,mi_tron
làm món từ trứng thịt gia đình,thit_kho_trung
bò bún,bun_bo
món ăn từ trứng,trung_hap
nấu gà rau được gì,lau_ga
ăn với gà,ga_chien
nguyên liệu: trứng bánh mì nướng,banh_mi_trung
món ăn từ bò khoai cà rốt,bo_kho
có gà thì nấu gì,ga_nuong
có cà rốt gà thì nấu gì,sup_ga
tôi muốn nấu trứng,trung_cuon
mình có thịt bánh mì chiên,banh_mi_thit
món ăn từ bò bún xào,bun_bo
tôi có gà cơm,com_ga
có bò hành thì nấu gì hấp,bo_xao_hanh
mình có trứng hành trộn,trung_xao_hanh
tôi có đậu hũ,dau_hu_chien
làm món từ gà,ga_chien
bún bò luộc,bun_bo
nguyên liệu: trứng cơm hành hấp,com_chien_trung
nguyên liệu: trứng hấp,trung_hap
nấu đậu hũ cà chua được gì,dau_hu_sot_ca
nấu trứng thịt được gì luộc,trung_xao_thit
món ăn từ gà cơm,com_ga
món ăn từ cơm rau trứng,com_tron
mình có gà xào,canh_ga
mì kho,mi_goi
món ăn từ mì rau,mi_tron
món ăn từ sườn gia đình,suon_kho
có trứng hành thì nấu gì,trung_xao_hanh
tôi có trứng hấp,trung_op_la
tôi có mì bò nướng,mi_xao_bo
nấu trứng được gì hấp,trung_cuon
nấu sườn được gì luộc,suon_kho
làm món từ hành bò,bo_xao_hanh
trứng cà chua hấp,trung_chien_ca_chua
mình có sườn,suon_nuong
tôi có đậu hũ,dau_hu_chien
làm món từ trứng bánh mì gia đình,banh_mi_op_la
làm món từ tỏi tôm nhanh,tom_xao_toi
tôi muốn nấu thịt trứng,thit_kho_trung
làm món từ rau,canh_rau
nấu bánh mì trứng được gì luộc,banh_mi_op_la
món ăn từ gà,ga_chien
nguyên liệu: trứng,trung_chien
làm món từ tôm mực cơm,com_chien_hai_san
mình có hành bò,bo_xao_hanh
nấu tôm cơm mực được gì,com_chien_hai_san
có cá thì nấu gì luộc,ca_kho
nguyên liệu: thịt trứng nướng,trung_xao_thit
nguyên liệu: trứng,trung_hap
tôi muốn nấu cá,ca_chien
nguyên liệu: thịt rau luộc,thit_xao_rau
món ăn từ trứng nhanh,trung_op_la
có cà chua trứng thì nấu gì nướng,canh_trung_ca_chua
mình có cà rốt bò khoai,bo_kho
có trứng thì nấu gì,trung_op_la
nguyên liệu: phở bò chiên,pho_bo
tôi có rau mì,mi_tron
cá,ca_chien
làm món từ rau gà xào,lau_ga
mình có cá,ca_kho
tôi có trứng trộn,trung_cuon
làm món từ cá đơn giản trộn,ca_kho
nguyên liệu: hành trứng kho,trung_xao_hanh
có bánh mì thịt thì nấu gì nướng,banh_mi_thit
tôi có bò phở,pho_bo
mình có trứng chiên,trung_op_la
trứng nhanh,trung_cuon
ăn với sườn,suon_nuong
mình có cà chua trứng ngon,canh_trung_ca_chua
tôi muốn nấu gà,ga_nuong
làm món từ hành cơm trứng,com_chien_trung
thịt,thit_nuong
tôi có mì rau chiên,mi_tron
món ăn từ đậu hũ,dau_hu_chien
đậu hũ nhanh,dau_hu_chien
tôi muốn nấu gà cơm,com_ga
nguyên liệu: sườn cơm nhanh,com_tam
có trứng đơn giản thì nấu gì,trung_hap
mình có bò bún,bun_bo
mình có bò hành hấp,bo_xao_hanh
món ăn từ cơm gà xào,com_ga
ăn với sườn đơn giản luộc,suon_nuong
làm món từ hành trứng,trung_xao_hanh
trứng cà chua,canh_trung_ca_chua
nguyên liệu: gà trộn,ga_nuong
nấu trứng mì gia đình được gì chiên,mi_xao_trung
mình có thịt trộn,thit_nuong
tôi có cơm gà,com_ga
làm món từ khoai cà rốt bò ngon,bo_kho
nấu mì bò được gì,mi_xao_bo
làm món từ trứng thịt,trung_xao_thit
ăn với bò cà rốt khoai trộn,bo_kho
có tỏi rau nhanh thì nấu gì trộn,rau_xao_toi
nguyên liệu: gà đơn giản hấp,ga_chien
món ăn từ trứng,trung_hap
có thịt rau thì nấu gì luộc,thit_xao_rau
mình có rau mì trộn,mi_tron
mình có gà cơm trộn,com_ga
món ăn từ cà chua đậu hũ trộn,dau_hu_sot_ca
nấu thịt rau được gì,thit_xao_rau
ăn với phở bò đơn giản,pho_bo
ăn với trứng,trung_op_la
có cơm tôm mực đơn giản thì nấu gì,com_chien_hai_san
ăn với cá,ca_kho
mình có trứng thịt hấp,trung_xao_thit
nấu cá gia đình được gì,ca_chien
tôi có cơm gà hấp,com_ga
nấu trứng gia đình được gì,trung_cuon
có đậu hũ thì nấu gì kho,dau_hu_chien
mình có rau,canh_rau
mình có cơm sườn nướng,com_tam
nấu gà nhanh được gì hấp,ga_chien
món ăn từ thịt,thit_nuong
nấu bánh mì trứng nhanh được gì,banh_mi_trung
nấu trứng nhanh được gì,trung_op_la
làm món từ gà rau luộc,lau_ga
ăn với rau ngon,canh_rau
tôi muốn nấu khoai bò cà rốt chiên,bo_kho
mình có tỏi tôm đơn giản kho,tom_xao_toi
có tỏi rau thì nấu gì,rau_xao_toi
tôi có sườn cơm nướng,com_tam
làm món từ cà rốt khoai bò,bo_kho
mình có trứng hành hấp,trung_xao_hanh
ăn với gà,ga_nuong
nguyên liệu: trứng luộc,trung_op_la
làm món từ phở bò ngon nướng,pho_bo
nguyên liệu: thịt rau luộc,thit_xao_rau
mình có khoai bò cà rốt,bo_kho
món ăn từ trứng thịt gia đình,trung_xao_thit
cà rốt khoai bò,bo_kho
mình có cơm gà nhanh,com_ga
tôi có sườn luộc,suon_kho
món ăn từ sườn cơm,com_tam
món ăn từ trứng cà chua ngon,trung_chien_ca_chua
món ăn từ mực cơm tôm,com_chien_hai_san
tôi có gà rau,lau_ga
ăn với sườn luộc,suon_kho
mình có thịt trứng trộn,trung_xao_thit
tôi muốn nấu cá,ca_chien
nấu mực cơm tôm được gì chiên,com_chien_hai_san
món ăn từ gà rau nhanh,lau_ga
nguyên liệu: gà cà rốt hấp,sup_ga
món ăn từ cá đơn giản,ca_chien
tôi muốn nấu bánh mì trứng,banh_mi_op_la
tôi có thịt bánh mì,banh_mi_thit
nguyên liệu: gà trộn,ga_chien
có bò bún thì nấu gì,bun_bo
món ăn từ cá,ca_chien
nấu trứng thịt được gì,trung_xao_thit
mình có tỏi rau,rau_xao_toi
mình có trứng kho,trung_hap
có cà chua trứng thì nấu gì,canh_trung_ca_chua
có trứng rau cơm thì nấu gì xào,com_tron
đậu hũ luộc,dau_hu_chien
ăn với trứng,trung_luoc
nguyên liệu: mì kho,mi_goi
ăn với trứng luộc,trung_chien
món ăn từ mì bò đơn giản luộc,mi_xao_bo
tôi muốn nấu rau cơm trứng nhanh kho,com_tron
tôi có thịt bánh mì,banh_mi_thit
mình có mì trứng,mi_xao_trung
nấu cá được gì,ca_kho
có trứng cơm rau thì nấu gì,com_tron
tôi muốn nấu trứng chiên,trung_hap
mình có rau gà xào,lau_ga
làm món từ thịt,thit_nuong
tôi có đậu hũ cà chua ngon,dau_hu_sot_ca
ăn với hành trứng,trung_xao_hanh
gà luộc,canh_ga
món ăn từ bún bò,bun_bo
làm món từ mì rau,mi_tron
tôi muốn nấu tôm mực mì kho,mi_xao_hai_san
làm món từ cà rốt gà,sup_ga
mình có phở bò,pho_bo
cơm hành trứng nhanh luộc,com_chien_trung
nguyên liệu: thịt,thit_nuong
nguyên liệu: cà chua trứng đơn giản,canh_trung_ca_chua
có mì bò thì nấu gì,mi_xao_bo
có gà gia đình thì nấu gì,ga_chien
tôi muốn nấu hành cơm trứng gia đình luộc,com_chien_trung
nấu tôm mực mì được gì,mi_xao_hai_san
làm món từ rau,canh_rau
nguyên liệu: cà chua trứng,trung_chien_ca_chua
tôi có đậu hũ cà chua,dau_hu_sot_ca
mì bò,mi_xao_bo
món ăn từ gà cà rốt,sup_ga
có khoai cà rốt bò thì nấu gì xào,bo_kho
có rau thì nấu gì chiên,canh_rau
ăn với trứng,trung_luoc
nấu xúc xích đậu cơm trứng được gì,com_chien_duong_chau
tôi có trứng bánh mì đơn giản,banh_mi_trung
mình có trứng,trung_luoc
cà rốt gà trộn,sup_ga
mình có thịt bánh mì,banh_mi_thit
làm món từ sườn cơm trộn,com_tam
mình có gà,canh_ga
tôi có cà rốt khoai bò xào,bo_kho
tôi có cơm sườn,com_tam
ăn với tôm cơm mực,com_chien_hai_san
tôi muốn nấu cà chua trứng,trung_chien_ca_chua
mình có mì trứng gia đình,mi_xao_trung
bò khoai cà rốt,bo_kho
nguyên liệu: cá nướng,ca_chien
nấu trứng bánh mì được gì nướng,banh_mi_op_la
gà cà rốt nhanh xào,sup_ga
nguyên liệu: trứng,trung_cuon
trứng luộc,trung_chien
mình có trứng hành gia đình,trung_xao_hanh
tôi có trứng trộn,trung_hap
ăn với trứng chiên,trung_hap
món ăn từ rau tỏi luộc,rau_xao_toi
món ăn từ cá luộc,ca_kho
ăn với tỏi tôm xào,tom_xao_toi
tôi có tỏi rau chiên,rau_xao_toi
trứng cơm rau hấp,com_tron
nấu thịt được gì,thit_nuong
tôm mực cơm,com_chien_hai_san
tôi có thịt bánh mì nướng,banh_mi_thit
có rau gà thì nấu gì hấp,lau_ga
mình có trứng rau cơm nhanh hấp,com_tron
nguyên liệu: bánh mì trứng chiên,banh_mi_op_la
món ăn từ trứng hành cơm,com_chien_trung
tôi muốn nấu trứng luộc,trung_cuon
tôi muốn nấu trứng xúc xích đậu cơm,com_chien_duong_chau
làm món từ rau mì xào,mi_tron
tôi có tỏi rau,rau_xao_toi
tôi có trứng bánh mì đơn giản kho,banh_mi_op_la
ăn với hành trứng luộc,trung_xao_hanh
mình có trứng,trung_cuon
tôi có tỏi tôm luộc,tom_xao_toi
ăn với trứng mì trộn,mi_xao_trung
món ăn từ trứng cà chua,trung_chien_ca_chua
mình có cơm tôm mực xào,com_chien_hai_san
rau nướng,canh_rau
làm món từ cá,ca_chien
mì tôm mực ngon chiên,mi_xao_hai_san
mình có trứng bánh mì trộn,banh_mi_trung
nguyên liệu: cá đơn giản hấp,ca_kho
tôi muốn nấu sườn gia đình,suon_nuong
nguyên liệu: cà chua trứng,trung_chien_ca_chua
tôi muốn nấu cà chua trứng,canh_trung_ca_chua
tôi có gà rau,lau_ga
nguyên liệu: trứng mì hấp,mi_xao_trung
làm món từ sườn,suon_nuong
nấu cà rốt gà nhanh được gì,sup_ga
có tỏi tôm thì nấu gì,tom_xao_toi
làm món từ hành bò nhanh kho,bo_xao_hanh
nguyên liệu: trứng hành đơn giản trộn,trung_xao_hanh
nấu cá được gì luộc,ca_chien
tôi có bánh mì trứng đơn giản nướng,banh_mi_trung
món ăn từ rau trứng cơm gia đình,com_tron
thịt kho,thit_nuong
ăn với rau,canh_rau
nấu trứng hành ngon được gì luộc,trung_xao_hanh
có rau mì thì nấu gì,mi_tron
nguyên liệu: hành trứng,trung_xao_hanh
làm món từ bò phở,pho_bo
tôi muốn nấu cá nhanh trộn,ca_kho
có đậu hũ thì nấu gì,dau_hu_chien
tôi có tỏi rau,rau_xao_toi
mình có mì luộc,mi_goi
ăn với trứng đậu cơm xúc xích hấp,com_chien_duong_chau
tôi có cà chua trứng kho,trung_chien_ca_chua
có trứng thì nấu gì hấp,trung_luoc
nấu sườn cơm được gì hấp,com_tam
làm món từ bò khoai cà rốt chiên,bo_kho
ăn với cơm gà hấp,com_ga
món ăn từ trứng thịt đơn giản,thit_kho_trung
nấu cá ngon được gì,ca_kho
có cơm mực tôm thì nấu gì chiên,com_chien_hai_san
ăn với tôm tỏi,tom_xao_toi
tôi có bò bún luộc,bun_bo
món ăn từ cá,ca_kho
nấu cơm gà nhanh được gì kho,com_ga
có thịt trứng thì nấu gì trộn,thit_kho_trung
có trứng đơn giản thì nấu gì,trung_chien
nấu bánh mì thịt được gì,banh_mi_thit
có tôm cơm mực thì nấu gì,com_chien_hai_san
nguyên liệu: gà cơm,com_ga
tôi có bò cà rốt khoai,bo_kho
tôi muốn nấu bò mì,mi_xao_bo
mình có rau mì,mi_tron
tôi có gà nhanh luộc,ga_chien
làm món từ trứng,trung_chien
nguyên liệu: thịt,thit_nuong
mình có mì mực tôm nhanh,mi_xao_hai_san
có rau tôm mực thì nấu gì,lau_thai
món ăn từ trứng bánh mì chiên,banh_mi_trung
tôm tỏi xào,tom_xao_toi
cơm sườn nướng,com_tam
mình có sườn xào,suon_kho
nguyên liệu: mì tôm mực,mi_xao_hai_san
tỏi rau hấp,rau_xao_toi
tôi muốn nấu thịt,thit_nuong
ăn với cơm trứng xúc xích đậu ngon,com_chien_duong_chau
làm món từ rau tỏi chiên,rau_xao_toi
nguyên liệu: sườn,suon_nuong
làm món từ rau,canh_rau
ăn với trứng nhanh hấp,trung_cuon
làm món từ mực tôm rau,lau_thai
món ăn từ trứng,trung_op_la
trứng bánh mì đơn giản,banh_mi_trung
trứng cà chua kho,trung_chien_ca_chua
có trứng mì gia đình thì nấu gì luộc,mi_xao_trung
có mì tôm mực thì nấu gì,mi_xao_hai_san
nấu gà được gì,ga_nuong
rau nướng,canh_rau
mình có đậu hũ,dau_hu_chien
có trứng thịt ngon thì nấu gì,thit_kho_trung
món ăn từ mì,mi_goi
ăn với cá,ca_chien
tôi có sườn,suon_nuong
làm món từ trứng,trung_chien
nấu trứng thịt được gì,thit_kho_trung
tôi muốn nấu cơm đậu trứng xúc xích,com_chien_duong_chau
nguyên liệu: trứng,trung_chien
món ăn từ mì nướng,mi_goi
làm món từ sườn,suon_kho
nấu trứng được gì xào,trung_op_la
món ăn từ cà chua đậu hũ,dau_hu_sot_ca
làm món từ cơm mực tôm,com_chien_hai_san
mình có xúc xích đậu trứng cơm,com_chien_duong_chau
nấu hành bò được gì,bo_xao_hanh
tôi muốn nấu thịt trứng,trung_xao_thit
tôi muốn nấu bò mì,mi_xao_bo
có mì bò thì nấu gì,mi_xao_bo
nấu hành trứng cơm được gì kho,com_chien_trung
làm món từ mì bò nướng,mi_xao_bo
làm món từ trứng chiên,trung_hap
mình có trứng,trung_hap
món ăn từ trứng hành đơn giản,trung_xao_hanh
nguyên liệu: trứng bánh mì xào,banh_mi_op_la
ăn với rau gà nhanh,lau_ga
nấu sườn được gì,suon_nuong
ăn với gà,ga_chien
món ăn từ đậu hũ,dau_hu_chien
ăn với mực tôm cơm,com_chien_hai_san
có bánh mì thịt đơn giản thì nấu gì xào,banh_mi_thit
tôi muốn nấu cơm gà,com_ga
tôi muốn nấu mực mì tôm nướng,mi_xao_hai_san
nguyên liệu: trứng mì luộc,mi_xao_trung
mình có thịt,thit_nuong
thịt bánh mì,banh_mi_thit
nấu đậu hũ được gì,dau_hu_chien
món ăn từ tôm mì mực trộn,mi_xao_hai_san
ăn với trứng ngon,trung_chien
nguyên liệu: đậu hũ ngon trộn,dau_hu_chien
cơm trứng rau luộc,com_tron
nấu trứng thịt được gì,thit_kho_trung
có thịt rau thì nấu gì hấp,thit_xao_rau
nấu cơm mực tôm được gì luộc,com_chien_hai_san
món ăn từ trứng bánh mì luộc,banh_mi_trung
rau mì ngon trộn,mi_tron
nấu thịt được gì xào,thit_nuong
tôi muốn nấu mì nhanh,mi_goi
có mực tôm rau thì nấu gì hấp,lau_thai
làm món từ trứng bánh mì,banh_mi_op_la
món ăn từ cơm sườn kho,com_tam
tôi muốn nấu gà,canh_ga
ăn với trứng cà chua hấp,trung_chien_ca_chua
tôi có cà chua trứng nhanh,trung_chien_ca_chua
ăn với bò cà rốt khoai,bo_kho
tôi muốn nấu rau trộn,canh_rau
có rau thì nấu gì,canh_rau
mình có sườn cơm hấp,com_tam
nguyên liệu: rau mì trộn,mi_tron
có gà thì nấu gì,ga_nuong
tôi có cà chua trứng,canh_trung_ca_chua
nấu rau được gì,canh_rau
nguyên liệu: trứng hành nướng,trung_xao_hanh
có gà thì nấu gì,canh_ga
cà rốt khoai bò ngon trộn,bo_kho
ăn với tỏi rau,rau_xao_toi
món ăn từ thịt trứng hấp,trung_xao_thit
gà,ga_chien
có trứng thì nấu gì chiên,trung_hap
làm món từ rau tỏi,rau_xao_toi
trứng cà chua,trung_chien_ca_chua
tôi muốn nấu hành bò nhanh,bo_xao_hanh
gà cơm,com_ga
tôi có cá,ca_chien
món ăn từ xúc xích đậu trứng cơm kho,com_chien_duong_chau
mình có gà,ga_nuong
trứng,trung_cuon
tôi có cơm rau trứng,com_tron
tôi có trứng kho,trung_hap
món ăn từ gà,ga_chien
làm món từ trứng,trung_cuon
ăn với mì trứng đơn giản trộn,mi_xao_trung
có cà chua trứng thì nấu gì,trung_chien_ca_chua
làm món từ tỏi rau kho,rau_xao_toi
có bò phở thì nấu gì hấp,pho_bo
ăn với rau thịt luộc,thit_xao_rau
có rau nhanh thì nấu gì kho,canh_rau
ăn với trứng hành,trung_xao_hanh
món ăn từ rau mì gia đình nướng,mi_tron
mình có thịt,thit_nuong
nấu hành bò ngon được gì luộc,bo_xao_hanh
nấu mì được gì,mi_goi
có gà thì nấu gì luộc,ga_chien
nguyên liệu: trứng hành chiên,trung_xao_hanh
làm món từ cơm xúc xích trứng đậu ngon,com_chien_duong_chau
nguyên liệu: trứng thịt,trung_xao_thit
tôi có mì ngon,mi_goi
món ăn từ cá,ca_chien
mình có phở bò luộc,pho_bo
ăn với mì bò,mi_xao_bo
rau mực tôm luộc,lau_thai
có gà thì nấu gì nướng,ga_nuong
có gà thì nấu gì hấp,canh_ga
làm món từ tôm mì mực,mi_xao_hai_san
có gà cơm thì nấu gì trộn,com_ga
có rau mì thì nấu gì,mi_tron
có bò bún thì nấu gì,bun_bo
làm món từ trứng ngon nướng,trung_cuon
nấu trứng bánh mì được gì chiên,banh_mi_op_la
có cơm rau trứng thì nấu gì trộn,com_tron
món ăn từ bò hành trộn,bo_xao_hanh
ăn với sườn cơm,com_tam
tôi có cơm gà trộn,com_ga
mình có tôm tỏi,tom_xao_toi
ăn với bánh mì trứng hấp,banh_mi_trung
tôi có trứng thịt nhanh kho,trung_xao_thit
ăn với tỏi rau luộc,rau_xao_toi
làm món từ rau mực tôm,lau_thai
mình có đậu hũ cà chua,dau_hu_sot_ca
tôi có thịt trứng,trung_xao_thit
trứng hấp,trung_luoc
món ăn từ gà đơn giản luộc,ga_chien
nấu trứng bánh mì được gì,banh_mi_op_la
nấu trứng cơm rau được gì,com_tron
cá,ca_kho
tôi muốn nấu hành trứng,trung_xao_hanh
nguyên liệu: trứng bánh mì,banh_mi_op_la
tôi có gà,ga_chien
tôi muốn nấu trứng cà chua,canh_trung_ca_chua
ăn với gà,ga_chien
có cà chua trứng thì nấu gì hấp,canh_trung_ca_chua
nấu thịt bánh mì được gì chiên,banh_mi_thit
mình có cá xào,ca_kho
có trứng đơn giản thì nấu gì,trung_luoc
tỏi rau,rau_xao_toi
làm món từ gà rau luộc,lau_ga
nguyên liệu: trứng gia đình hấp,trung_hap
mình có trứng,trung_chien
tôi muốn nấu bò phở nướng,pho_bo
mình có phở bò ngon xào,pho_bo
nguyên liệu: tôm mực cơm kho,com_chien_hai_san
nguyên liệu: thịt ngon trộn,thit_nuong
có cà chua trứng ngon thì nấu gì chiên,trung_chien_ca_chua
trứng,trung_op_la
nấu sườn được gì xào,suon_kho
món ăn từ mực cơm tôm ngon,com_chien_hai_san
trứng bánh mì trộn,banh_mi_trung
nấu bún bò được gì luộc,bun_bo
nguyên liệu: bánh mì trứng,banh_mi_op_la
món ăn từ mực mì tôm xào,mi_xao_hai_san
làm món từ bánh mì trứng nướng,banh_mi_op_la
có gà thì nấu gì luộc,ga_nuong
trứng,trung_hap
thịt trứng,thit_kho_trung
mì trứng,mi_xao_trung
trứng mì đơn giản kho,mi_xao_trung
nguyên liệu: mực tôm cơm gia đình trộn,com_chien_hai_san
ăn với thịt trứng,trung_xao_thit
ăn với bò mì,mi_xao_bo
mình có trứng xúc xích đậu cơm,com_chien_duong_chau
nguyên liệu: trứng,trung_hap
tôi có bò hành chiên,bo_xao_hanh
cá xào,ca_kho
có cơm tôm mực thì nấu gì,com_chien_hai_san
tôi có gà rau,lau_ga
làm món từ trứng thịt luộc,trung_xao_thit
ăn với cá,ca_chien
bánh mì trứng,banh_mi_op_la
tôi có mì,mi_goi
mình có bò bún,bun_bo
làm món từ trứng chiên,trung_hap
món ăn từ hành bò đơn giản,bo_xao_hanh
tôi có bò phở,pho_bo
nguyên liệu: trứng cà chua đơn giản,trung_chien_ca_chua
làm món từ rau chiên,canh_rau
mình có cà rốt khoai bò gia đình kho,bo_kho
cơm đậu trứng xúc xích ngon,com_chien_duong_chau
ăn với mực tôm rau xào,lau_thai
nấu cá được gì nướng,ca_kho
nấu rau được gì xào,canh_rau
tôi có đậu hũ ngon,dau_hu_chien
món ăn từ sườn gia đình chiên,suon_nuong
nấu đậu hũ được gì luộc,dau_hu_chien
có gà rau thì nấu gì xào,lau_ga
ăn với sườn cơm đơn giản xào,com_tam
sườn cơm,com_tam
tôi có gà,canh_ga
làm món từ sườn đơn giản nướng,suon_kho
nguyên liệu: bò bún trộn,bun_bo
có bò khoai cà rốt thì nấu gì trộn,bo_kho
có trứng thì nấu gì luộc,trung_op_la
tôi có phở bò,pho_bo
ăn với mực tôm rau,lau_thai
thịt bánh mì hấp,banh_mi_thit
ăn với bò phở hấp,pho_bo
làm món từ trứng thịt,trung_xao_thit
tỏi tôm ngon trộn,tom_xao_toi
tôi có trứng mì chiên,mi_xao_trung
nguyên liệu: cá,ca_kho
cà chua đậu hũ ngon hấp,dau_hu_sot_ca
tôi muốn nấu cà rốt khoai bò luộc,bo_kho
bánh mì trứng,banh_mi_op_la
trứng chiên,trung_luoc
mình có tỏi tôm,tom_xao_toi
tôi muốn nấu trứng,trung_hap
món ăn từ gà kho,canh_ga
làm món từ mì mực tôm,mi_xao_hai_san
mình có rau gà,lau_ga
món ăn từ phở bò xào,pho_bo
có gà cơm thì nấu gì,com_ga
ăn với mực cơm tôm chiên,com_chien_hai_san
món ăn từ hành bò luộc,bo_xao_hanh
gà gia đình,ga_nuong
làm món từ trứng bánh mì hấp,banh_mi_op_la
ăn với bún bò gia đình,bun_bo
món ăn từ cơm mực tôm nhanh,com_chien_hai_san
tôi muốn nấu trứng,trung_hap
nguyên liệu: mực tôm rau trộn,lau_thai
nấu đậu hũ được gì chiên,dau_hu_chien
tôi có trứng thịt chiên,thit_kho_trung
nấu hành bò được gì,bo_xao_hanh
nguyên liệu: mực mì tôm đơn giản kho,mi_xao_hai_san
làm món từ thịt chiên,thit_nuong
món ăn từ sườn trộn,suon_nuong
làm món từ đậu hũ,dau_hu_chien
có trứng bánh mì thì nấu gì kho,banh_mi_trung
làm món từ cá,ca_chien
nấu thịt trứng được gì nướng,trung_xao_thit
tôm mực rau nhanh luộc,lau_thai
món ăn từ cá,ca_chien
mình có mì tôm mực,mi_xao_hai_san
món ăn từ trứng,trung_op_la
nấu thịt trứng được gì luộc,trung_xao_thit
nguyên liệu: mì rau,mi_tron
ăn với trứng bánh mì,banh_mi_op_la
tôi có mực tôm mì xào,mi_xao_hai_san
món ăn từ trứng xào,trung_cuon
món ăn từ cá trộn,ca_kho
tôi có trứng mì hấp,mi_xao_trung
ăn với sườn,suon_kho
mình có sườn cơm hấp,com_tam
nguyên liệu: trứng mì,mi_xao_trung
tôi muốn nấu trứng thịt,trung_xao_thit
tôi muốn nấu trứng thịt ngon luộc,trung_xao_thit
nguyên liệu: trứng thịt,trung_xao_thit
có bánh mì thịt thì nấu gì,banh_mi_thit
món ăn từ cà chua đậu hũ ngon,dau_hu_sot_ca
mình có rau trứng cơm chiên,com_tron
nấu mì trứng được gì nướng,mi_xao_trung
có hành bò thì nấu gì kho,bo_xao_hanh
ăn với đậu hũ kho,dau_hu_chien
tôi có trứng xúc xích cơm đậu,com_chien_duong_chau
nấu trứng được gì kho,trung_hap
tôi có cơm gà hấp,com_ga
ăn với khoai bò cà rốt,bo_kho
ăn với thịt,thit_nuong
tôi có mì bò luộc,mi_xao_bo
nguyên liệu: tôm mực rau nhanh kho,lau_thai
món ăn từ trứng thịt kho,thit_kho_trung
nấu trứng cà chua được gì,trung_chien_ca_chua
nguyên liệu: trứng cơm hành xào,com_chien_trung
tôi muốn nấu hành trứng,trung_xao_hanh
nấu bò hành được gì,bo_xao_hanh
có gà cơm nhanh thì nấu gì,com_ga
ăn với tôm tỏi ngon,tom_xao_toi
nấu trứng đơn giản được gì,trung_op_la
mình có mì bò luộc,mi_xao_bo
đậu hũ cà chua,dau_hu_sot_ca
tôi có mì,mi_goi
tôi muốn nấu mì mực tôm xào,mi_xao_hai_san
mình có trứng cà chua,canh_trung_ca_chua
tôi có trứng thịt nướng,thit_kho_trung
làm món từ rau,canh_rau
tôi muốn nấu rau thịt,thit_xao_rau
mình có bò mì gia đình,mi_xao_bo
mình có gà,ga_nuong
đậu hũ xào,dau_hu_chien
có trứng cà chua thì nấu gì luộc,trung_chien_ca_chua
món ăn từ cá luộc,ca_chien
tôi muốn nấu hành trứng ngon xào,trung_xao_hanh
nguyên liệu: trứng,trung_luoc
mình có bánh mì trứng,banh_mi_trung
nguyên liệu: tỏi tôm ngon chiên,tom_xao_toi
nguyên liệu: phở bò chiên,pho_bo
món ăn từ trứng thịt,thit_kho_trung
tôi có hành cơm trứng,com_chien_trung
mình có gà,ga_nuong
món ăn từ đậu hũ hấp,dau_hu_chien
sườn,suon_kho
bò hành,bo_xao_hanh
tôi muốn nấu cà chua trứng,trung_chien_ca_chua
trứng đậu cơm xúc xích gia đình,com_chien_duong_chau
mình có trứng,trung_hap
mình có cà chua trứng đơn giản trộn,trung_chien_ca_chua
làm món từ cá hấp,ca_chien
nguyên liệu: trứng mì,mi_xao_trung
ăn với bò phở,pho_bo
nguyên liệu: tôm tỏi,tom_xao_toi
tôi có thịt,thit_nuong
món ăn từ rau thịt,thit_xao_rau
tôi có trứng thịt,thit_kho_trung
phở bò chiên,pho_bo
tôi muốn nấu gà,ga_nuong
nguyên liệu: cà rốt khoai bò kho,bo_kho
nguyên liệu: bò bún,bun_bo
mình có thịt,thit_nuong
trứng hành cơm,com_chien_trung
tôi muốn nấu rau luộc,canh_rau
ăn với sườn cơm,com_tam
ăn với gà cà rốt nướng,sup_ga
nguyên liệu: thịt trứng gia đình trộn,thit_kho_trung
có cơm mực tôm thì nấu gì kho,com_chien_hai_san
làm món từ thịt nhanh,thit_nuong
nguyên liệu: mì nhanh,mi_goi
có trứng thì nấu gì,trung_luoc
món ăn từ trứng,trung_hap
món ăn từ tôm mực rau,lau_thai
ăn với đậu hũ luộc,dau_hu_chien
trứng bánh mì,banh_mi_op_la
trứng cà chua luộc,trung_chien_ca_chua
rau,canh_rau
gà đơn giản xào,ga_chien
món ăn từ cá xào,ca_chien
có hành bò nhanh thì nấu gì,bo_xao_hanh
cà chua trứng,trung_chien_ca_chua
tôi có mì rau luộc,mi_tron
món ăn từ trứng cà chua chiên,trung_chien_ca_chua
có cà chua đậu hũ thì nấu gì,dau_hu_sot_ca
món ăn từ rau mì nhanh,mi_tron
ăn với trứng cà chua,trung_chien_ca_chua
tôi có rau thịt luộc,thit_xao_rau
món ăn từ mì trứng,mi_xao_trung
làm món từ trứng xào,trung_hap
có rau gà ngon thì nấu gì,lau_ga
sườn trộn,suon_nuong
tôi muốn nấu mì mực tôm ngon chiên,mi_xao_hai_san
ăn với gà cơm,com_ga
tôi muốn nấu trứng thịt xào,thit_kho_trung
nguyên liệu: cà rốt gà gia đình luộc,sup_ga
tôi có cà chua đậu hũ gia đình,dau_hu_sot_ca
ăn với sườn,suon_nuong
tôi có thịt trứng,trung_xao_thit
tôi muốn nấu sườn,suon_nuong
tôi có trứng,trung_cuon
nguyên liệu: rau gia đình xào,canh_rau
có cá nhanh thì nấu gì,ca_kho
làm món từ mì bò,mi_xao_bo
tôi có bò phở hấp,pho_bo
làm món từ trứng xào,trung_luoc
cà chua trứng,canh_trung_ca_chua
nấu mì mực tôm được gì xào,mi_xao_hai_san
gà luộc,canh_ga
ăn với trứng,trung_hap
có cơm tôm mực thì nấu gì,com_chien_hai_san
món ăn từ sườn ngon kho,suon_kho
làm món từ bún bò,bun_bo
ăn với thịt bánh mì nhanh luộc,banh_mi_thit
gà,ga_nuong
nấu cá được gì,ca_kho
bánh mì thịt nhanh hấp,banh_mi_thit
tôi có cà chua trứng,trung_chien_ca_chua
có tỏi tôm thì nấu gì xào,tom_xao_toi
ăn với trứng luộc,trung_op_la
ăn với tỏi tôm chiên,tom_xao_toi
món ăn từ cá,ca_chien
ăn với trứng thịt gia đình,trung_xao_thit
nấu gà rau nhanh được gì,lau_ga
món ăn từ trứng hành,trung_xao_hanh
làm món từ tỏi tôm ngon,tom_xao_toi
ăn với mì xào,mi_goi
tôi có trứng,trung_hap
làm món từ xúc xích trứng cơm đậu luộc,com_chien_duong_chau
món ăn từ rau,canh_rau
nấu cơm mực tôm gia đình được gì,com_chien_hai_san
nấu sườn cơm được gì xào,com_tam
tôi muốn nấu mì rau,mi_tron
món ăn từ mì rau luộc,mi_tron
món ăn từ thịt,thit_nuong
nấu mực mì tôm được gì,mi_xao_hai_san
nấu bò mì nhanh được gì kho,mi_xao_bo
nấu mì bò ngon được gì,mi_xao_bo
tôi có cơm gà nướng,com_ga
nấu cá được gì hấp,ca_chien
ăn với sườn,suon_kho
món ăn từ hành bò,bo_xao_hanh
làm món từ mì tôm mực,mi_xao_hai_san
tôi muốn nấu trứng cà chua đơn giản,trung_chien_ca_chua
mình có cà chua đậu hũ,dau_hu_sot_ca
tôi muốn nấu sườn kho,suon_kho
món ăn từ bò mì đơn giản,mi_xao_bo
mình có gà rau đơn giản nướng,lau_ga
nấu phở bò được gì,pho_bo
mình có hành trứng kho,trung_xao_hanh
nguyên liệu: cà rốt khoai bò,bo_kho
tôi muốn nấu gà,ga_nuong
tôi muốn nấu cá,ca_chien
món ăn từ mì luộc,mi_goi
có đậu hũ thì nấu gì,dau_hu_chien
thịt nhanh chiên,thit_nuong
có trứng thì nấu gì,trung_chien
nguyên liệu: rau tỏi nướng,rau_xao_toi
có rau thì nấu gì,canh_rau
tôi có tôm tỏi luộc,tom_xao_toi
gà cà rốt nướng,sup_ga
ăn với thịt,thit_nuong
món ăn từ trứng hành ngon nướng,trung_xao_hanh
có rau thì nấu gì nướng,canh_rau
mình có cá trộn,ca_chien
tôi muốn nấu rau,canh_rau
làm món từ cá đơn giản,ca_chien
mình có cà chua trứng xào,canh_trung_ca_chua
tôi muốn nấu sườn,suon_nuong
mình có sườn cơm,com_tam
hành bò,bo_xao_hanh
nguyên liệu: gà đơn giản,canh_ga
mình có cà rốt gà đơn giản kho,sup_ga
làm món từ mì rau nướng,mi_tron
tôi muốn nấu mực tôm mì,mi_xao_hai_san
tôi muốn nấu thịt trứng nướng,trung_xao_thit
nguyên liệu: tôm mì mực ngon kho,mi_xao_hai_san
món ăn từ trứng đậu cơm xúc xích hấp,com_chien_duong_chau
tôi muốn nấu hành bò xào,bo_xao_hanh
tôi muốn nấu bún bò,bun_bo
có rau thịt thì nấu gì luộc,thit_xao_rau
tôi có sườn,suon_kho
ăn với sườn gia đình,suon_nuong
món ăn từ trứng hành,trung_xao_hanh
tôi có trứng đơn giản xào,trung_chien
tôi muốn nấu gà,ga_nuong
nguyên liệu: thịt rau,thit_xao_rau
mình có mực mì tôm,mi_xao_hai_san
món ăn từ cơm trứng rau kho,com_tron
có trứng thì nấu gì kho,trung_chien
nấu cá nhanh được gì kho,ca_chien
nguyên liệu: gà cơm chiên,com_ga
tôi muốn nấu gà cà rốt gia đình,sup_ga
nguyên liệu: trứng bánh mì đơn giản,banh_mi_trung
trứng cơm rau,com_tron
có khoai bò cà rốt thì nấu gì,bo_kho
nguyên liệu: hành bò luộc,bo_xao_hanh
ăn với trứng cà chua ngon hấp,trung_chien_ca_chua
mình có trứng cơm xúc xích đậu đơn giản nướng,com_chien_duong_chau
món ăn từ trứng đậu cơm xúc xích xào,com_chien_duong_chau
mình có bánh mì trứng,banh_mi_trung
tôi có khoai cà rốt bò gia đình kho,bo_kho
ăn với hành trứng,trung_xao_hanh
mình có trứng cơm hành kho,com_chien_trung
trứng mì,mi_xao_trung
ăn với gà,ga_nuong
có cơm tôm mực gia đình thì nấu gì,com_chien_hai_san
có trứng thịt thì nấu gì,trung_xao_thit
trứng thịt,trung_xao_thit
ăn với trứng xúc xích đậu cơm,com_chien_duong_chau
làm món từ gà đơn giản,ga_nuong
làm món từ trứng cơm hành đơn giản,com_chien_trung
mì trứng gia đình,mi_xao_trung
món ăn từ trứng thịt,thit_kho_trung
nấu sườn được gì,suon_kho
món ăn từ cá xào,ca_chien
nguyên liệu: tôm tỏi,tom_xao_toi
tôi có sườn,suon_nuong
món ăn từ sườn luộc,suon_kho
ăn với trứng nhanh xào,trung_cuon
làm món từ trứng cà chua,canh_trung_ca_chua
mình có rau chiên,canh_rau
ăn với rau,canh_rau
tôi có mì,mi_goi
nguyên liệu: cà chua trứng luộc,canh_trung_ca_chua
trứng kho,trung_op_la
nguyên liệu: tôm mực rau trộn,lau_thai
trứng,trung_hap
nấu bánh mì trứng được gì hấp,banh_mi_trung
nấu mì trứng được gì nướng,mi_xao_trung
tôi có mì bò,mi_xao_bo
nguyên liệu: trứng nướng,trung_cuon
nguyên liệu: tôm mì mực kho,mi_xao_hai_san
ăn với hành bò,bo_xao_hanh
có trứng nhanh thì nấu gì,trung_op_la
nấu rau được gì nướng,canh_rau
mình có sườn luộc,suon_kho
ăn với gà rau,lau_ga
tôi có mực rau tôm luộc,lau_thai
nguyên liệu: trứng,trung_chien
nguyên liệu: thịt,thit_nuong
mình có trứng,trung_luoc
tôi có đậu hũ,dau_hu_chien
món ăn từ cá,ca_chien
nguyên liệu: thịt,thit_nuong
tôi có rau trộn,canh_rau
tôi có thịt,thit_nuong
có cơm sườn thì nấu gì,com_tam
món ăn từ sườn cơm,com_tam
mình có xúc xích cơm trứng đậu xào,com_chien_duong_chau
nấu rau được gì,canh_rau
mực tôm cơm luộc,com_chien_hai_san
ăn với rau hấp,canh_rau
có sườn ngon thì nấu gì kho,suon_nuong
ăn với gà,canh_ga
ăn với cà rốt gà xào,sup_ga
trứng hành cơm ngon,com_chien_trung
mình có trứng kho,trung_luoc
nguyên liệu: cà chua đậu hũ nhanh,dau_hu_sot_ca
nấu cà chua trứng ngon được gì,canh_trung_ca_chua
tôi có phở bò,pho_bo
tôi có trứng ngon,trung_luoc
nấu cà rốt gà được gì,sup_ga
thịt bánh mì,banh_mi_thit
tôi muốn nấu bò mì,mi_xao_bo
có mì rau thì nấu gì,mi_tron
ăn với sườn luộc,suon_nuong
làm món từ bún bò nhanh,bun_bo
tôi muốn nấu đậu hũ gia đình,dau_hu_chien
mình có bánh mì thịt đơn giản,banh_mi_thit
cơm đậu xúc xích trứng đơn giản,com_chien_duong_chau
món ăn từ bánh mì trứng nhanh,banh_mi_op_la
thịt,thit_nuong
nấu thịt được gì,thit_nuong
mực tôm mì,mi_xao_hai_san
nguyên liệu: cà chua trứng nhanh trộn,trung_chien_ca_chua
nấu mì mực tôm được gì,mi_xao_hai_san
tôi muốn nấu cơm trứng rau nướng,com_tron
làm món từ rau gà,lau_ga
nguyên liệu: trứng,trung_luoc
món ăn từ mì bò chiên,mi_xao_bo
tôi có trứng cà chua,canh_trung_ca_chua
có cà chua trứng thì nấu gì luộc,canh_trung_ca_chua
mình có cơm trứng rau nhanh,com_tron
nấu mực tôm cơm được gì,com_chien_hai_san
tôi có gà,canh_ga
ăn với rau tỏi gia đình nướng,rau_xao_toi
làm món từ xúc xích đậu trứng cơm hấp,com_chien_duong_chau
nguyên liệu: tỏi tôm nhanh,tom_xao_toi
có tôm tỏi nhanh thì nấu gì chiên,tom_xao_toi
gà chiên,ga_nuong
món ăn từ cà rốt bò khoai đơn giản hấp,bo_kho
làm món từ trứng,trung_cuon
nấu gà rau được gì,lau_ga
bò mì ngon xào,mi_xao_bo
mình có rau mì,mi_tron
món ăn từ cá xào,ca_kho
nguyên liệu: rau tỏi,rau_xao_toi
tôi có mì trứng,mi_xao_trung
món ăn từ hành trứng kho,trung_xao_hanh
ăn với mực cơm tôm,com_chien_hai_san
thịt trứng,thit_kho_trung
món ăn từ thịt bánh mì kho,banh_mi_thit
mình có gà cơm hấp,com_ga
làm món từ bò phở,pho_bo
tôi có rau mì xào,mi_tron
mình có phở bò đơn giản,pho_bo
nấu cà chua trứng được gì,trung_chien_ca_chua
tôi muốn nấu trứng luộc,trung_hap
nguyên liệu: trứng gia đình kho,trung_op_la
nấu trứng được gì,trung_chien
cà rốt gà,sup_ga
mình có cơm trứng hành,com_chien_trung
làm món từ trứng thịt ngon luộc,thit_kho_trung
nguyên liệu: thịt nhanh xào,thit_nuong
có rau tôm mực thì nấu gì,lau_thai
có cơm sườn thì nấu gì,com_tam
tôi có trứng,trung_cuon
mình có trứng bánh mì chiên,banh_mi_op_la
nấu trứng thịt được gì kho,trung_xao_thit
mình có bò bún ngon nướng,bun_bo
nguyên liệu: cà chua trứng,trung_chien_ca_chua
ăn với thịt trứng ngon,thit_kho_trung
rau,canh_rau
ăn với sườn nhanh,suon_kho
tôi muốn nấu gà xào,ga_chien
tôi có mì rau ngon,mi_tron
nấu gà rau được gì hấp,lau_ga
có cơm trứng rau thì nấu gì,com_tron
làm món từ trứng bánh mì gia đình,banh_mi_trung
có cà chua đậu hũ gia đình thì nấu gì,dau_hu_sot_ca
thịt trứng,thit_kho_trung
thịt trứng trộn,trung_xao_thit
nguyên liệu: gà luộc,ga_nuong
nguyên liệu: trứng thịt,thit_kho_trung
mình có thịt rau,thit_xao_rau
có mì đơn giản thì nấu gì,mi_goi
mình có rau mì,mi_tron
món ăn từ hành cơm trứng,com_chien_trung
nấu sườn được gì,suon_kho
tôi có cà chua trứng nhanh chiên,trung_chien_ca_chua
có bò bún thì nấu gì,bun_bo
món ăn từ trứng thịt,thit_kho_trung
tôi có bánh mì trứng,banh_mi_op_la
ăn với trứng mì,mi_xao_trung
tôi muốn nấu gà,ga_chien
món ăn từ trứng mì chiên,mi_xao_trung
nguyên liệu: rau,canh_rau
món ăn từ cà chua trứng,trung_chien_ca_chua
tôi có trứng,trung_chien
tôi có trứng thịt trộn,trung_xao_thit
có trứng bánh mì thì nấu gì xào,banh_mi_op_la
món ăn từ gà cơm,com_ga
làm món từ sườn kho,suon_nuong
rau thịt xào,thit_xao_rau
làm món từ tỏi rau luộc,rau_xao_toi
nguyên liệu: thịt,thit_nuong
nấu sườn nhanh được gì,suon_nuong
làm món từ trứng,trung_hap
nguyên liệu: đậu hũ,dau_hu_chien
có gà cơm thì nấu gì,com_ga
làm món từ mì nhanh,mi_goi
có thịt rau gia đình thì nấu gì xào,thit_xao_rau
nấu rau được gì hấp,canh_rau
có thịt trứng thì nấu gì,thit_kho_trung
mình có trứng thịt,thit_kho_trung
làm món từ trứng,trung_cuon
nấu thịt trứng được gì kho,thit_kho_trung
gà nướng,ga_chien
nguyên liệu: đậu hũ hấp,dau_hu_chien
mì bò nhanh trộn,mi_xao_bo
có sườn thì nấu gì,suon_nuong
trứng gia đình luộc,trung_luoc
nấu gà gia đình được gì,ga_nuong
tôi có cơm mực tôm,com_chien_hai_san
tôi muốn nấu cà chua trứng đơn giản trộn,canh_trung_ca_chua
mình có bò khoai cà rốt nướng,bo_kho
tôi có cá,ca_chien
làm món từ cà chua trứng gia đình,canh_trung_ca_chua
nguyên liệu: cơm hành trứng luộc,com_chien_trung
tôi muốn nấu trứng,trung_op_la
làm món từ rau mì,mi_tron
có mì rau thì nấu gì trộn,mi_tron
tôi muốn nấu gà,canh_ga
làm món từ mực cơm tôm xào,com_chien_hai_san
làm món từ bò cà rốt khoai,bo_kho
nấu bò bún được gì,bun_bo
trứng luộc,trung_op_la
nấu trứng rau cơm được gì,com_tron
hành trứng nhanh,trung_xao_hanh
tôi có trứng thịt trộn,thit_kho_trung
làm món từ cơm trứng đậu xúc xích,com_chien_duong_chau
rau,canh_rau
món ăn từ mì ngon,mi_goi
tôi muốn nấu bò khoai cà rốt,bo_kho
gà cà rốt,sup_ga
tôi muốn nấu bò mì trộn,mi_xao_bo
làm món từ mì tôm mực,mi_xao_hai_san
mình có mực cơm tôm trộn,com_chien_hai_san
món ăn từ tôm mực mì,mi_xao_hai_san
tôi muốn nấu thịt trứng đơn giản,trung_xao_thit
làm món từ cà rốt khoai bò xào,bo_kho
thịt,thit_nuong
món ăn từ gà nướng,ga_nuong
mình có thịt rau trộn,thit_xao_rau
ăn với cà chua trứng luộc,trung_chien_ca_chua
mình có trứng mì,mi_xao_trung
có cá thì nấu gì xào,ca_chien
ăn với trứng đậu xúc xích cơm trộn,com_chien_duong_chau
ăn với mì bò,mi_xao_bo
có bò mì nhanh thì nấu gì hấp,mi_xao_bo
tôi muốn nấu cá luộc,ca_chien
ăn với đậu hũ trộn,dau_hu_chien
làm món từ trứng mì ngon,mi_xao_trung
cá,ca_kho
tôi muốn nấu thịt,thit_nuong
hành trứng đơn giản chiên,trung_xao_hanh
món ăn từ trứng thịt xào,trung_xao_thit
rau thịt nhanh,thit_xao_rau
làm món từ trứng cơm hành xào,com_chien_trung
nấu gà được gì,ga_chien
mình có tôm mực cơm đơn giản nướng,com_chien_hai_san
mình có sườn,suon_nuong
mình có bánh mì trứng trộn,banh_mi_trung
làm món từ rau kho,canh_rau
nấu trứng gia đình được gì kho,trung_chien
tôi muốn nấu cơm tôm mực gia đình nướng,com_chien_hai_san
làm món từ thịt,thit_nuong
nguyên liệu: bánh mì trứng,banh_mi_op_la
làm món từ cà chua trứng gia đình,canh_trung_ca_chua
nguyên liệu: gà xào,ga_nuong
tôi muốn nấu gà rau gia đình,lau_ga
nấu trứng được gì,trung_cuon
có cá gia đình thì nấu gì,ca_kho
tôi có thịt bánh mì nhanh,banh_mi_thit
món ăn từ trứng kho,trung_hap
làm món từ bánh mì thịt luộc,banh_mi_thit
tôi muốn nấu sườn ngon,suon_nuong
có rau cơm trứng thì nấu gì,com_tron
có bún bò thì nấu gì,bun_bo
món ăn từ cà chua đậu hũ,dau_hu_sot_ca
tôi có trứng bánh mì trộn,banh_mi_trung
mình có đậu hũ kho,dau_hu_chien
tôi muốn nấu bánh mì trứng,banh_mi_trung
sườn,suon_nuong
trứng,trung_hap
ăn với bò hành kho,bo_xao_hanh
nguyên liệu: cá,ca_kho
làm món từ tôm tỏi,tom_xao_toi
nấu mì được gì kho,mi_goi
xúc xích trứng cơm đậu ngon,com_chien_duong_chau
có thịt rau thì nấu gì,thit_xao_rau
tôi có rau gà,lau_ga
trứng đơn giản,trung_luoc
bánh mì trứng chiên,banh_mi_op_la
nguyên liệu: rau trộn,canh_rau
mình có trứng,trung_hap
thịt trứng xào,trung_xao_thit
ăn với trứng hành luộc,trung_xao_hanh
món ăn từ thịt bánh mì xào,banh_mi_thit
ăn với mì trứng,mi_xao_trung
làm món từ trứng mì,mi_xao_trung
làm món từ cơm trứng hành,com_chien_trung
nguyên liệu: sườn cơm,com_tam
rau mì,mi_tron
xúc xích đậu cơm trứng,com_chien_duong_chau
ăn với sườn,suon_kho
món ăn từ đậu hũ hấp,dau_hu_chien
có cá đơn giản thì nấu gì nướng,ca_chien
nguyên liệu: bún bò,bun_bo
có bánh mì trứng thì nấu gì xào,banh_mi_op_la
có đậu hũ thì nấu gì,dau_hu_chien
món ăn từ gà,canh_ga
món ăn từ cá gia đình,ca_kho
tôi muốn nấu rau,canh_rau
có gà rau thì nấu gì luộc,lau_ga
tôi muốn nấu mì rau,mi_tron
làm món từ tôm mực rau,lau_thai
món ăn từ gà,ga_nuong
tôi có cá,ca_chien
nguyên liệu: cà rốt gà chiên,sup_ga
nguyên liệu: đậu hũ nhanh,dau_hu_chien
món ăn từ cà chua trứng hấp,canh_trung_ca_chua
nguyên liệu: rau mì gia đình luộc,mi_tron
tôi muốn nấu rau tỏi ngon hấp,rau_xao_toi
nấu rau cơm trứng được gì,com_tron
có rau tỏi nhanh thì nấu gì,rau_xao_toi
trứng thịt ngon hấp,thit_kho_trung
có trứng hành thì nấu gì,trung_xao_hanh
món ăn từ đậu hũ,dau_hu_chien
làm món từ bún bò luộc,bun_bo
ăn với cơm trứng rau đơn giản,com_tron
cá xào,ca_kho
thịt,thit_nuong
làm món từ mực tôm mì,mi_xao_hai_san
nguyên liệu: gà cơm gia đình chiên,com_ga
tôi có gà luộc,ga_nuong
gà gia đình,ga_nuong
nguyên liệu: bò mì,mi_xao_bo
nguyên liệu: thịt rau,thit_xao_rau
nguyên liệu: bò hành,bo_xao_hanh
món ăn từ trứng mì kho,mi_xao_trung
mình có cà chua đậu hũ hấp,dau_hu_sot_ca
tôi muốn nấu cà chua trứng,trung_chien_ca_chua
nấu thịt ngon được gì trộn,thit_nuong
nấu trứng thịt gia đình được gì,thit_kho_trung
tôi có rau gà trộn,lau_ga
mình có sườn cơm,com_tam
trứng hấp,trung_luoc
mình có trứng gia đình,trung_hap
làm món từ bò khoai cà rốt đơn giản,bo_kho
cà rốt gà luộc,sup_ga
món ăn từ bò phở,pho_bo
mình có cơm trứng rau,com_tron
nguyên liệu: bò bún chiên,bun_bo
tôi có bánh mì trứng,banh_mi_trung
ăn với rau mì,mi_tron
tôi có trứng,trung_op_la
món ăn từ bò hành,bo_xao_hanh
tôm cơm mực ngon,com_chien_hai_san
nguyên liệu: bò bún,bun_bo
ăn với hành bò đơn giản trộn,bo_xao_hanh
nguyên liệu: trứng mì,mi_xao_trung
nguyên liệu: sườn cơm đơn giản,com_tam
có trứng thì nấu gì,trung_luoc
có tôm cơm mực nhanh thì nấu gì,com_chien_hai_san
nấu mì bò được gì,mi_xao_bo
món ăn từ trứng,trung_hap
ăn với trứng bánh mì chiên,banh_mi_op_la
tôi muốn nấu cơm sườn,com_tam
làm món từ sườn,suon_kho
nấu mì tôm mực được gì nướng,mi_xao_hai_san
nấu thịt trứng được gì trộn,trung_xao_thit
tôi muốn nấu trứng,trung_luoc
nguyên liệu: thịt bánh mì,banh_mi_thit
nấu tỏi tôm được gì trộn,tom_xao_toi
tôi muốn nấu cà chua trứng nướng,canh_trung_ca_chua
ăn với gà,canh_ga
tôi có bò mì,mi_xao_bo
tôi muốn nấu đậu hũ cà chua,dau_hu_sot_ca
làm món từ cơm sườn hấp,com_tam
tôi muốn nấu đậu hũ cà chua,dau_hu_sot_ca
trứng hành cơm,com_chien_trung
nguyên liệu: tôm mực mì đơn giản,mi_xao_hai_san
tôi có cà chua đậu hũ nướng,dau_hu_sot_ca
tôi có hành bò,bo_xao_hanh
làm món từ mực tôm rau,lau_thai
ăn với trứng hành chiên,trung_xao_hanh
tôi có rau thịt gia đình,thit_xao_rau
xúc xích đậu trứng cơm,com_chien_duong_chau
làm món từ mì trứng đơn giản chiên,mi_xao_trung
ăn với trứng mì,mi_xao_trung
mình có rau mì,mi_tron
có gà cơm thì nấu gì nướng,com_ga
ăn với trứng bánh mì hấp,banh_mi_trung
mì mực tôm,mi_xao_hai_san
tôi có rau,canh_rau
làm món từ cá nhanh,ca_kho
ăn với bò bún xào,bun_bo
món ăn từ sườn chiên,suon_nuong
ăn với sườn cơm ngon,com_tam
nguyên liệu: gà rau,lau_ga
tôi có thịt bánh mì luộc,banh_mi_thit
tôi có trứng chiên,trung_chien
món ăn từ sườn,suon_kho
có sườn thì nấu gì,suon_kho
ăn với gà cà rốt,sup_ga
nấu đậu hũ được gì trộn,dau_hu_chien
nấu cơm đậu trứng xúc xích được gì chiên,com_chien_duong_chau
nấu tỏi rau được gì,rau_xao_toi
mình có gà trộn,ga_nuong
hành trứng,trung_xao_hanh
nấu gà được gì,canh_ga
có bò hành thì nấu gì,bo_xao_hanh
món ăn từ hành trứng đơn giản trộn,trung_xao_hanh
nấu mì được gì,mi_goi
có gà thì nấu gì,ga_chien
có mì tôm mực gia đình thì nấu gì,mi_xao_hai_san
cá,ca_kho
tôi có gà cơm luộc,com_ga
có thịt gia đình thì nấu gì,thit_nuong
món ăn từ trứng,trung_op_la
trứng nhanh,trung_cuon
có sườn thì nấu gì,suon_nuong
món ăn từ trứng cà chua trộn,trung_chien_ca_chua
ăn với trứng cà chua,canh_trung_ca_chua
tôi có bún bò đơn giản chiên,bun_bo
nguyên liệu: phở bò trộn,pho_bo
tôi muốn nấu bò mì nhanh,mi_xao_bo
có cơm sườn thì nấu gì trộn,com_tam
tôi muốn nấu gà,canh_ga
tôi có mì bò,mi_xao_bo
tôi muốn nấu hành trứng xào,trung_xao_hanh
nấu rau gà đơn giản được gì,lau_ga
có cà chua trứng gia đình thì nấu gì,canh_trung_ca_chua
có sườn thì nấu gì,suon_nuong
mình có bò mì chiên,mi_xao_bo
tôi có thịt trứng nướng,thit_kho_trung
gà,canh_ga
món ăn từ cơm sườn,com_tam
mình có trứng hấp,trung_op_la
cà chua trứng,trung_chien_ca_chua
ăn với đậu xúc xích cơm trứng trộn,com_chien_duong_chau
nấu gà được gì,ga_nuong
món ăn từ trứng hấp,trung_op_la
làm món từ thịt,thit_nuong
ăn với thịt trứng,trung_xao_thit
tôi muốn nấu tôm cơm mực,com_chien_hai_san
làm món từ rau,canh_rau
nấu rau được gì,canh_rau
mình có phở bò,pho_bo
có bò mì thì nấu gì luộc,mi_xao_bo
tôi muốn nấu trứng trộn,trung_luoc
món ăn từ cá ngon xào,ca_chien
ăn với trứng bánh mì luộc,banh_mi_trung
tôi muốn nấu hành bò,bo_xao_hanh
nấu gà được gì,ga_chien
nguyên liệu: mì nhanh,mi_goi
có mì rau thì nấu gì,mi_tron
tôi có đậu hũ cà chua,dau_hu_sot_ca
nấu bánh mì trứng được gì chiên,banh_mi_trung
làm món từ cà rốt gà,sup_ga
tôi có hành trứng trộn,trung_xao_hanh
mình có trứng cà chua,canh_trung_ca_chua
ăn với hành trứng,trung_xao_hanh
món ăn từ rau mì trộn,mi_tron
có sườn cơm thì nấu gì,com_tam
có gà cà rốt thì nấu gì nướng,sup_ga
nấu bánh mì thịt được gì,banh_mi_thit
có cá thì nấu gì,ca_kho
nguyên liệu: mì bò,mi_xao_bo
món ăn từ bò mì,mi_xao_bo
tôi có trứng mì xào,mi_xao_trung
nấu tỏi rau được gì,rau_xao_toi
nấu trứng đơn giản được gì chiên,trung_op_la
nấu cơm sườn được gì,com_tam
nấu tôm cơm mực đơn giản được gì,com_chien_hai_san
nấu trứng được gì hấp,trung_op_la
món ăn từ mì trứng ngon nướng,mi_xao_trung
cơm đậu xúc xích trứng gia đình kho,com_chien_duong_chau
nấu trứng được gì hấp,trung_luoc
nấu trứng cà chua được gì,trung_chien_ca_chua
có tôm mực mì thì nấu gì kho,mi_xao_hai_san
mình có sườn kho,suon_nuong
mình có trứng nướng,trung_op_la
ăn với mì rau,mi_tron
tôi có trứng bánh mì nhanh,banh_mi_op_la
nấu trứng cà chua ngon được gì nướng,trung_chien_ca_chua
mình có thịt rau,thit_xao_rau
tôi có bánh mì trứng,banh_mi_op_la
tôi có thịt trứng,trung_xao_thit
nguyên liệu: rau gà hấp,lau_ga
món ăn từ mì rau trộn,mi_tron
trứng nướng,trung_luoc
mình có cà rốt gà,sup_ga
tôi có trứng,trung_cuon
ăn với trứng,trung_op_la
món ăn từ trứng cơm rau,com_tron
mình có trứng,trung_op_la
mì gia đình,mi_goi
món ăn từ bánh mì thịt,banh_mi_thit
tôi có trứng xào,trung_chien
nấu cà rốt gà được gì,sup_ga
tôi có bò hành,bo_xao_hanh
món ăn từ mì rau gia đình,mi_tron
nguyên liệu: cà chua trứng xào,canh_trung_ca_chua
món ăn từ trứng cà chua,trung_chien_ca_chua
món ăn từ bò hành,bo_xao_hanh
mình có tỏi tôm,tom_xao_toi
mình có tỏi rau,rau_xao_toi
làm món từ cá xào,ca_kho
nấu rau tỏi được gì nướng,rau_xao_toi
làm món từ sườn,suon_kho
mình có phở bò,pho_bo
có trứng thì nấu gì hấp,trung_cuon
tôi có trứng,trung_chien
tôi có hành bò,bo_xao_hanh
nguyên liệu: rau,canh_rau
tôi có đậu hũ,dau_hu_chien
món ăn từ trứng cà chua nhanh,canh_trung_ca_chua
nấu cà chua trứng được gì,trung_chien_ca_chua
ăn với mì ngon nướng,mi_goi
ăn với bánh mì trứng,banh_mi_op_la
nấu tôm tỏi được gì hấp,tom_xao_toi
tôi có rau,canh_rau
ăn với gà rau,lau_ga
tôi có trứng chiên,trung_hap
làm món từ mì tôm mực ngon luộc,mi_xao_hai_san
ăn với gà cà rốt nhanh,sup_ga
làm món từ bò mì nhanh,mi_xao_bo
nấu sườn nhanh được gì,suon_nuong
làm món từ gà cà rốt nhanh,sup_ga
làm món từ bò hành,bo_xao_hanh
gà cà rốt nướng,sup_ga
tôi muốn nấu thịt,thit_nuong
ăn với trứng,trung_hap
có đậu hũ thì nấu gì,dau_hu_chien
tôi có mì,mi_goi
tôi muốn nấu hành bò xào,bo_xao_hanh
tôi muốn nấu rau cơm trứng,com_tron
mì,mi_goi
có cá thì nấu gì,ca_kho
trứng chiên,trung_chien
nấu trứng được gì,trung_op_la
làm món từ thịt trứng gia đình,thit_kho_trung
món ăn từ bò hành,bo_xao_hanh
mình có thịt rau,thit_xao_rau
món ăn từ rau trứng cơm chiên,com_tron
tôi có trứng chiên,trung_op_la
tôi muốn nấu rau thịt ngon luộc,thit_xao_rau
tôi có mì,mi_goi
làm món từ đậu hũ cà chua luộc,dau_hu_sot_ca
làm món từ cơm hành trứng ngon luộc,com_chien_trung
nguyên liệu: gà,ga_chien
làm món từ tôm tỏi đơn giản,tom_xao_toi
mình có bún bò,bun_bo
tôi muốn nấu cá,ca_kho
có cơm gà đơn giản thì nấu gì,com_ga
ăn với rau tỏi nướng,rau_xao_toi
ăn với cà rốt khoai bò,bo_kho
món ăn từ bánh mì trứng kho,banh_mi_trung
làm món từ hành trứng,trung_xao_hanh
tôi có thịt rau nướng,thit_xao_rau
nguyên liệu: xúc xích cơm trứng đậu chiên,com_chien_duong_chau
nấu trứng rau cơm đơn giản được gì,com_tron
tôi có gà hấp,canh_ga
nguyên liệu: gà rau,lau_ga
có thịt rau thì nấu gì hấp,thit_xao_rau
có trứng nhanh thì nấu gì,trung_op_la
tôi muốn nấu cơm trứng đậu xúc xích gia đình,com_chien_duong_chau
tôi muốn nấu sườn,suon_kho
làm món từ trứng thịt nướng,thit_kho_trung
thịt,thit_nuong
nấu bò khoai cà rốt nhanh được gì,bo_kho
tôi có trứng kho,trung_chien
tôi muốn nấu trứng rau cơm hấp,com_tron
làm món từ mì bò ngon,mi_xao_bo
có trứng ngon thì nấu gì,trung_op_la
tôi muốn nấu mì,mi_goi
mình có mực tôm mì xào,mi_xao_hai_san
có sườn thì nấu gì luộc,suon_nuong
tôi muốn nấu mì,mi_goi
nấu mì bò được gì,mi_xao_bo
làm món từ sườn luộc,suon_nuong
có sườn đơn giản thì nấu gì,suon_kho
tôi có gà cơm,com_ga
nguyên liệu: rau tỏi,rau_xao_toi
nấu tôm cơm mực được gì,com_chien_hai_san
làm món từ mì,mi_goi
mình có trứng thịt,thit_kho_trung
tôi có thịt trứng đơn giản hấp,trung_xao_thit
tôi muốn nấu trứng,trung_op_la
nguyên liệu: mì đơn giản,mi_goi
tôi có cà rốt khoai bò nhanh,bo_kho
làm món từ bò hành,bo_xao_hanh
tôi muốn nấu tỏi tôm hấp,tom_xao_toi
ăn với trứng xào,trung_hap
ăn với gà ngon,canh_ga
tôi muốn nấu bò mì luộc,mi_xao_bo
nguyên liệu: cà rốt khoai bò gia đình luộc,bo_kho
món ăn từ mì bò trộn,mi_xao_bo
món ăn từ đậu hũ cà chua ngon xào,dau_hu_sot_ca
ăn với mì ngon kho,mi_goi
nấu thịt bánh mì được gì hấp,banh_mi_thit
ăn với tỏi tôm đơn giản nướng,tom_xao_toi
ăn với khoai bò cà rốt,bo_kho
món ăn từ đậu hũ,dau_hu_chien
ăn với sườn,suon_nuong
tôi có sườn,suon_kho
ăn với trứng,trung_cuon
nấu trứng cà chua được gì kho,canh_trung_ca_chua
cá,ca_chien
món ăn từ rau mì,mi_tron
có mì bò ngon thì nấu gì,mi_xao_bo
nấu trứng được gì,trung_cuon
ăn với mì,mi_goi
làm món từ trứng thịt chiên,trung_xao_thit
món ăn từ gà chiên,ga_nuong
sườn,suon_kho
món ăn từ trứng cơm rau xào,com_tron
trứng,trung_cuon
nguyên liệu: trứng cà chua,trung_chien_ca_chua
tôi muốn nấu thịt hấp,thit_nuong
nấu bánh mì trứng được gì xào,banh_mi_op_la
tôi có trứng,trung_cuon
gà,ga_chien
có trứng thịt thì nấu gì hấp,trung_xao_thit
món ăn từ bò bún,bun_bo
ăn với cá,ca_chien
làm món từ trứng cơm hành xào,com_chien_trung
nấu hành bò ngon được gì xào,bo_xao_hanh
món ăn từ trứng,trung_cuon
trứng cà chua,trung_chien_ca_chua
nấu trứng được gì,trung_hap
ăn với trứng bánh mì,banh_mi_op_la
nguyên liệu: trứng bánh mì nhanh nướng,banh_mi_op_la
tôi muốn nấu gà rau chiên,lau_ga
tôi muốn nấu hành trứng,trung_xao_hanh
nguyên liệu: sườn xào,suon_nuong
tôi có trứng thịt,trung_xao_thit
món ăn từ hành trứng kho,trung_xao_hanh
nấu trứng thịt được gì,trung_xao_thit
nấu gà được gì,canh_ga
món ăn từ mì mực tôm chiên,mi_xao_hai_san
tôi có trứng xúc xích đậu cơm luộc,com_chien_duong_chau
món ăn từ cá kho,ca_kho
nguyên liệu: mì rau,mi_tron
làm món từ tôm cơm mực,com_chien_hai_san
mình có thịt rau,thit_xao_rau
nguyên liệu: gà rau trộn,lau_ga
tôi có thịt,thit_nuong
mì bò,mi_xao_bo
nấu trứng bánh mì ngon được gì,banh_mi_trung
tôi có tỏi tôm,tom_xao_toi
làm món từ cà rốt gà đơn giản,sup_ga
bánh mì trứng,banh_mi_trung
làm món từ cơm gà,com_ga
làm món từ bò phở đơn giản,pho_bo
làm món từ gà chiên,ga_nuong
tôi muốn nấu trứng đơn giản,trung_hap
tôi có bò bún,bun_bo
tôi muốn nấu trứng thịt,trung_xao_thit
ăn với trứng luộc,trung_cuon
món ăn từ bò mì,mi_xao_bo
món ăn từ đậu hũ cà chua kho,dau_hu_sot_ca
ăn với sườn cơm nhanh,com_tam
món ăn từ tôm rau mực hấp,lau_thai
có thịt trứng thì nấu gì,thit_kho_trung
trứng hấp,trung_op_la
trứng,trung_luoc
đậu hũ cà chua xào,dau_hu_sot_ca
trứng thịt ngon luộc,thit_kho_trung
ăn với cơm rau trứng,com_tron
có rau đơn giản thì nấu gì kho,canh_rau
mình có trứng bánh mì,banh_mi_op_la
làm món từ thịt trứng chiên,thit_kho_trung
nấu trứng cơm xúc xích đậu được gì,com_chien_duong_chau
hành bò nhanh kho,bo_xao_hanh
mình có mực cơm tôm,com_chien_hai_san
tôi muốn nấu trứng bánh mì luộc,banh_mi_trung
mình có cơm sườn đơn giản,com_tam
làm món từ trứng ngon,trung_cuon
tôi có hành trứng,trung_xao_hanh
nguyên liệu: trứng gia đình,trung_cuon
ăn với bánh mì trứng gia đình nướng,banh_mi_op_la
món ăn từ trứng,trung_luoc
cơm mực tôm,com_chien_hai_san
nấu gà rau được gì,lau_ga
có rau gà thì nấu gì xào,lau_ga
món ăn từ khoai bò cà rốt,bo_kho
tôi muốn nấu mì,mi_goi
làm món từ sườn đơn giản,suon_kho
làm món từ cá chiên,ca_chien
ăn với trứng bánh mì gia đình,banh_mi_op_la
ăn với bún bò,bun_bo
tôi có cá,ca_chien
món ăn từ rau mì gia đình,mi_tron
tôi muốn nấu cà chua đậu hũ,dau_hu_sot_ca
món ăn từ trứng,trung_chien
nấu trứng thịt được gì,thit_kho_trung
nấu rau mì được gì,mi_tron
mình có sườn đơn giản,suon_nuong
món ăn từ tỏi rau,rau_xao_toi
làm món từ cà chua đậu hũ xào,dau_hu_sot_ca
món ăn từ bún bò,bun_bo
nguyên liệu: hành trứng cơm đơn giản,com_chien_trung
tôi muốn nấu sườn,suon_kho
ăn với bánh mì trứng,banh_mi_trung
có mì trứng gia đình thì nấu gì xào,mi_xao_trung
làm món từ trứng cà chua,trung_chien_ca_chua
ăn với trứng nướng,trung_cuon
mình có gà trộn,ga_nuong
nấu cơm gà được gì luộc,com_ga
món ăn từ hành trứng,trung_xao_hanh
mình có trứng,trung_hap
trứng bánh mì chiên,banh_mi_trung
tôi có trứng nhanh xào,trung_hap
tôi có thịt,thit_nuong
có bò mì ngon thì nấu gì,mi_xao_bo
tỏi rau trộn,rau_xao_toi
nguyên liệu: cơm trứng xúc xích đậu nhanh,com_chien_duong_chau
món ăn từ cà chua trứng,trung_chien_ca_chua
có trứng hành cơm thì nấu gì luộc,com_chien_trung
bánh mì trứng,banh_mi_op_la
mình có đậu hũ,dau_hu_chien
có rau thịt thì nấu gì xào,thit_xao_rau
nấu gà cà rốt được gì hấp,sup_ga
tôi có bánh mì trứng,banh_mi_op_la
tôi muốn nấu trứng đơn giản,trung_hap
có mực tôm rau thì nấu gì,lau_thai
nấu gà được gì,ga_nuong
nguyên liệu: tôm mực rau ngon luộc,lau_thai
món ăn từ cá,ca_kho
nấu tỏi rau được gì xào,rau_xao_toi
nấu gà nhanh được gì,canh_ga
ăn với trứng cà chua ngon,trung_chien_ca_chua
tôi muốn nấu rau đơn giản luộc,canh_rau
làm món từ thịt,thit_nuong
mình có trứng đơn giản,trung_luoc
đậu hũ kho,dau_hu_chien
món ăn từ xúc xích đậu cơm trứng,com_chien_duong_chau
mình có trứng mì,mi_xao_trung
mình có cơm tôm mực,com_chien_hai_san
món ăn từ trứng bánh mì,banh_mi_trung
nấu hành trứng cơm được gì luộc,com_chien_trung
có sườn thì nấu gì trộn,suon_kho
làm món từ gà,ga_nuong
mình có cà chua trứng,canh_trung_ca_chua
có trứng thì nấu gì,trung_hap
làm món từ bún bò,bun_bo
tôi có tôm mực rau trộn,lau_thai
ăn với cà chua trứng trộn,canh_trung_ca_chua
có trứng cơm hành thì nấu gì kho,com_chien_trung
nấu trứng được gì chiên,trung_op_la
tôi có hành trứng,trung_xao_hanh
nguyên liệu: trứng thịt trộn,thit_kho_trung
nấu trứng cà chua được gì,canh_trung_ca_chua
tôi có gà cà rốt,sup_ga
làm món từ mực mì tôm,mi_xao_hai_san
gà,ga_nuong
có gà thì nấu gì hấp,ga_nuong
ăn với bánh mì thịt nhanh,banh_mi_thit
mình có cà rốt gà,sup_ga
có gà cơm thì nấu gì,com_ga
tôi muốn nấu mực tôm cơm,com_chien_hai_san
tôi có cơm trứng hành nướng,com_chien_trung
có thịt bánh mì đơn giản thì nấu gì chiên,banh_mi_thit
nguyên liệu: hành trứng,trung_xao_hanh
gà,ga_chien
nguyên liệu: tỏi rau,rau_xao_toi
nấu rau mì được gì trộn,mi_tron
tôi có mì rau gia đình,mi_tron
mình có bánh mì trứng chiên,banh_mi_op_la
ăn với hành trứng,trung_xao_hanh
ăn với trứng mì trộn,mi_xao_trung
ăn với trứng cà chua,canh_trung_ca_chua
nguyên liệu: trứng ngon,trung_luoc
mình có cá chiên,ca_kho
món ăn từ thịt rau gia đình,thit_xao_rau
nấu cà rốt gà được gì,sup_ga
làm món từ bún bò,bun_bo
hành trứng cơm,com_chien_trung
mình có tỏi tôm,tom_xao_toi
làm món từ thịt bánh mì kho,banh_mi_thit
tôi có tỏi tôm,tom_xao_toi
trứng,trung_hap
món ăn từ trứng hành cơm gia đình,com_chien_trung
có gà rau thì nấu gì,lau_ga
tôi muốn nấu thịt bánh mì,banh_mi_thit
ăn với rau mì,mi_tron
tôi có gà,ga_chien
làm món từ cơm trứng hành,com_chien_trung
có cơm rau trứng thì nấu gì chiên,com_tron
nấu rau tỏi được gì,rau_xao_toi
cà chua trứng,canh_trung_ca_chua
mình có thịt,thit_nuong
nguyên liệu: trứng nhanh trộn,trung_hap
tôm mực mì,mi_xao_hai_san
tôi muốn nấu mì tôm mực,mi_xao_hai_san
tôi có rau,canh_rau
làm món từ bún bò nhanh,bun_bo
tôi muốn nấu trứng,trung_cuon
mình có cá trộn,ca_kho
nấu cà chua đậu hũ được gì chiên,dau_hu_sot_ca
tôi muốn nấu trứng đậu xúc xích cơm chiên,com_chien_duong_chau
tôi có mực tôm rau hấp,lau_thai
mình có bánh mì thịt nướng,banh_mi_thit
ăn với sườn ngon,suon_kho
nấu sườn nhanh được gì,suon_nuong
nấu gà cà rốt được gì,sup_ga
nguyên liệu: rau gà,lau_ga
mình có trứng cơm rau trộn,com_tron
ăn với trứng hấp,trung_op_la
cá đơn giản chiên,ca_chien
có mì bò thì nấu gì luộc,mi_xao_bo
ăn với sườn chiên,suon_nuong
mình có cá,ca_kho
ăn với trứng cà chua,canh_trung_ca_chua
có gà đơn giản thì nấu gì,ga_chien
bò mì nhanh xào,mi_xao_bo
ăn với đậu hũ cà chua,dau_hu_sot_ca
tôi muốn nấu rau tỏi,rau_xao_toi
nguyên liệu: trứng bánh mì,banh_mi_trung
tôi muốn nấu trứng thịt luộc,trung_xao_thit
làm món từ mì bò,mi_xao_bo
món ăn từ thịt bánh mì gia đình,banh_mi_thit
làm món từ bò hành nhanh,bo_xao_hanh
tôi muốn nấu gà kho,canh_ga
nguyên liệu: mì rau gia đình,mi_tron
tôi muốn nấu mực cơm tôm,com_chien_hai_san
món ăn từ mì tôm mực,mi_xao_hai_san
cơm hành trứng,com_chien_trung
làm món từ cơm xúc xích trứng đậu xào,com_chien_duong_chau
tôm mực cơm gia đình trộn,com_chien_hai_san
nguyên liệu: cơm sườn,com_tam
có thịt gia đình thì nấu gì luộc,thit_nuong
mình có trứng gia đình,trung_chien
làm món từ mực tôm cơm,com_chien_hai_san
món ăn từ bánh mì trứng xào,banh_mi_op_la
nguyên liệu: cá kho,ca_kho
gà cà rốt,sup_ga
nguyên liệu: rau mực tôm trộn,lau_thai
sườn,suon_kho
món ăn từ trứng luộc,trung_op_la
nấu trứng thịt ngon được gì kho,thit_kho_trung
ăn với gà,ga_chien
tôi muốn nấu đậu hũ,dau_hu_chien
làm món từ trứng,trung_hap
tôi có mực rau tôm,lau_thai
món ăn từ cà rốt gà đơn giản,sup_ga
nguyên liệu: trứng cơm rau xào,com_tron
nguyên liệu: mì mực tôm hấp,mi_xao_hai_san
có trứng thì nấu gì hấp,trung_op_la
có hành trứng thì nấu gì,trung_xao_hanh
nguyên liệu: đậu hũ cà chua gia đình,dau_hu_sot_ca
nguyên liệu: gà cơm đơn giản,com_ga
có khoai bò cà rốt thì nấu gì,bo_kho
tôi có mực tôm rau chiên,lau_thai
cà rốt gà chiên,sup_ga
món ăn từ cơm mực tôm xào,com_chien_hai_san
món ăn từ đậu hũ,dau_hu_chien
món ăn từ thịt đơn giản kho,thit_nuong
tôi muốn nấu sườn,suon_nuong
làm món từ trứng,trung_chien
cơm mực tôm kho,com_chien_hai_san
rau,canh_rau
nấu đậu hũ nhanh được gì,dau_hu_chien
tôi muốn nấu tôm mực mì,mi_xao_hai_san
tôi muốn nấu trứng gia đình,trung_op_la
nguyên liệu: mì,mi_goi
nguyên liệu: cơm gà hấp,com_ga
cá ngon hấp,ca_chien
có mực cơm tôm thì nấu gì trộn,com_chien_hai_san
món ăn từ cá kho,ca_chien
mình có gà,ga_nuong
tôi có gà gia đình,ga_chien
món ăn từ cá nướng,ca_kho
món ăn từ tỏi tôm trộn,tom_xao_toi
có sườn ngon thì nấu gì trộn,suon_nuong
tôi muốn nấu cá,ca_kho
trứng cơm rau đơn giản chiên,com_tron
tôi có cơm tôm mực,com_chien_hai_san
món ăn từ mì tôm mực kho,mi_xao_hai_san
ăn với gà đơn giản luộc,ga_chien
nguyên liệu: bánh mì trứng luộc,banh_mi_trung
tỏi rau trộn,rau_xao_toi
nguyên liệu: gà đơn giản,canh_ga
làm món từ thịt trứng,thit_kho_trung
nấu trứng được gì,trung_cuon
tôi muốn nấu xúc xích trứng cơm đậu,com_chien_duong_chau
tôi muốn nấu tôm cơm mực trộn,com_chien_hai_san
trứng hành xào,trung_xao_hanh
tôi có thịt,thit_nuong
nguyên liệu: tôm mực mì,mi_xao_hai_san
làm món từ thịt bánh mì hấp,banh_mi_thit
nấu mực tôm cơm nhanh được gì,com_chien_hai_san
có trứng cà chua thì nấu gì,trung_chien_ca_chua
có rau tôm mực thì nấu gì nướng,lau_thai
có thịt rau thì nấu gì,thit_xao_rau
ăn với bò hành trộn,bo_xao_hanh
tôi có gà trộn,ga_chien
nấu bò phở được gì,pho_bo
nấu cá được gì hấp,ca_chien
nguyên liệu: cá,ca_chien
làm món từ thịt,thit_nuong
mình có trứng ngon hấp,trung_hap
nấu gà được gì kho,ga_nuong
mình có trứng hành cơm kho,com_chien_trung
ăn với cá,ca_kho
mình có cà chua đậu hũ,dau_hu_sot_ca
ăn với gà hấp,ga_chien
có rau ngon thì nấu gì,canh_rau
nguyên liệu: thịt trứng đơn giản,thit_kho_trung
có thịt trứng thì nấu gì,thit_kho_trung
món ăn từ tỏi tôm kho,tom_xao_toi
trứng cà chua gia đình,canh_trung_ca_chua
tôi muốn nấu cá luộc,ca_chien
nấu trứng nhanh được gì nướng,trung_cuon
nấu xúc xích trứng đậu cơm đơn giản được gì xào,com_chien_duong_chau
nấu mì được gì,mi_goi
tôi có trứng,trung_chien
ăn với trứng xào,trung_op_la
nguyên liệu: trứng bánh mì,banh_mi_trung
tôi muốn nấu tỏi tôm trộn,tom_xao_toi
có đậu hũ thì nấu gì chiên,dau_hu_chien
ăn với bò khoai cà rốt kho,bo_kho
món ăn từ tôm mì mực ngon,mi_xao_hai_san
có trứng mì thì nấu gì xào,mi_xao_trung
ăn với bò phở,pho_bo
nguyên liệu: sườn,suon_kho
món ăn từ thịt,thit_nuong
tôi có bánh mì trứng trộn,banh_mi_op_la
tôm tỏi kho,tom_xao_toi
có trứng thì nấu gì,trung_hap
nguyên liệu: trứng luộc,trung_chien
có trứng bánh mì thì nấu gì,banh_mi_op_la
nấu gà được gì,ga_chien
làm món từ đậu xúc xích trứng cơm luộc,com_chien_duong_chau
mình có bò bún,bun_bo
món ăn từ gà đơn giản,canh_ga
nguyên liệu: bánh mì trứng chiên,banh_mi_trung
tôi có rau trộn,canh_rau
tôi có trứng,trung_cuon
món ăn từ gà,ga_nuong
tôi muốn nấu cá,ca_kho
làm món từ cà chua trứng,canh_trung_ca_chua
tôi muốn nấu trứng bánh mì,banh_mi_op_la
mình có sườn luộc,suon_kho
làm món từ trứng thịt gia đình xào,thit_kho_trung
ăn với cơm tôm mực,com_chien_hai_san
mình có trứng hành,trung_xao_hanh
món ăn từ trứng kho,trung_chien
nấu bánh mì trứng được gì,banh_mi_op_la
trứng mì kho,mi_xao_trung
mình có thịt,thit_nuong
món ăn từ tôm mì mực,mi_xao_hai_san
tôi có gà nhanh,ga_chien
nguyên liệu: hành trứng cơm,com_chien_trung
làm món từ trứng thịt,trung_xao_thit
mình có mì trứng đơn giản,mi_xao_trung
ăn với bún bò ngon,bun_bo
nguyên liệu: cà chua trứng,canh_trung_ca_chua
mình có trứng nhanh nướng,trung_hap
món ăn từ thịt bánh mì,banh_mi_thit
nguyên liệu: trứng thịt ngon,thit_kho_trung
món ăn từ gà,ga_nuong
nấu đậu hũ được gì,dau_hu_chien
món ăn từ bò hành,bo_xao_hanh
ăn với thịt gia đình xào,thit_nuong
trứng thịt,trung_xao_thit
ăn với trứng hành gia đình,trung_xao_hanh
làm món từ cà rốt gà đơn giản luộc,sup_ga
món ăn từ phở bò chiên,pho_bo
tôi có bò hành kho,bo_xao_hanh
nguyên liệu: rau gà nướng,lau_ga
nguyên liệu: sườn cơm nhanh hấp,com_tam
nấu cá được gì,ca_kho
món ăn từ gà cà rốt xào,sup_ga
nguyên liệu: cà chua trứng luộc,canh_trung_ca_chua
có mì rau thì nấu gì xào,mi_tron
cà chua trứng nhanh luộc,canh_trung_ca_chua
làm món từ gà cà rốt,sup_ga
tôi muốn nấu tôm mực rau kho,lau_thai
sườn,suon_nuong
món ăn từ trứng hành hấp,trung_xao_hanh
món ăn từ trứng thịt,thit_kho_trung
món ăn từ cà rốt gà luộc,sup_ga
nấu tôm tỏi được gì trộn,tom_xao_toi
trứng,trung_chien
nấu gà cà rốt được gì,sup_ga
mình có rau,canh_rau
mình có cơm gà ngon trộn,com_ga
món ăn từ cá đơn giản chiên,ca_chien
tôi muốn nấu bánh mì trứng,banh_mi_trung
làm món từ sườn trộn,suon_nuong
nấu rau mì được gì,mi_tron
tôi muốn nấu đậu hũ chiên,dau_hu_chien
tôi muốn nấu thịt rau đơn giản xào,thit_xao_rau
tôi muốn nấu sườn,suon_nuong
mình có đậu hũ ngon,dau_hu_chien
ăn với bò mì chiên,mi_xao_bo
mình có trứng đậu xúc xích cơm kho,com_chien_duong_chau
tôi muốn nấu gà ngon,canh_ga
nấu gà đơn giản được gì,ga_nuong
mình có đậu hũ,dau_hu_chien
làm món từ cá chiên,ca_kho
nấu gà được gì trộn,ga_chien
mình có trứng,trung_cuon
có rau gà thì nấu gì hấp,lau_ga
cơm trứng hành,com_chien_trung
nguyên liệu: tỏi rau gia đình,rau_xao_toi
món ăn từ cá gia đình,ca_kho
làm món từ rau,canh_rau
nấu cơm trứng rau được gì,com_tron
món ăn từ phở bò,pho_bo
tôi muốn nấu tỏi rau,rau_xao_toi
nấu rau nhanh được gì trộn,canh_rau
món ăn từ hành bò,bo_xao_hanh
làm món từ gà,ga_chien
trứng,trung_luoc
nấu trứng cơm rau được gì,com_tron
nguyên liệu: tôm mực mì,mi_xao_hai_san
có tôm tỏi gia đình thì nấu gì chiên,tom_xao_toi
món ăn từ cà chua trứng,trung_chien_ca_chua
làm món từ sườn,suon_nuong
nấu cơm đậu xúc xích trứng ngon được gì,com_chien_duong_chau
làm món từ sườn cơm,com_tam
ăn với rau gia đình,canh_rau
hành trứng ngon chiên,trung_xao_hanh
nguyên liệu: khoai bò cà rốt,bo_kho
làm món từ gà rau trộn,lau_ga
ăn với cà chua trứng,trung_chien_ca_chua
có tỏi tôm thì nấu gì,tom_xao_toi
nguyên liệu: trứng mì hấp,mi_xao_trung
tôi có trứng cơm hành ngon,com_chien_trung
làm món từ sườn,suon_kho
tôi có mì nhanh,mi_goi
mình có hành trứng,trung_xao_hanh
tôi muốn nấu rau tỏi chiên,rau_xao_toi
tôi muốn nấu mì mực tôm trộn,mi_xao_hai_san
làm món từ gà ngon,ga_nuong
tôi muốn nấu trứng,trung_chien
có trứng thịt nhanh thì nấu gì kho,thit_kho_trung
nấu gà được gì,ga_nuong
mình có cà chua đậu hũ,dau_hu_sot_ca
tôi muốn nấu trứng thịt đơn giản kho,trung_xao_thit
nấu trứng cà chua được gì nướng,trung_chien_ca_chua
ăn với sườn gia đình chiên,suon_nuong
nấu trứng được gì chiên,trung_cuon
làm món từ trứng,trung_luoc
ăn với mì tôm mực luộc,mi_xao_hai_san
bò khoai cà rốt,bo_kho
nguyên liệu: mực tôm cơm,com_chien_hai_san
nấu gà được gì luộc,ga_nuong
nấu cơm rau trứng gia đình được gì chiên,com_tron
tôi có trứng cà chua,trung_chien_ca_chua
có cá thì nấu gì,ca_kho
tôi muốn nấu trứng bánh mì,banh_mi_trung
bánh mì trứng luộc,banh_mi_op_la
mình có thịt trứng,thit_kho_trung
nấu cà chua trứng đơn giản được gì nướng,canh_trung_ca_chua
mình có rau thịt,thit_xao_rau
làm món từ sườn,suon_nuong
nấu mực mì tôm được gì,mi_xao_hai_san
trứng chiên,trung_cuon
món ăn từ cà chua trứng,canh_trung_ca_chua
làm món từ bò phở,pho_bo
ăn với đậu hũ,dau_hu_chien
sườn trộn,suon_nuong
tôi có mì trứng,mi_xao_trung
tôi có trứng bánh mì,banh_mi_op_la
mình có cá,ca_kho
có trứng thì nấu gì,trung_cuon
gà cà rốt,sup_ga
nguyên liệu: mực tôm mì,mi_xao_hai_san
tôi có trứng hành gia đình,trung_xao_hanh
làm món từ cà rốt gà,sup_ga
nguyên liệu: tôm mực rau,lau_thai
trứng hấp,trung_luoc
nấu gà được gì xào,ga_nuong
có tôm tỏi thì nấu gì hấp,tom_xao_toi
ăn với gà hấp,ga_nuong
nấu sườn cơm được gì,com_tam
phở bò nhanh xào,pho_bo
có gà cơm thì nấu gì nướng,com_ga
mình có bò khoai cà rốt ngon,bo_kho
nấu trứng được gì nướng,trung_luoc
có trứng cơm rau thì nấu gì,com_tron
làm món từ thịt rau trộn,thit_xao_rau
có khoai cà rốt bò đơn giản thì nấu gì,bo_kho
tôi có đậu xúc xích trứng cơm chiên,com_chien_duong_chau
có cá thì nấu gì,ca_chien
nguyên liệu: bánh mì thịt,banh_mi_thit
mình có trứng hành,trung_xao_hanh
nguyên liệu: bánh mì trứng gia đình,banh_mi_op_la
mình có trứng,trung_cuon
món ăn từ trứng,trung_hap
tôi muốn nấu cơm sườn,com_tam
rau tỏi,rau_xao_toi
nấu bò khoai cà rốt được gì hấp,bo_kho
nguyên liệu: sườn,suon_nuong
nấu trứng rau cơm được gì,com_tron
rau nướng,canh_rau
có bò khoai cà rốt thì nấu gì luộc,bo_kho
làm món từ trứng cà chua,canh_trung_ca_chua
nấu trứng rau cơm được gì kho,com_tron
nấu gà cà rốt được gì nướng,sup_ga
tôi muốn nấu đậu hũ cà chua,dau_hu_sot_ca
có rau gà thì nấu gì xào,lau_ga
mình có sườn đơn giản,suon_nuong
trứng thịt trộn,thit_kho_trung
rau,canh_rau
làm món từ trứng mì luộc,mi_xao_trung
món ăn từ sườn,suon_kho
nguyên liệu: sườn luộc,suon_kho
trứng,trung_cuon
nấu trứng được gì,trung_hap
món ăn từ trứng hành,trung_xao_hanh
nguyên liệu: cà chua đậu hũ đơn giản chiên,dau_hu_sot_ca
món ăn từ đậu hũ chiên,dau_hu_chien
mình có bò bún,bun_bo
mình có bò phở gia đình chiên,pho_bo
nguyên liệu: gà rau,lau_ga
làm món từ gà,ga_chien
món ăn từ tỏi rau hấp,rau_xao_toi
tôi muốn nấu sườn luộc,suon_kho
trứng hành cơm,com_chien_trung
có thịt thì nấu gì,thit_nuong
có gà thì nấu gì chiên,ga_chien
mì bò,mi_xao_bo
làm món từ trứng nhanh,trung_luoc
tôi có thịt trứng,trung_xao_thit
món ăn từ bún bò chiên,bun_bo
có sườn thì nấu gì,suon_kho
có hành trứng nhanh thì nấu gì,trung_xao_hanh
ăn với trứng,trung_op_la
nấu tôm mực rau được gì,lau_thai
ăn với bò mì ngon,mi_xao_bo
nấu mì bò được gì trộn,mi_xao_bo
tỏi rau,rau_xao_toi
tôi có trứng nướng,trung_cuon
làm món từ mực tôm rau,lau_thai
bánh mì thịt,banh_mi_thit
tôi có cơm sườn đơn giản,com_tam
tôi có mì trứng luộc,mi_xao_trung
làm món từ rau mì gia đình nướng,mi_tron
bò cà rốt khoai,bo_kho
làm món từ đậu hũ kho,dau_hu_chien
nấu rau tỏi nhanh được gì,rau_xao_toi
ăn với cơm rau trứng,com_tron
tôi muốn nấu mì nướng,mi_goi
ăn với sườn cơm,com_tam
nguyên liệu: bò mì đơn giản,mi_xao_bo
món ăn từ rau thịt,thit_xao_rau
tôi muốn nấu hành bò,bo_xao_hanh
tôi muốn nấu đậu xúc xích trứng cơm,com_chien_duong_chau
làm món từ đậu trứng xúc xích cơm ngon,com_chien_duong_chau
có thịt rau thì nấu gì,thit_xao_rau
nấu tôm tỏi được gì,tom_xao_toi
rau thịt,thit_xao_rau
nguyên liệu: gà kho,canh_ga
món ăn từ trứng,trung_luoc
tôi muốn nấu trứng,trung_op_la
mình có bò hành,bo_xao_hanh
cà rốt gà,sup_ga
nấu bò hành được gì chiên,bo_xao_hanh
mình có cơm mực tôm hấp,com_chien_hai_san
có trứng ngon thì nấu gì,trung_cuon
nguyên liệu: thịt rau,thit_xao_rau
nấu bò phở được gì,pho_bo
tôi muốn nấu rau tôm mực,lau_thai
tôi có mì trứng đơn giản,mi_xao_trung
ăn với trứng,trung_cuon
món ăn từ trứng chiên,trung_luoc
món ăn từ cà chua trứng chiên,trung_chien_ca_chua
nguyên liệu: trứng trộn,trung_op_la
món ăn từ mực tôm cơm chiên,com_chien_hai_san
đậu hũ ngon nướng,dau_hu_chien
nguyên liệu: rau tỏi,rau_xao_toi
nguyên liệu: đậu hũ xào,dau_hu_chien
có rau tôm mực thì nấu gì kho,lau_thai
có cơm gà thì nấu gì,com_ga
làm món từ trứng mì xào,mi_xao_trung
mình có trứng chiên,trung_op_la
làm món từ thịt rau trộn,thit_xao_rau
ăn với gà,canh_ga
ăn với sườn cơm,com_tam
trứng bánh mì gia đình,banh_mi_trung
mình có hành trứng,trung_xao_hanh
tôi muốn nấu trứng cà chua xào,trung_chien_ca_chua
món ăn từ tôm rau mực nướng,lau_thai
nguyên liệu: cà chua đậu hũ trộn,dau_hu_sot_ca
có cà rốt gà thì nấu gì,sup_ga
mình có rau gà nhanh kho,lau_ga
nguyên liệu: trứng,trung_chien
nguyên liệu: trứng hành,trung_xao_hanh
nấu trứng được gì,trung_luoc
cơm sườn,com_tam
ăn với rau gà,lau_ga
tôi muốn nấu gà,canh_ga
nấu tỏi tôm được gì,tom_xao_toi
có trứng thì nấu gì,trung_hap
ăn với gà ngon hấp,ga_nuong
nguyên liệu: cá,ca_chien
tôi có trứng xào,trung_luoc
món ăn từ cà rốt bò khoai hấp,bo_kho
gà,ga_chien
món ăn từ thịt nướng,thit_nuong
làm món từ rau gà luộc,lau_ga
làm món từ bò khoai cà rốt,bo_kho
làm món từ trứng,trung_luoc
mình có cà chua đậu hũ,dau_hu_sot_ca
ăn với trứng xúc xích đậu cơm,com_chien_duong_chau
có rau mì thì nấu gì,mi_tron
món ăn từ trứng đơn giản chiên,trung_cuon
làm món từ mì hấp,mi_goi
mình có rau cơm trứng,com_tron
món ăn từ đậu hũ đơn giản,dau_hu_chien
làm món từ rau thịt chiên,thit_xao_rau
có cá thì nấu gì chiên,ca_kho
tôi muốn nấu hành bò,bo_xao_hanh
ăn với trứng nướng,trung_hap
ăn với cá ngon,ca_chien
tôi có trứng hành cơm,com_chien_trung
cơm gà ngon,com_ga
ăn với gà,ga_chien
làm món từ tôm mực cơm đơn giản,com_chien_hai_san
tôi muốn nấu trứng xào,trung_cuon
làm món từ bò mì xào,mi_xao_bo
tôi có rau chiên,canh_rau
có gà thì nấu gì hấp,canh_ga
món ăn từ trứng thịt,thit_kho_trung
tôi muốn nấu sườn ngon,suon_kho
món ăn từ gà,canh_ga
món ăn từ gà cơm,com_ga
nấu thịt trứng được gì,thit_kho_trung
tôi muốn nấu trứng kho,trung_op_la
mình có trứng bánh mì,banh_mi_op_la
làm món từ sườn,suon_kho
món ăn từ đậu hũ kho,dau_hu_chien
ăn với đậu cơm trứng xúc xích kho,com_chien_duong_chau
cá,ca_chien
tỏi rau,rau_xao_toi
làm món từ tỏi rau,rau_xao_toi
nguyên liệu: phở bò xào,pho_bo
ăn với trứng,trung_luoc
tỏi rau,rau_xao_toi
mình có hành trứng cơm,com_chien_trung
nấu mực mì tôm được gì,mi_xao_hai_san
làm món từ cà chua trứng,trung_chien_ca_chua
mình có bò bún xào,bun_bo
nấu cà chua trứng được gì,trung_chien_ca_chua
nguyên liệu: rau trứng cơm ngon,com_tron
nấu cà chua trứng được gì,canh_trung_ca_chua
mình có thịt trứng kho,trung_xao_thit
có sườn thì nấu gì luộc,suon_nuong
cá ngon,ca_chien
tỏi tôm,tom_xao_toi
có trứng thịt thì nấu gì,thit_kho_trung
làm món từ thịt gia đình,thit_nuong
mình có thịt trứng gia đình chiên,thit_kho_trung
khoai bò cà rốt gia đình xào,bo_kho
tôi có bò khoai cà rốt,bo_kho
nấu bò hành được gì,bo_xao_hanh
nấu trứng được gì,trung_chien
tôi có rau luộc,canh_rau
nấu mì được gì,mi_goi
làm món từ đậu cơm trứng xúc xích chiên,com_chien_duong_chau
có mì tôm mực gia đình thì nấu gì,mi_xao_hai_san
tôi có cà chua trứng ngon,canh_trung_ca_chua
bún bò,bun_bo
ăn với bánh mì trứng nhanh,banh_mi_op_la
nguyên liệu: mì tôm mực,mi_xao_hai_san
ăn với tỏi tôm nướng,tom_xao_toi
thịt rau xào,thit_xao_rau
ăn với mực tôm rau,lau_thai
tôi muốn nấu rau thịt luộc,thit_xao_rau
làm món từ đậu hũ xào,dau_hu_chien
món ăn từ gà ngon,canh_ga
làm món từ trứng hành,trung_xao_hanh
ăn với mì bò ngon,mi_xao_bo
làm món từ tôm mực cơm,com_chien_hai_san
tôi muốn nấu cơm gà,com_ga
mình có tỏi tôm kho,tom_xao_toi
tôi muốn nấu trứng cà chua,trung_chien_ca_chua
có rau tỏi thì nấu gì,rau_xao_toi
tôi có rau tỏi gia đình,rau_xao_toi
ăn với trứng ngon xào,trung_hap
món ăn từ trứng cà chua đơn giản,trung_chien_ca_chua
ăn với gà,canh_ga
làm món từ trứng bánh mì trộn,banh_mi_trung
làm món từ rau trứng cơm hấp,com_tron
nấu rau thịt được gì,thit_xao_rau
mình có đậu hũ cà chua trộn,dau_hu_sot_ca
tôi muốn nấu đậu hũ xào,dau_hu_chien
nguyên liệu: trứng,trung_luoc
nguyên liệu: trứng hấp,trung_luoc
có cà chua trứng thì nấu gì nướng,trung_chien_ca_chua
nấu bánh mì trứng gia đình được gì xào,banh_mi_trung
mình có trứng kho,trung_op_la
ăn với tỏi rau đơn giản,rau_xao_toi
tôi có phở bò kho,pho_bo
ăn với rau gà hấp,lau_ga
trứng nướng,trung_op_la
nấu trứng thịt được gì hấp,thit_kho_trung
làm món từ cà chua đậu hũ luộc,dau_hu_sot_ca
món ăn từ trứng nhanh,trung_cuon
có mực tôm rau gia đình thì nấu gì,lau_thai
tôi muốn nấu cà rốt khoai bò trộn,bo_kho
nấu gà cơm được gì,com_ga
có trứng thì nấu gì trộn,trung_chien
món ăn từ trứng thịt hấp,trung_xao_thit
nguyên liệu: sườn,suon_nuong
có hành trứng ngon thì nấu gì nướng,trung_xao_hanh
ăn với sườn kho,suon_kho
ăn với xúc xích đậu trứng cơm,com_chien_duong_chau
tôi có bánh mì trứng trộn,banh_mi_op_la
ăn với thịt trứng chiên,trung_xao_thit
ăn với đậu hũ,dau_hu_chien
tôi muốn nấu trứng hành cơm nhanh,com_chien_trung
bò hành,bo_xao_hanh
ăn với thịt xào,thit_nuong
nguyên liệu: trứng thịt,trung_xao_thit
có thịt bánh mì đơn giản thì nấu gì nướng,banh_mi_thit
tôi có cà chua trứng trộn,canh_trung_ca_chua
tôi có hành bò ngon kho,bo_xao_hanh
món ăn từ tôm tỏi trộn,tom_xao_toi
tôi có trứng bánh mì kho,banh_mi_op_la
ăn với hành bò kho,bo_xao_hanh
tôi có bò cà rốt khoai trộn,bo_kho
món ăn từ cá nhanh,ca_chien
mình có sườn,suon_nuong
cá trộn,ca_kho
rau gà nướng,lau_ga
ăn với trứng xào,trung_chien
mình có trứng,trung_luoc
ăn với trứng cà chua trộn,trung_chien_ca_chua
làm món từ phở bò trộn,pho_bo
nguyên liệu: phở bò ngon,pho_bo
có cà chua trứng thì nấu gì luộc,canh_trung_ca_chua
nguyên liệu: rau,canh_rau
có thịt trứng thì nấu gì,thit_kho_trung
làm món từ tỏi tôm,tom_xao_toi
ăn với đậu hũ,dau_hu_chien
làm món từ xúc xích cơm đậu trứng chiên,com_chien_duong_chau
nấu bò cà rốt khoai ngon được gì chiên,bo_kho
nấu trứng được gì nướng,trung_hap
tôi có mì rau kho,mi_tron
rau gia đình,canh_rau
tôi muốn nấu cơm sườn ngon,com_tam
tôi có cà chua trứng,canh_trung_ca_chua
mình có mì bò,mi_xao_bo
nấu mực tôm mì được gì trộn,mi_xao_hai_san
nguyên liệu: thịt,thit_nuong
ăn với thịt rau,thit_xao_rau
nguyên liệu: cà rốt khoai bò,bo_kho
món ăn từ mì bò,mi_xao_bo
tôi có trứng bánh mì,banh_mi_trung
tôi có trứng thịt nướng,thit_kho_trung
ăn với tôm cơm mực nhanh,com_chien_hai_san
nguyên liệu: cà rốt bò khoai,bo_kho
cà rốt khoai bò,bo_kho
ăn với sườn cơm trộn,com_tam
món ăn từ đậu hũ chiên,dau_hu_chien
tôi muốn nấu sườn,suon_nuong
có trứng thì nấu gì,trung_cuon
mình có rau mì chiên,mi_tron
làm món từ hành trứng đơn giản hấp,trung_xao_hanh
tôi muốn nấu trứng cà chua kho,trung_chien_ca_chua
có cà chua đậu hũ thì nấu gì chiên,dau_hu_sot_ca
món ăn từ mì trứng,mi_xao_trung
món ăn từ cà chua trứng,canh_trung_ca_chua
món ăn từ trứng,trung_cuon
nấu sườn được gì trộn,suon_nuong
tôi có cá,ca_kho
mình có rau nướng,canh_rau
món ăn từ trứng,trung_hap
ăn với cơm mực tôm,com_chien_hai_san
hành trứng trộn,trung_xao_hanh
ăn với trứng,trung_op_la
tôi có cá,ca_chien
món ăn từ rau cơm trứng,com_tron
tôi có khoai bò cà rốt,bo_kho
ăn với trứng bánh mì,banh_mi_op_la
nấu trứng cà chua được gì,trung_chien_ca_chua
mình có bún bò chiên,bun_bo
mình có hành trứng chiên,trung_xao_hanh
ăn với bò bún,bun_bo
nấu gà cà rốt gia đình được gì,sup_ga
món ăn từ thịt trứng,trung_xao_thit
nấu gà được gì,ga_nuong
nấu bò cà rốt khoai được gì luộc,bo_kho
có cá thì nấu gì,ca_chien
tôi có gà cơm gia đình,com_ga
cá trộn,ca_chien
ăn với sườn,suon_kho
nguyên liệu: cơm sườn chiên,com_tam
tôi có trứng,trung_cuon
nguyên liệu: trứng đơn giản chiên,trung_op_la
tôi muốn nấu mì trứng chiên,mi_xao_trung
nguyên liệu: tôm tỏi hấp,tom_xao_toi
trứng gia đình,trung_luoc
có thịt rau thì nấu gì,thit_xao_rau
trứng cơm rau luộc,com_tron
nguyên liệu: hành bò nhanh trộn,bo_xao_hanh
ăn với mì nhanh hấp,mi_goi
mình có gà cà rốt,sup_ga
nấu trứng cơm rau được gì chiên,com_tron
có gà thì nấu gì,ga_nuong
ăn với khoai cà rốt bò,bo_kho
ăn với mì rau chiên,mi_tron
mình có sườn cơm trộn,com_tam
tôi muốn nấu cơm gà,com_ga
tôi muốn nấu cá kho,ca_chien
tôi muốn nấu rau trứng cơm xào,com_tron
có khoai cà rốt bò thì nấu gì,bo_kho
có trứng thì nấu gì,trung_cuon
mì rau chiên,mi_tron
nấu trứng được gì,trung_chien
tôi có mì,mi_goi
làm món từ mì trứng,mi_xao_trung
có mì nhanh thì nấu gì trộn,mi_goi
tôi có cơm mực tôm,com_chien_hai_san
có trứng rau cơm thì nấu gì,com_tron
ăn với trứng xúc xích đậu cơm,com_chien_duong_chau
ăn với rau gà,lau_ga
nấu trứng cà chua đơn giản được gì hấp,trung_chien_ca_chua
có sườn nhanh thì nấu gì,suon_kho
nguyên liệu: tỏi rau kho,rau_xao_toi
nấu đậu hũ được gì,dau_hu_chien
làm món từ cơm sườn,com_tam
trứng gia đình,trung_op_la
mình có gà nướng,ga_chien
tôi có cà rốt gà nhanh,sup_ga
nấu gà được gì,ga_nuong
mình có rau mì ngon,mi_tron
nấu đậu cơm xúc xích trứng ngon được gì nướng,com_chien_duong_chau
nguyên liệu: bò bún kho,bun_bo
có hành bò thì nấu gì nướng,bo_xao_hanh
đậu hũ,dau_hu_chien
mình có trứng,trung_cuon
nấu bò khoai cà rốt gia đình được gì xào,bo_kho
sườn luộc,suon_nuong
nguyên liệu: trứng chiên,trung_luoc
có gà cà rốt thì nấu gì nướng,sup_ga
mình có rau nướng,canh_rau
tôi muốn nấu cơm tôm mực kho,com_chien_hai_san
rau thịt,thit_xao_rau
cá kho,ca_kho
mực tôm cơm,com_chien_hai_san
mình có cà rốt khoai bò luộc,bo_kho
tôi muốn nấu cơm trứng rau nhanh nướng,com_tron
làm món từ bún bò,bun_bo
tôi có mì,mi_goi
mình có trứng đơn giản chiên,trung_cuon
tôi có cơm gà luộc,com_ga
nấu tôm tỏi ngon được gì,tom_xao_toi
tôi muốn nấu gà,ga_chien
món ăn từ mì trứng,mi_xao_trung
nguyên liệu: rau trứng cơm,com_tron
món ăn từ bánh mì thịt,banh_mi_thit
tôi có cà rốt gà,sup_ga
tôi muốn nấu cà chua đậu hũ chiên,dau_hu_sot_ca
tôi muốn nấu gà,ga_chien
tôi có cà chua trứng xào,trung_chien_ca_chua
tôi muốn nấu rau thịt,thit_xao_rau
trứng,trung_hap
có trứng thì nấu gì,trung_op_la
nấu tôm rau mực được gì chiên,lau_thai
rau thịt gia đình,thit_xao_rau
nguyên liệu: cà chua đậu hũ luộc,dau_hu_sot_ca
mì trứng,mi_xao_trung
trứng cà chua,canh_trung_ca_chua
ăn với thịt bánh mì gia đình,banh_mi_thit
tôi có sườn,suon_kho
tôi muốn nấu trứng,trung_chien
ăn với rau gà chiên,lau_ga
tôi có phở bò nướng,pho_bo
tôi muốn nấu cơm mực tôm trộn,com_chien_hai_san
nguyên liệu: trứng xào,trung_chien
món ăn từ sườn luộc,suon_kho
rau thịt kho,thit_xao_rau
ăn với gà rau,lau_ga
tôi muốn nấu cà chua đậu hũ xào,dau_hu_sot_ca
làm món từ cá nhanh,ca_chien
ăn với bò mì nướng,mi_xao_bo
tôi có hành trứng,trung_xao_hanh
tôi muốn nấu trứng nhanh,trung_hap
có bánh mì trứng thì nấu gì,banh_mi_trung
món ăn từ sườn cơm chiên,com_tam
có gà thì nấu gì,ga_chien
ăn với trứng bánh mì ngon,banh_mi_trung
tôi muốn nấu rau,canh_rau
nấu mì được gì,mi_goi
món ăn từ thịt bánh mì,banh_mi_thit
nấu bò hành được gì,bo_xao_hanh
làm món từ trứng ngon,trung_chien
món ăn từ trứng đơn giản,trung_luoc
ăn với tôm mực cơm,com_chien_hai_san
nguyên liệu: gà,ga_nuong
nấu tôm tỏi được gì,tom_xao_toi
nguyên liệu: gà xào,ga_chien
thịt đơn giản,thit_nuong
nguyên liệu: sườn,suon_kho
nấu trứng được gì,trung_hap
tôi có tỏi tôm chiên,tom_xao_toi
làm món từ cơm sườn luộc,com_tam
món ăn từ mì,mi_goi
nấu rau được gì,canh_rau
tỏi rau,rau_xao_toi
có bánh mì thịt đơn giản thì nấu gì,banh_mi_thit
nguyên liệu: rau cơm trứng nướng,com_tron
món ăn từ thịt rau,thit_xao_rau
mình có sườn cơm,com_tam
nấu trứng được gì nướng,trung_hap
nguyên liệu: trứng mì luộc,mi_xao_trung
nấu đậu hũ cà chua được gì,dau_hu_sot_ca
ăn với sườn đơn giản,suon_kho
món ăn từ cà chua trứng luộc,canh_trung_ca_chua
món ăn từ bò bún trộn,bun_bo
tôi muốn nấu tôm tỏi nhanh,tom_xao_toi
tôi muốn nấu đậu hũ ngon trộn,dau_hu_chien
ăn với trứng bánh mì nướng,banh_mi_trung
nấu thịt bánh mì được gì,banh_mi_thit
ăn với tôm mực cơm,com_chien_hai_san
có trứng hành cơm thì nấu gì,com_chien_trung
làm món từ đậu hũ,dau_hu_chien
mình có trứng,trung_luoc
làm món từ mì,mi_goi
nguyên liệu: tôm mì mực,mi_xao_hai_san
tôi muốn nấu trứng,trung_op_la
tôi muốn nấu gà rau,lau_ga
nguyên liệu: sườn,suon_nuong
mình có mực rau tôm luộc,lau_thai
ăn với thịt rau,thit_xao_rau
trứng bánh mì đơn giản,banh_mi_op_la
có thịt nhanh thì nấu gì,thit_nuong
trứng kho,trung_op_la
nấu thịt trứng được gì,trung_xao_thit
có trứng thì nấu gì,trung_luoc
tôi có trứng rau cơm nướng,com_tron
có đậu hũ thì nấu gì,dau_hu_chien
có khoai bò cà rốt thì nấu gì chiên,bo_kho
tôi muốn nấu khoai bò cà rốt gia đình chiên,bo_kho
có cá thì nấu gì trộn,ca_kho
ăn với rau,canh_rau
mình có tôm mực rau,lau_thai
mình có thịt trứng,trung_xao_thit
tôi muốn nấu trứng,trung_chien
tôi muốn nấu trứng,trung_cuon
nấu trứng đơn giản được gì xào,trung_hap
sườn cơm kho,com_tam
món ăn từ rau mì,mi_tron
tôi muốn nấu cá,ca_kho
nguyên liệu: gà luộc,canh_ga
trứng,trung_chien
làm món từ gà chiên,ga_chien
bánh mì trứng,banh_mi_trung
nấu bánh mì trứng gia đình được gì,banh_mi_trung
món ăn từ trứng trộn,trung_hap
nguyên liệu: xúc xích cơm đậu trứng gia đình nướng,com_chien_duong_chau
làm món từ rau thịt gia đình,thit_xao_rau
tôi muốn nấu mì,mi_goi
món ăn từ trứng,trung_hap
nấu tôm mực rau được gì hấp,lau_thai
nguyên liệu: bánh mì thịt,banh_mi_thit
làm món từ mì mực tôm luộc,mi_xao_hai_san
món ăn từ bún bò,bun_bo
món ăn từ mì bò gia đình nướng,mi_xao_bo
gà cơm,com_ga
nấu thịt trứng được gì hấp,thit_kho_trung
mực rau tôm,lau_thai
nấu rau được gì chiên,canh_rau
tôi có tôm cơm mực chiên,com_chien_hai_san
tôi có cơm rau trứng nướng,com_tron
mình có bò bún,bun_bo
mình có trứng,trung_chien
món ăn từ cá xào,ca_chien
nấu rau mực tôm được gì,lau_thai
tôi muốn nấu gà rau,lau_ga
ăn với trứng chiên,trung_hap
tôi có thịt rau,thit_xao_rau
mình có trứng cà chua,canh_trung_ca_chua
tôi muốn nấu trứng hành cơm,com_chien_trung
nấu xúc xích trứng cơm đậu được gì,com_chien_duong_chau
nấu sườn đơn giản được gì,suon_kho
nấu trứng nhanh được gì,trung_hap
nguyên liệu: cơm gà,com_ga
tôi có rau gà,lau_ga
đậu hũ,dau_hu_chien
có tôm mì mực thì nấu gì luộc,mi_xao_hai_san
tôi có tỏi tôm,tom_xao_toi
làm món từ mì mực tôm trộn,mi_xao_hai_san
có trứng thịt thì nấu gì,thit_kho_trung
nguyên liệu: trứng,trung_hap
làm món từ khoai bò cà rốt nhanh,bo_kho
mình có mực tôm mì,mi_xao_hai_san
món ăn từ tỏi rau luộc,rau_xao_toi
nguyên liệu: thịt bánh mì,banh_mi_thit
làm món từ mì nhanh hấp,mi_goi
nguyên liệu: gà,ga_nuong
tôi có hành trứng trộn,trung_xao_hanh
món ăn từ gà,ga_chien
món ăn từ rau mực tôm,lau_thai
nguyên liệu: bánh mì trứng,banh_mi_trung
món ăn từ bò hành trộn,bo_xao_hanh
món ăn từ sườn luộc,suon_nuong
mì trứng,mi_xao_trung
món ăn từ thịt trứng xào,thit_kho_trung
mình có trứng cà chua,canh_trung_ca_chua
ăn với trứng,trung_hap
làm món từ gà cà rốt hấp,sup_ga
có rau mực tôm thì nấu gì kho,lau_thai
nấu tỏi rau đơn giản được gì,rau_xao_toi
làm món từ rau mì đơn giản,mi_tron
nguyên liệu: cà rốt bò khoai kho,bo_kho
món ăn từ sườn xào,suon_nuong
nấu đậu hũ cà chua được gì,dau_hu_sot_ca
tôi muốn nấu gà cà rốt đơn giản,sup_ga
ăn với đậu hũ xào,dau_hu_chien
món ăn từ rau tỏi kho,rau_xao_toi
làm món từ cà rốt gà xào,sup_ga
tôi muốn nấu trứng thịt chiên,thit_kho_trung
mình có mì tôm mực chiên,mi_xao_hai_san
trứng mì xào,mi_xao_trung
món ăn từ tỏi tôm luộc,tom_xao_toi
mình có cơm gà,com_ga
tôi muốn nấu cá,ca_chien
sườn ngon,suon_nuong
bánh mì trứng gia đình,banh_mi_trung
ăn với trứng,trung_cuon
món ăn từ cơm trứng rau nhanh trộn,com_tron
tôi muốn nấu rau mực tôm gia đình,lau_thai
nấu đậu hũ được gì chiên,dau_hu_chien
có gà đơn giản thì nấu gì chiên,ga_chien
ăn với bò mì luộc,mi_xao_bo
tôi muốn nấu đậu hũ,dau_hu_chien
có trứng thì nấu gì,trung_luoc
trứng,trung_hap
làm món từ trứng,trung_hap
mình có trứng chiên,trung_op_la
món ăn từ cà rốt khoai bò,bo_kho
món ăn từ mực rau tôm luộc,lau_thai
nấu trứng được gì luộc,trung_luoc
tôi có gà rau,lau_ga
nguyên liệu: hành cơm trứng,com_chien_trung
mình có rau,canh_rau
nấu cà chua trứng được gì,canh_trung_ca_chua
nguyên liệu: bún bò hấp,bun_bo
tôi muốn nấu sườn gia đình,suon_kho
nấu thịt rau được gì luộc,thit_xao_rau
tôi có thịt trứng chiên,trung_xao_thit
nguyên liệu: bò bún,bun_bo
trứng,trung_hap
món ăn từ mì bò xào,mi_xao_bo
tôi muốn nấu trứng bánh mì,banh_mi_trung
món ăn từ trứng,trung_chien
tôi có gà gia đình chiên,ga_nuong
mình có trứng bánh mì nướng,banh_mi_op_la
nấu trứng được gì,trung_chien
tôi muốn nấu trứng bánh mì luộc,banh_mi_trung
làm món từ bò bún nhanh,bun_bo
nấu thịt rau được gì hấp,thit_xao_rau
tôi có bánh mì thịt nhanh,banh_mi_thit
mình có cơm gà trộn,com_ga
tôi muốn nấu mì trứng,mi_xao_trung
tôi có sườn,suon_kho
ăn với thịt trứng kho,trung_xao_thit
nguyên liệu: cà chua trứng,trung_chien_ca_chua
ăn với mì xào,mi_goi
làm món từ tỏi rau,rau_xao_toi
nấu đậu hũ ngon được gì,dau_hu_chien
tôi có cá luộc,ca_chien
nguyên liệu: cơm trứng rau gia đình hấp,com_tron
ăn với cà rốt khoai bò nướng,bo_kho
nấu đậu hũ được gì,dau_hu_chien
món ăn từ trứng hành cơm luộc,com_chien_trung
nấu gà được gì,ga_nuong
tôi có bánh mì thịt nhanh nướng,banh_mi_thit
nguyên liệu: trứng cà chua,canh_trung_ca_chua
nguyên liệu: bánh mì trứng,banh_mi_op_la
có sườn thì nấu gì,suon_nuong
món ăn từ thịt,thit_nuong
tôi muốn nấu rau gà hấp,lau_ga
tôi muốn nấu gà nướng,canh_ga
món ăn từ thịt hấp,thit_nuong
món ăn từ bánh mì trứng,banh_mi_op_la
tôi có trứng,trung_luoc
tôi muốn nấu bò bún,bun_bo
tôi có bánh mì trứng trộn,banh_mi_op_la
tôi muốn nấu trứng hấp,trung_cuon
tỏi rau,rau_xao_toi
món ăn từ thịt hấp,thit_nuong
cơm gà,com_ga
có thịt trứng nhanh thì nấu gì hấp,trung_xao_thit
làm món từ trứng cơm xúc xích đậu,com_chien_duong_chau
ăn với gà rau,lau_ga
ăn với mực cơm tôm kho,com_chien_hai_san
tôi muốn nấu sườn cơm,com_tam
món ăn từ cà rốt gà nướng,sup_ga
ăn với mì bò,mi_xao_bo
tôi muốn nấu bò bún nhanh trộn,bun_bo
món ăn từ rau thịt kho,thit_xao_rau
tôi muốn nấu rau tỏi hấp,rau_xao_toi
mình có trứng bánh mì,banh_mi_trung
tôi muốn nấu tỏi rau,rau_xao_toi
làm món từ trứng thịt,thit_kho_trung
mình có tôm mì mực,mi_xao_hai_san
bò cà rốt khoai nướng,bo_kho
món ăn từ cà rốt gà trộn,sup_ga
hành trứng,trung_xao_hanh
làm món từ trứng,trung_hap
tôi có đậu xúc xích trứng cơm kho,com_chien_duong_chau
nấu trứng thịt được gì,trung_xao_thit
món ăn từ mì rau nhanh,mi_tron
làm món từ bò hành trộn,bo_xao_hanh
mình có trứng,trung_op_la
món ăn từ hành bò,bo_xao_hanh
mình có gà,ga_chien
nguyên liệu: thịt,thit_nuong
có tôm mực cơm thì nấu gì,com_chien_hai_san
ăn với thịt,thit_nuong
tôi có rau mì gia đình nướng,mi_tron
có thịt trứng thì nấu gì luộc,thit_kho_trung
có trứng hành thì nấu gì,trung_xao_hanh
ăn với bò phở ngon trộn,pho_bo
tôi có mì nhanh,mi_goi
làm món từ trứng kho,trung_chien
mình có mì xào,mi_goi
mình có cơm mực tôm,com_chien_hai_san
tôi có trứng cà chua xào,canh_trung_ca_chua
tôi muốn nấu bò hành ngon luộc,bo_xao_hanh
làm món từ trứng cơm hành nướng,com_chien_trung
tôi có trứng hành,trung_xao_hanh
tôi muốn nấu trứng hành,trung_xao_hanh
làm món từ sườn cơm,com_tam
mình có gà luộc,ga_nuong
cà chua trứng đơn giản,canh_trung_ca_chua
làm món từ thịt bánh mì nhanh,banh_mi_thit
làm món từ gà,ga_nuong
tôi có bánh mì trứng,banh_mi_op_la
món ăn từ trứng trộn,trung_op_la
tôi có đậu hũ cà chua nướng,dau_hu_sot_ca
tôi muốn nấu trứng cà chua,trung_chien_ca_chua
nấu trứng được gì,trung_hap
gà,ga_nuong
tôi muốn nấu mì rau,mi_tron
ăn với trứng thịt hấp,thit_kho_trung
nấu mì trứng được gì trộn,mi_xao_trung
nguyên liệu: xúc xích đậu cơm trứng ngon,com_chien_duong_chau
tôi có cá,ca_kho
món ăn từ bò bún,bun_bo
tôi muốn nấu cá trộn,ca_kho
bánh mì thịt gia đình xào,banh_mi_thit
có hành bò gia đình thì nấu gì,bo_xao_hanh
mình có cá,ca_chien
ăn với bánh mì thịt,banh_mi_thit
tôi muốn nấu gà rau,lau_ga
có mì rau thì nấu gì,mi_tron
có rau thịt nhanh thì nấu gì,thit_xao_rau
có sườn thì nấu gì,suon_kho
ăn với thịt rau đơn giản,thit_xao_rau
có cà rốt khoai bò thì nấu gì,bo_kho
làm món từ mì hấp,mi_goi
món ăn từ bò hành,bo_xao_hanh
ăn với cà rốt gà nướng,sup_ga
làm món từ thịt bánh mì,banh_mi_thit
mình có cơm mực tôm luộc,com_chien_hai_san
nấu trứng được gì kho,trung_luoc
món ăn từ trứng,trung_cuon
tôi muốn nấu cơm mực tôm luộc,com_chien_hai_san
mình có trứng thịt,thit_kho_trung
thịt trứng,trung_xao_thit
mình có bò mì,mi_xao_bo
tôi có rau,canh_rau
ăn với cá nhanh,ca_kho
nấu rau gà được gì,lau_ga
nguyên liệu: sườn,suon_kho
nấu trứng hành được gì,trung_xao_hanh
nguyên liệu: cá,ca_chien
trứng,trung_cuon
mình có cơm mực tôm xào,com_chien_hai_san
có trứng đơn giản thì nấu gì,trung_op_la
tôi muốn nấu thịt trứng,thit_kho_trung
mình có sườn đơn giản,suon_kho
cơm gà,com_ga
mình có cơm sườn,com_tam
bánh mì trứng,banh_mi_op_la
tôi muốn nấu bò bún gia đình,bun_bo
món ăn từ mì trứng nhanh,mi_xao_trung
có tôm rau mực thì nấu gì,lau_thai
ăn với mực cơm tôm luộc,com_chien_hai_san
nấu cá ngon được gì,ca_chien
nấu cá được gì,ca_chien
ăn với phở bò gia đình xào,pho_bo
nguyên liệu: cà chua đậu hũ gia đình,dau_hu_sot_ca
nấu trứng được gì xào,trung_chien
tôi có bò hành,bo_xao_hanh
mực cơm tôm luộc,com_chien_hai_san
nấu bánh mì trứng được gì trộn,banh_mi_op_la
tôi có sườn,suon_nuong
tôi muốn nấu gà cơm trộn,com_ga
tôi muốn nấu gà,ga_chien
nấu bò cà rốt khoai được gì,bo_kho
có đậu hũ cà chua thì nấu gì,dau_hu_sot_ca
tôi muốn nấu đậu hũ,dau_hu_chien
mình có trứng gia đình,trung_chien
làm món từ rau tỏi,rau_xao_toi
ăn với bò bún nhanh trộn,bun_bo
ăn với gà,ga_chien
làm món từ cơm sườn,com_tam
nấu mực tôm mì được gì,mi_xao_hai_san
nguyên liệu: trứng hấp,trung_op_la
nguyên liệu: bánh mì trứng,banh_mi_op_la
mình có trứng,trung_op_la
nấu cơm mực tôm nhanh được gì,com_chien_hai_san
làm món từ bò bún kho,bun_bo
tôi muốn nấu trứng xào,trung_cuon
mình có bánh mì trứng chiên,banh_mi_trung
nấu bánh mì trứng được gì,banh_mi_trung
nấu rau gà được gì,lau_ga
tôi muốn nấu rau tỏi,rau_xao_toi
món ăn từ trứng xào,trung_hap
có rau mì thì nấu gì kho,mi_tron
làm món từ hành trứng kho,trung_xao_hanh
tôi có đậu hũ đơn giản,dau_hu_chien
tôi muốn nấu trứng bánh mì hấp,banh_mi_op_la
nguyên liệu: mì rau luộc,mi_tron
tôi có cá,ca_kho
có cá thì nấu gì,ca_kho
món ăn từ cá,ca_chien
nấu cơm rau trứng được gì,com_tron
tôi có gà rau xào,lau_ga
có mì bò thì nấu gì kho,mi_xao_bo
món ăn từ trứng thịt,thit_kho_trung
có sườn cơm thì nấu gì kho,com_tam
món ăn từ bò phở,pho_bo
nguyên liệu: trứng,trung_luoc
món ăn từ trứng chiên,trung_luoc
có bò phở thì nấu gì kho,pho_bo
tôi muốn nấu trứng nhanh,trung_op_la
làm món từ đậu hũ cà chua ngon,dau_hu_sot_ca
có đậu hũ cà chua thì nấu gì kho,dau_hu_sot_ca
nấu bánh mì trứng ngon được gì,banh_mi_trung
nguyên liệu: gà,ga_nuong
mì đơn giản,mi_goi
nguyên liệu: cà rốt khoai bò,bo_kho
có tôm tỏi thì nấu gì trộn,tom_xao_toi
tôi muốn nấu mì rau xào,mi_tron
làm món từ cá ngon luộc,ca_chien
món ăn từ rau tôm mực,lau_thai
làm món từ trứng bánh mì kho,banh_mi_op_la
tôi muốn nấu trứng,trung_op_la
nguyên liệu: trứng luộc,trung_chien
tôi muốn nấu thịt rau trộn,thit_xao_rau
ăn với gà cà rốt nhanh,sup_ga
món ăn từ gà cà rốt,sup_ga
mình có sườn,suon_nuong
làm món từ gà cà rốt,sup_ga
làm món từ mì trứng,mi_xao_trung
mình có mì trứng xào,mi_xao_trung
tôi có hành trứng cơm,com_chien_trung
rau mì,mi_tron
tôi có trứng,trung_op_la
nguyên liệu: trứng cà chua,canh_trung_ca_chua
mình có cá,ca_kho
tôi muốn nấu tỏi tôm,tom_xao_toi
nguyên liệu: gà cà rốt xào,sup_ga
món ăn từ trứng,trung_hap
món ăn từ gà cơm,com_ga
tôi có hành trứng luộc,trung_xao_hanh
làm món từ gà rau trộn,lau_ga
tôi muốn nấu trứng gia đình,trung_chien
tôi muốn nấu cà rốt bò khoai luộc,bo_kho
có hành bò thì nấu gì kho,bo_xao_hanh
làm món từ đậu hũ,dau_hu_chien
nguyên liệu: sườn kho,suon_nuong
tôi có tôm tỏi xào,tom_xao_toi
tôi có cà chua đậu hũ,dau_hu_sot_ca
có tôm tỏi ngon thì nấu gì chiên,tom_xao_toi
mình có trứng,trung_hap
món ăn từ tôm rau mực kho,lau_thai
cà chua đậu hũ hấp,dau_hu_sot_ca
tôi có tôm tỏi,tom_xao_toi
ăn với trứng thịt nướng,thit_kho_trung
mình có trứng bánh mì,banh_mi_op_la
có trứng thì nấu gì,trung_luoc
ăn với rau mực tôm gia đình trộn,lau_thai
món ăn từ mì bò trộn,mi_xao_bo
có trứng bánh mì thì nấu gì chiên,banh_mi_trung
tôi có trứng bánh mì gia đình,banh_mi_op_la
nguyên liệu: đậu hũ,dau_hu_chien
nấu đậu trứng cơm xúc xích được gì,com_chien_duong_chau
tôi muốn nấu đậu hũ cà chua,dau_hu_sot_ca
món ăn từ trứng ngon chiên,trung_luoc
nguyên liệu: cà chua trứng kho,canh_trung_ca_chua
mình có rau tôm mực nướng,lau_thai
nguyên liệu: cà chua trứng,trung_chien_ca_chua
làm món từ gà luộc,ga_chien
tôi có hành cơm trứng,com_chien_trung
nguyên liệu: thịt,thit_nuong
nấu trứng cơm rau được gì,com_tron
ăn với trứng,trung_luoc
làm món từ gà gia đình hấp,ga_nuong
ăn với gà rau,lau_ga
nấu trứng đơn giản được gì hấp,trung_hap
nguyên liệu: trứng,trung_op_la
làm món từ rau mì đơn giản,mi_tron
ăn với cà rốt khoai bò hấp,bo_kho
có sườn cơm thì nấu gì,com_tam
gà,ga_chien
có rau thì nấu gì,canh_rau
mình có cá kho,ca_kho
ăn với trứng hành cơm nướng,com_chien_trung
gà xào,ga_chien
có trứng ngon thì nấu gì,trung_hap
nguyên liệu: gà,canh_ga
tôi có mì gia đình,mi_goi
nguyên liệu: mì bò,mi_xao_bo
tôi muốn nấu cá luộc,ca_kho
tôi muốn nấu bò mì hấp,mi_xao_bo
tôi muốn nấu rau thịt xào,thit_xao_rau
ăn với sườn cơm,com_tam
mình có trứng,trung_luoc
nấu cá được gì,ca_chien
có sườn thì nấu gì luộc,suon_nuong
làm món từ sườn,suon_nuong
món ăn từ bánh mì trứng,banh_mi_trung
tôi có trứng,trung_op_la
mình có trứng,trung_hap
có gà thì nấu gì hấp,ga_nuong
làm món từ rau mì đơn giản,mi_tron
có cá thì nấu gì,ca_chien
món ăn từ cà chua trứng,canh_trung_ca_chua
làm món từ thịt rau,thit_xao_rau
làm món từ gà nhanh,ga_chien
nguyên liệu: trứng nướng,trung_cuon
cơm sườn luộc,com_tam
nấu trứng được gì,trung_cuon
nấu bún bò được gì,bun_bo
tôi có thịt,thit_nuong
tôi muốn nấu rau mì nhanh kho,mi_tron
làm món từ trứng cà chua,canh_trung_ca_chua
có trứng thì nấu gì hấp,trung_luoc
bò hành chiên,bo_xao_hanh
trứng bánh mì đơn giản chiên,banh_mi_op_la
gà,canh_ga
tôi có cà chua trứng luộc,canh_trung_ca_chua
làm món từ tỏi tôm chiên,tom_xao_toi
tôi muốn nấu hành cơm trứng nhanh,com_chien_trung
món ăn từ gà nướng,canh_ga
ăn với trứng xúc xích cơm đậu,com_chien_duong_chau
nguyên liệu: trứng nhanh,trung_hap
làm món từ rau thịt,thit_xao_rau
tôi muốn nấu gà ngon luộc,ga_nuong
tôi có cà chua trứng,trung_chien_ca_chua
nấu rau mì đơn giản được gì,mi_tron
ăn với cà chua trứng,canh_trung_ca_chua
mình có cá,ca_chien
tôi có cơm trứng xúc xích đậu,com_chien_duong_chau
món ăn từ gà cơm,com_ga
mình có sườn cơm,com_tam
tôi có mực tôm rau nhanh nướng,lau_thai
tôi muốn nấu trứng rau cơm,com_tron
nguyên liệu: trứng,trung_chien
nấu bò hành được gì,bo_xao_hanh
làm món từ thịt rau trộn,thit_xao_rau
ăn với gà,ga_nuong
tôi muốn nấu tỏi rau,rau_xao_toi
ăn với trứng gia đình nướng,trung_op_la
tôi có thịt trứng nhanh trộn,trung_xao_thit
tôi có trứng đơn giản nướng,trung_cuon
ăn với mực mì tôm gia đình,mi_xao_hai_san
tôi có bò hành kho,bo_xao_hanh
món ăn từ cá trộn,ca_chien
có trứng thì nấu gì,trung_hap
có trứng xúc xích cơm đậu thì nấu gì kho,com_chien_duong_chau
nguyên liệu: mực tôm cơm,com_chien_hai_san
có rau gà thì nấu gì,lau_ga
tôi có mì tôm mực,mi_xao_hai_san
rau trứng cơm,com_tron
tôi có rau thịt hấp,thit_xao_rau
khoai bò cà rốt nhanh,bo_kho
món ăn từ trứng hành trộn,trung_xao_hanh
nấu bò phở được gì,pho_bo
làm món từ trứng,trung_chien
trứng,trung_cuon
tôi có gà trộn,ga_chien
rau đơn giản,canh_rau
có hành trứng cơm thì nấu gì,com_chien_trung
món ăn từ rau tỏi,rau_xao_toi
mình có gà chiên,ga_chien
tôi có sườn,suon_nuong
có gà thì nấu gì,ga_nuong
ăn với cơm tôm mực,com_chien_hai_san
bún bò ngon,bun_bo
làm món từ trứng bánh mì,banh_mi_trung
có sườn thì nấu gì,suon_nuong
món ăn từ cơm hành trứng,com_chien_trung
đậu hũ,dau_hu_chien
nấu gà rau được gì luộc,lau_ga
gà cơm nướng,com_ga
nấu mực cơm tôm được gì,com_chien_hai_san
có cá thì nấu gì,ca_kho
tôi muốn nấu trứng thịt nhanh,thit_kho_trung
tôi muốn nấu cá,ca_kho
có bánh mì trứng thì nấu gì luộc,banh_mi_op_la
món ăn từ bánh mì trứng,banh_mi_op_la
tôi muốn nấu bò cà rốt khoai kho,bo_kho
nguyên liệu: mì rau gia đình,mi_tron
món ăn từ gà,ga_chien
món ăn từ thịt ngon,thit_nuong
tôi có bánh mì trứng,banh_mi_op_la
mình có khoai bò cà rốt,bo_kho
ăn với cơm đậu trứng xúc xích,com_chien_duong_chau
tôi có cá,ca_chien
nguyên liệu: gà cà rốt ngon,sup_ga
món ăn từ sườn,suon_kho
có bò hành thì nấu gì,bo_xao_hanh
ăn với trứng cơm hành hấp,com_chien_trung
có gà cà rốt thì nấu gì,sup_ga
làm món từ cơm đậu trứng xúc xích,com_chien_duong_chau
tôi muốn nấu cơm rau trứng,com_tron
mình có trứng,trung_hap
nguyên liệu: đậu cơm trứng xúc xích,com_chien_duong_chau
bò khoai cà rốt chiên,bo_kho
món ăn từ cá,ca_chien
bò bún,bun_bo
làm món từ bò mì,mi_xao_bo
ăn với bò phở hấp,pho_bo
tôi muốn nấu hành bò gia đình,bo_xao_hanh
tôi muốn nấu mực mì tôm hấp,mi_xao_hai_san
nấu cơm gà được gì,com_ga
mì rau hấp,mi_tron
ăn với trứng bánh mì,banh_mi_trung
tôi có sườn nhanh,suon_kho
có rau trứng cơm thì nấu gì hấp,com_tron
món ăn từ trứng cà chua,trung_chien_ca_chua
làm món từ rau nhanh hấp,canh_rau
tôi muốn nấu trứng,trung_luoc
ăn với gà cơm kho,com_ga
tôi có mực tôm rau ngon,lau_thai
ăn với rau,canh_rau
tôi muốn nấu rau xào,canh_rau
mình có trứng rau cơm gia đình luộc,com_tron
tôi muốn nấu thịt,thit_nuong
nguyên liệu: tỏi rau đơn giản,rau_xao_toi
ăn với cà rốt gà,sup_ga
nguyên liệu: cá,ca_chien
trứng trộn,trung_chien
nấu bún bò được gì nướng,bun_bo
nấu trứng được gì,trung_luoc
nguyên liệu: trứng cơm hành,com_chien_trung
bò khoai cà rốt,bo_kho
ăn với trứng cơm rau chiên,com_tron
nguyên liệu: rau tôm mực,lau_thai
nấu tỏi rau đơn giản được gì hấp,rau_xao_toi
mình có mực tôm rau,lau_thai
làm món từ trứng cà chua,trung_chien_ca_chua
rau thịt,thit_xao_rau
làm món từ tôm cơm mực luộc,com_chien_hai_san
ăn với mực tôm cơm kho,com_chien_hai_san
làm món từ gà,ga_nuong
ăn với gà ngon,canh_ga
bánh mì thịt,banh_mi_thit
tôi muốn nấu tôm mì mực,mi_xao_hai_san
bò mì,mi_xao_bo
món ăn từ khoai cà rốt bò,bo_kho
có trứng cơm hành gia đình thì nấu gì,com_chien_trung
mình có bò phở,pho_bo
ăn với mì bò trộn,mi_xao_bo
món ăn từ bánh mì thịt nướng,banh_mi_thit
món ăn từ hành bò,bo_xao_hanh
nguyên liệu: mực rau tôm gia đình,lau_thai
mình có mì rau trộn,mi_tron
món ăn từ trứng,trung_chien
làm món từ trứng gia đình nướng,trung_op_la
nấu cà chua đậu hũ được gì,dau_hu_sot_ca
có rau thì nấu gì,canh_rau
gà nướng,ga_chien
tôi muốn nấu cà rốt bò khoai,bo_kho
có trứng thịt thì nấu gì,trung_xao_thit
nguyên liệu: cá trộn,ca_kho
tôi có mì,mi_goi
trứng hành cơm,com_chien_trung
cơm gà gia đình,com_ga
mình có sườn,suon_nuong
món ăn từ trứng kho,trung_op_la
mình có mì,mi_goi
có mì thì nấu gì nướng,mi_goi
cà rốt bò khoai nhanh chiên,bo_kho
bò cà rốt khoai,bo_kho
mình có gà chiên,canh_ga
món ăn từ đậu hũ cà chua luộc,dau_hu_sot_ca
mình có gà rau nhanh hấp,lau_ga
tôi muốn nấu gà kho,canh_ga
nấu gà được gì luộc,canh_ga
nguyên liệu: cơm sườn hấp,com_tam
tôi có thịt trứng,thit_kho_trung
có sườn cơm thì nấu gì,com_tam
nấu sườn nhanh được gì,suon_nuong
làm món từ gà,canh_ga
nấu tỏi rau được gì,rau_xao_toi
làm món từ thịt trứng,thit_kho_trung
ăn với bò phở,pho_bo
tôi có tỏi rau nướng,rau_xao_toi
món ăn từ sườn cơm nhanh hấp,com_tam
bánh mì trứng,banh_mi_trung
làm món từ cà chua trứng nướng,canh_trung_ca_chua
nguyên liệu: trứng,trung_chien
nấu trứng gia đình được gì,trung_hap
món ăn từ gà,ga_chien
mình có cơm sườn,com_tam
nấu phở bò đơn giản được gì,pho_bo
tôi muốn nấu bánh mì thịt chiên,banh_mi_thit
ăn với phở bò,pho_bo
món ăn từ bò cà rốt khoai kho,bo_kho
tôi có đậu hũ,dau_hu_chien
ăn với trứng gia đình,trung_hap
ăn với mì mực tôm đơn giản,mi_xao_hai_san
tôi muốn nấu trứng nướng,trung_chien
nấu xúc xích trứng đậu cơm được gì chiên,com_chien_duong_chau
món ăn từ hành bò,bo_xao_hanh
tôi muốn nấu cơm sườn,com_tam
mình có cá,ca_chien
tôi muốn nấu cá,ca_chien
nguyên liệu: trứng hành cơm,com_chien_trung
tôi muốn nấu cà chua trứng,trung_chien_ca_chua
tôi muốn nấu thịt,thit_nuong
món ăn từ rau mì trộn,mi_tron
làm món từ trứng thịt gia đình hấp,thit_kho_trung
nấu gà được gì trộn,canh_ga
nguyên liệu: mì mực tôm nhanh,mi_xao_hai_san
nấu rau mực tôm được gì luộc,lau_thai
trứng,trung_cuon
nấu gà được gì,canh_ga
nấu trứng được gì hấp,trung_chien
tôi muốn nấu trứng rau cơm nhanh,com_tron
món ăn từ mì trứng,mi_xao_trung
nấu rau trứng cơm được gì,com_tron
tôi muốn nấu trứng trộn,trung_luoc
trứng hấp,trung_cuon
tôi có trứng cơm hành,com_chien_trung
nguyên liệu: cá,ca_kho
ăn với trứng,trung_hap
nguyên liệu: cơm gà,com_ga
làm món từ sườn nướng,suon_kho
nguyên liệu: cà chua trứng kho,canh_trung_ca_chua
mình có sườn hấp,suon_kho
nấu gà được gì,canh_ga
làm món từ thịt trứng,thit_kho_trung
tôi có trứng,trung_luoc
làm món từ trứng ngon,trung_chien
làm món từ gà cà rốt nhanh chiên,sup_ga
mình có bò khoai cà rốt,bo_kho
nguyên liệu: rau đơn giản nướng,canh_rau
món ăn từ mực tôm cơm,com_chien_hai_san
nấu trứng mì được gì trộn,mi_xao_trung
có cà chua trứng thì nấu gì chiên,trung_chien_ca_chua
ăn với trứng,trung_chien
tôi muốn nấu mực tôm mì,mi_xao_hai_san
món ăn từ sườn,suon_nuong
tôi có đậu hũ cà chua,dau_hu_sot_ca
ăn với trứng mì,mi_xao_trung
làm món từ sườn nướng,suon_kho
món ăn từ thịt rau chiên,thit_xao_rau
nguyên liệu: trứng luộc,trung_op_la
tôi có cơm sườn hấp,com_tam
ăn với sườn nướng,suon_kho
có gà cơm nhanh thì nấu gì,com_ga
tôm mì mực,mi_xao_hai_san
tôi muốn nấu rau ngon,canh_rau
có đậu hũ cà chua thì nấu gì,dau_hu_sot_ca
món ăn từ trứng đơn giản,trung_luoc
ăn với rau thịt,thit_xao_rau
làm món từ bánh mì trứng,banh_mi_trung
món ăn từ gà rau luộc,lau_ga
món ăn từ cà chua trứng ngon,canh_trung_ca_chua
mình có bò phở chiên,pho_bo
nguyên liệu: thịt bánh mì,banh_mi_thit
có tôm tỏi thì nấu gì,tom_xao_toi
trứng,trung_luoc
tôi muốn nấu mực tôm mì,mi_xao_hai_san
có gà đơn giản thì nấu gì,ga_nuong
ăn với trứng đơn giản,trung_luoc
có sườn thì nấu gì,suon_kho
mình có bò mì,mi_xao_bo
làm món từ cà chua trứng,canh_trung_ca_chua
gà rau nướng,lau_ga
nấu trứng được gì,trung_hap
tôi muốn nấu gà nướng,ga_nuong
ăn với gà,ga_nuong
món ăn từ bò hành,bo_xao_hanh
làm món từ rau gà nướng,lau_ga
làm món từ rau gà,lau_ga
tôi muốn nấu tôm tỏi ngon,tom_xao_toi
rau,canh_rau
tôi muốn nấu cà chua trứng,canh_trung_ca_chua
tôi có thịt trứng,thit_kho_trung
tôi có trứng thịt xào,trung_xao_thit
làm món từ trứng gia đình nướng,trung_op_la
tôi muốn nấu trứng bánh mì kho,banh_mi_trung
thịt rau đơn giản chiên,thit_xao_rau
tôm tỏi,tom_xao_toi
tôi có trứng kho,trung_cuon
tôi có trứng kho,trung_hap
nguyên liệu: gà chiên,canh_ga
món ăn từ thịt,thit_nuong
có cơm gà thì nấu gì trộn,com_ga
sườn cơm,com_tam
nấu gà được gì,ga_chien
ăn với trứng kho,trung_chien
ăn với trứng nướng,trung_chien
mình có thịt trứng,thit_kho_trung
nấu sườn được gì,suon_nuong
nguyên liệu: trứng thịt,trung_xao_thit
nấu trứng thịt được gì,trung_xao_thit
làm món từ tôm cơm mực,com_chien_hai_san
tôi có cơm gà gia đình,com_ga
nguyên liệu: thịt rau hấp,thit_xao_rau
tôi có gà,canh_ga
nấu gà cà rốt được gì,sup_ga
tôi có gà,canh_ga
ăn với trứng cà chua,canh_trung_ca_chua
trứng xào,trung_cuon
ăn với trứng,trung_chien
nguyên liệu: trứng mì xào,mi_xao_trung
trứng bánh mì,banh_mi_op_la
nguyên liệu: rau thịt kho,thit_xao_rau
mình có cá,ca_chien
nấu trứng hành được gì,trung_xao_hanh
ăn với thịt trứng,thit_kho_trung
tôi muốn nấu rau tỏi,rau_xao_toi
trứng xào,trung_luoc
nấu trứng cà chua nhanh được gì kho,canh_trung_ca_chua
trứng ngon,trung_luoc
tôi có bò hành,bo_xao_hanh
trứng,trung_luoc
làm món từ xúc xích đậu trứng cơm đơn giản xào,com_chien_duong_chau
ăn với mì trứng ngon,mi_xao_trung
nguyên liệu: đậu hũ nhanh chiên,dau_hu_chien
tôi có trứng xào,trung_chien
món ăn từ thịt trứng,trung_xao_thit
ăn với mì bò,mi_xao_bo
có bò mì thì nấu gì,mi_xao_bo
nấu mì mực tôm được gì,mi_xao_hai_san
mình có mì đơn giản,mi_goi
món ăn từ đậu hũ,dau_hu_chien
món ăn từ khoai bò cà rốt,bo_kho
mình có cà chua trứng,trung_chien_ca_chua
nấu trứng đơn giản được gì,trung_hap
có bún bò thì nấu gì,bun_bo
nguyên liệu: rau mì trộn,mi_tron
làm món từ trứng chiên,trung_hap
tôi muốn nấu trứng bánh mì,banh_mi_trung
làm món từ tôm mực rau luộc,lau_thai
nấu thịt được gì,thit_nuong
làm món từ đậu xúc xích trứng cơm,com_chien_duong_chau
mình có mực tôm mì luộc,mi_xao_hai_san
ăn với trứng cà chua luộc,canh_trung_ca_chua
nấu trứng nhanh được gì,trung_op_la
món ăn từ sườn cơm nướng,com_tam
mình có rau tỏi trộn,rau_xao_toi
tôi muốn nấu hành bò,bo_xao_hanh
cơm sườn,com_tam
mình có hành trứng nhanh,trung_xao_hanh
tôi có mực cơm tôm,com_chien_hai_san
tôi muốn nấu cá,ca_chien
món ăn từ thịt rau đơn giản trộn,thit_xao_rau
tôi có cơm đậu trứng xúc xích chiên,com_chien_duong_chau
tôi muốn nấu thịt bánh mì,banh_mi_thit
tôi muốn nấu sườn,suon_kho
sườn cơm,com_tam
ăn với cá,ca_kho
có cà rốt gà thì nấu gì xào,sup_ga
có mì rau thì nấu gì hấp,mi_tron
tôi muốn nấu cơm trứng hành gia đình,com_chien_trung
tôi có mì bò,mi_xao_bo
tôi muốn nấu cà chua trứng xào,trung_chien_ca_chua
ăn với trứng cơm rau,com_tron
có gà cơm thì nấu gì xào,com_ga
tôi có thịt trứng,trung_xao_thit
có mì tôm mực thì nấu gì hấp,mi_xao_hai_san
có gà thì nấu gì,canh_ga
có gà gia đình thì nấu gì,ga_nuong
nguyên liệu: thịt trứng,thit_kho_trung
tôi có thịt hấp,thit_nuong
nguyên liệu: tỏi rau nướng,rau_xao_toi
tôi có tôm mực cơm,com_chien_hai_san
món ăn từ bánh mì trứng trộn,banh_mi_op_la
có bún bò thì nấu gì,bun_bo
ăn với thịt,thit_nuong
làm món từ bò hành ngon nướng,bo_xao_hanh
mình có trứng gia đình luộc,trung_chien
tôi có mực tôm cơm kho,com_chien_hai_san
trứng trộn,trung_cuon
nấu cà chua đậu hũ được gì,dau_hu_sot_ca
tôi có rau tôm mực luộc,lau_thai
làm món từ sườn chiên,suon_kho
ăn với trứng chiên,trung_op_la
ăn với gà,canh_ga
nguyên liệu: cá,ca_kho
tôi muốn nấu cà chua trứng,canh_trung_ca_chua
có cơm rau trứng thì nấu gì luộc,com_tron
nấu cơm sườn được gì luộc,com_tam
mình có bánh mì trứng,banh_mi_op_la
món ăn từ tôm mực mì luộc,mi_xao_hai_san
nguyên liệu: mì rau đơn giản,mi_tron
món ăn từ hành bò,bo_xao_hanh
ăn với trứng mì,mi_xao_trung
món ăn từ thịt trứng,trung_xao_thit
mình có cà rốt gà luộc,sup_ga
có tỏi tôm thì nấu gì,tom_xao_toi
nấu tôm rau mực được gì,lau_thai
nguyên liệu: rau luộc,canh_rau
làm món từ trứng,trung_hap
tôi có trứng ngon,trung_hap
nấu mì tôm mực được gì trộn,mi_xao_hai_san
cơm sườn nhanh hấp,com_tam
gà trộn,ga_chien
tôi có cá đơn giản luộc,ca_chien
nấu hành trứng được gì,trung_xao_hanh
nấu thịt trứng đơn giản được gì trộn,trung_xao_thit
mực tôm mì luộc,mi_xao_hai_san
có rau thì nấu gì trộn,canh_rau
nguyên liệu: sườn,suon_kho
mình có trứng luộc,trung_hap
nguyên liệu: trứng đơn giản hấp,trung_op_la
nấu mì được gì kho,mi_goi
ăn với gà rau,lau_ga
nấu cơm gà được gì hấp,com_ga
nấu gà cơm nhanh được gì chiên,com_ga
tôi có trứng bánh mì,banh_mi_op_la
ăn với trứng bánh mì,banh_mi_trung
món ăn từ trứng bánh mì nhanh,banh_mi_trung
mình có trứng hấp,trung_hap
mình có phở bò,pho_bo
trứng cơm hành,com_chien_trung
nguyên liệu: sườn kho,suon_kho
có tôm mực mì gia đình thì nấu gì nướng,mi_xao_hai_san
tôi có hành cơm trứng nhanh nướng,com_chien_trung
mình có mì,mi_goi
ăn với tôm mì mực đơn giản,mi_xao_hai_san
mình có thịt trứng luộc,thit_kho_trung
nấu cơm tôm mực được gì hấp,com_chien_hai_san
món ăn từ rau tỏi xào,rau_xao_toi
nấu cà rốt bò khoai được gì,bo_kho
tôi muốn nấu trứng thịt chiên,trung_xao_thit
món ăn từ bò mì đơn giản,mi_xao_bo
nấu thịt được gì,thit_nuong
ăn với trứng kho,trung_hap
làm món từ rau,canh_rau
nấu mì rau được gì,mi_tron
nấu trứng thịt được gì,trung_xao_thit
món ăn từ đậu hũ đơn giản,dau_hu_chien
tôi có cà chua đậu hũ luộc,dau_hu_sot_ca
nguyên liệu: trứng,trung_hap
trứng bánh mì nướng,banh_mi_trung
nấu gà được gì,ga_nuong
nguyên liệu: mì trứng ngon,mi_xao_trung
tôi có rau,canh_rau
nấu trứng đơn giản được gì,trung_chien
tôi có đậu hũ kho,dau_hu_chien
nguyên liệu: sườn,suon_kho
nguyên liệu: tỏi tôm,tom_xao_toi
làm món từ trứng thịt luộc,thit_kho_trung
nguyên liệu: thịt nhanh,thit_nuong
ăn với tỏi tôm nướng,tom_xao_toi
nấu trứng xúc xích đậu cơm được gì chiên,com_chien_duong_chau
tôi muốn nấu gà rau ngon,lau_ga
nguyên liệu: rau gà nhanh,lau_ga
làm món từ bò hành gia đình kho,bo_xao_hanh
có trứng thì nấu gì,trung_op_la
ăn với phở bò xào,pho_bo
mình có trứng cà chua hấp,canh_trung_ca_chua
tôi muốn nấu hành trứng,trung_xao_hanh
tôi muốn nấu trứng hấp,trung_op_la
tôi có cơm mực tôm,com_chien_hai_san
tôi có rau gà,lau_ga
món ăn từ gà cà rốt ngon,sup_ga
mình có tỏi tôm chiên,tom_xao_toi
tôi có rau kho,canh_rau
mình có gà,ga_nuong
ăn với cà chua trứng hấp,canh_trung_ca_chua
tôi muốn nấu rau thịt,thit_xao_rau
ăn với bánh mì trứng ngon,banh_mi_op_la
làm món từ trứng cơm hành,com_chien_trung
tôi muốn nấu thịt bánh mì,banh_mi_thit
tôi muốn nấu rau thịt,thit_xao_rau
ăn với trứng nhanh luộc,trung_luoc
trứng bánh mì nướng,banh_mi_trung
món ăn từ cá ngon,ca_kho
tôi muốn nấu gà trộn,ga_nuong
mình có trứng,trung_hap
món ăn từ trứng cà chua,canh_trung_ca_chua
rau tôm mực hấp,lau_thai
nấu sườn ngon được gì,suon_kho
nấu cà rốt gà được gì,sup_ga
nấu trứng bánh mì được gì,banh_mi_op_la
tôi muốn nấu mực tôm mì,mi_xao_hai_san
tôi muốn nấu thịt trứng gia đình,trung_xao_thit
nguyên liệu: cơm sườn chiên,com_tam
tôi muốn nấu gà đơn giản,canh_ga
mình có cơm hành trứng,com_chien_trung
có trứng thì nấu gì,trung_chien
tôi muốn nấu trứng nhanh,trung_cuon
tôi muốn nấu gà xào,ga_chien
có trứng cà chua thì nấu gì,canh_trung_ca_chua
nguyên liệu: trứng xào,trung_op_la
mình có cơm hành trứng,com_chien_trung
nguyên liệu: gà,ga_nuong
mình có bò hành chiên,bo_xao_hanh
nấu trứng mì ngon được gì,mi_xao_trung
ăn với trứng cà chua,canh_trung_ca_chua
mình có mì,mi_goi
nấu rau mì được gì,mi_tron
nấu cơm đậu xúc xích trứng gia đình được gì,com_chien_duong_chau
có trứng đậu xúc xích cơm thì nấu gì trộn,com_chien_duong_chau
có sườn thì nấu gì,suon_kho
làm món từ rau tôm mực,lau_thai
tôi có mực tôm mì nướng,mi_xao_hai_san
nấu tôm cơm mực được gì,com_chien_hai_san
tôi muốn nấu thịt trứng,thit_kho_trung
món ăn từ đậu hũ cà chua,dau_hu_sot_ca
nấu cơm hành trứng được gì,com_chien_trung
có đậu hũ thì nấu gì,dau_hu_chien
tôi muốn nấu gà ngon luộc,ga_nuong
tôi có bò hành luộc,bo_xao_hanh
tôi có cà chua trứng,canh_trung_ca_chua
có thịt rau nhanh thì nấu gì xào,thit_xao_rau
ăn với cà chua trứng,trung_chien_ca_chua
tôi muốn nấu trứng cà chua hấp,canh_trung_ca_chua
làm món từ thịt kho,thit_nuong
nấu xúc xích đậu trứng cơm nhanh được gì,com_chien_duong_chau
món ăn từ tỏi rau,rau_xao_toi
tôi có thịt bánh mì luộc,banh_mi_thit
ăn với trứng,trung_chien
nguyên liệu: trứng gia đình,trung_op_la
tôi có trứng xúc xích đậu cơm hấp,com_chien_duong_chau
mình có trứng gia đình nướng,trung_op_la
ăn với phở bò,pho_bo
làm món từ cơm gà luộc,com_ga
có cà chua đậu hũ thì nấu gì,dau_hu_sot_ca
nguyên liệu: thịt trứng đơn giản,trung_xao_thit
tôi muốn nấu trứng nhanh,trung_hap
có sườn thì nấu gì,suon_kho
tôi có bánh mì trứng xào,banh_mi_op_la
nguyên liệu: trứng hành cơm hấp,com_chien_trung
nguyên liệu: mực tôm mì,mi_xao_hai_san
món ăn từ cà chua đậu hũ đơn giản,dau_hu_sot_ca
nấu trứng được gì,trung_cuon
mình có cà rốt bò khoai nướng,bo_kho
trứng bánh mì đơn giản,banh_mi_trung
tôi có bún bò trộn,bun_bo
nguyên liệu: bún bò kho,bun_bo
nguyên liệu: sườn,suon_kho
món ăn từ trứng,trung_op_la
trứng gia đình hấp,trung_luoc
tôi có rau,canh_rau
nấu mực cơm tôm được gì,com_chien_hai_san
nguyên liệu: gà,ga_chien
làm món từ bò khoai cà rốt nướng,bo_kho
tôi có mực mì tôm hấp,mi_xao_hai_san
mình có tôm mực mì trộn,mi_xao_hai_san
món ăn từ trứng thịt,trung_xao_thit
mình có sườn trộn,suon_kho
làm món từ thịt trứng,thit_kho_trung
nguyên liệu: trứng thịt ngon chiên,trung_xao_thit
nấu thịt được gì,thit_nuong
bún bò chiên,bun_bo
nguyên liệu: gà,ga_nuong
nấu đậu hũ cà chua được gì,dau_hu_sot_ca
ăn với trứng ngon,trung_luoc
cà chua trứng,canh_trung_ca_chua
tôi muốn nấu xúc xích cơm đậu trứng,com_chien_duong_chau
mình có gà,ga_chien
món ăn từ hành bò ngon,bo_xao_hanh
nấu trứng cà chua được gì chiên,trung_chien_ca_chua
nấu cà chua trứng được gì,trung_chien_ca_chua
tôi có trứng đơn giản,trung_luoc
gà rau ngon hấp,lau_ga
món ăn từ gà cơm,com_ga
mình có thịt,thit_nuong
làm món từ tỏi tôm,tom_xao_toi
cà chua đậu hũ xào,dau_hu_sot_ca
tôi muốn nấu cá,ca_chien
mình có gà rau,lau_ga
món ăn từ cơm gà,com_ga
nấu trứng được gì trộn,trung_cuon
làm món từ đậu hũ luộc,dau_hu_chien
món ăn từ sườn hấp,suon_kho
tôi có sườn kho,suon_nuong
bánh mì thịt nhanh xào,banh_mi_thit
nấu đậu hũ cà chua đơn giản được gì,dau_hu_sot_ca
làm món từ trứng,trung_hap
nấu cá được gì trộn,ca_kho
tôi muốn nấu thịt trứng,trung_xao_thit
làm món từ trứng,trung_cuon
tôi muốn nấu cá,ca_kho
rau tỏi,rau_xao_toi
ăn với mì rau hấp,mi_tron
tôi muốn nấu cà chua đậu hũ,dau_hu_sot_ca
có trứng thì nấu gì,trung_hap
nguyên liệu: bò mì chiên,mi_xao_bo
ăn với cà chua trứng,trung_chien_ca_chua
đậu cơm xúc xích trứng xào,com_chien_duong_chau
có bò hành thì nấu gì nướng,bo_xao_hanh
nấu hành trứng được gì,trung_xao_hanh
ăn với sườn hấp,suon_kho
mì nhanh,mi_goi
tôi muốn nấu sườn cơm chiên,com_tam
nấu sườn được gì,suon_nuong
nấu cơm trứng xúc xích đậu được gì,com_chien_duong_chau
món ăn từ cơm hành trứng hấp,com_chien_trung
tôi muốn nấu cơm đậu xúc xích trứng kho,com_chien_duong_chau
làm món từ thịt,thit_nuong
làm món từ bò phở,pho_bo
bò cà rốt khoai luộc,bo_kho
làm món từ bò hành,bo_xao_hanh
có trứng rau cơm thì nấu gì,com_tron
tôi có gà,ga_chien
tôi muốn nấu gà rau hấp,lau_ga
nấu mì trứng được gì hấp,mi_xao_trung
mình có rau tỏi,rau_xao_toi
tôi muốn nấu bò phở nhanh,pho_bo
có bánh mì thịt thì nấu gì kho,banh_mi_thit
ăn với cá ngon chiên,ca_kho
làm món từ hành cơm trứng,com_chien_trung
nguyên liệu: rau tỏi đơn giản trộn,rau_xao_toi
tôi muốn nấu trứng,trung_hap
món ăn từ trứng bánh mì trộn,banh_mi_trung
ăn với cơm tôm mực,com_chien_hai_san
rau trứng cơm,com_tron
cơm mực tôm,com_chien_hai_san
cơm sườn chiên,com_tam
tôi muốn nấu tôm mực mì nướng,mi_xao_hai_san
tỏi tôm xào,tom_xao_toi
nấu thịt được gì trộn,thit_nuong
món ăn từ cá,ca_chien
tôi có rau mì,mi_tron
bò hành đơn giản,bo_xao_hanh
tôi muốn nấu thịt trứng xào,trung_xao_thit
tôi muốn nấu trứng bánh mì,banh_mi_op_la
món ăn từ gà nướng,ga_chien
có trứng hành thì nấu gì,trung_xao_hanh
nguyên liệu: cơm sườn,com_tam
làm món từ trứng,trung_chien
nấu bò mì được gì,mi_xao_bo
ăn với cá hấp,ca_kho
làm món từ mì rau,mi_tron
ăn với mì tôm mực,mi_xao_hai_san
nguyên liệu: rau thịt hấp,thit_xao_rau
có trứng rau cơm thì nấu gì luộc,com_tron
nấu cơm trứng xúc xích đậu được gì,com_chien_duong_chau
tôi muốn nấu thịt nhanh xào,thit_nuong
món ăn từ mực tôm rau,lau_thai
nấu bò hành được gì,bo_xao_hanh
bún bò chiên,bun_bo
tôi muốn nấu rau tôm mực,lau_thai
nguyên liệu: thịt,thit_nuong
tôi có trứng,trung_cuon
có thịt bánh mì thì nấu gì,banh_mi_thit
có trứng nhanh thì nấu gì,trung_hap
nấu gà đơn giản được gì,ga_nuong
nguyên liệu: cà chua trứng,canh_trung_ca_chua
món ăn từ bánh mì thịt kho,banh_mi_thit
nguyên liệu: bò bún,bun_bo
tôi muốn nấu sườn chiên,suon_nuong
tôi muốn nấu gà cơm,com_ga
tôi có tôm rau mực luộc,lau_thai
sườn,suon_kho
ăn với đậu hũ cà chua nướng,dau_hu_sot_ca
ăn với gà,ga_nuong
ăn với rau mì,mi_tron
tôi có trứng hành,trung_xao_hanh
có trứng nhanh thì nấu gì,trung_chien
nấu đậu hũ cà chua được gì,dau_hu_sot_ca
mình có cà rốt khoai bò,bo_kho
món ăn từ sườn chiên,suon_nuong
có xúc xích cơm đậu trứng thì nấu gì xào,com_chien_duong_chau
mình có thịt,thit_nuong
ăn với tôm rau mực,lau_thai
sườn trộn,suon_nuong
nấu mì tôm mực gia đình được gì,mi_xao_hai_san
nguyên liệu: mì,mi_goi
tôi muốn nấu trứng cà chua nướng,canh_trung_ca_chua
làm món từ mì chiên,mi_goi
tôi có gà,ga_chien
tôi có trứng,trung_hap
có mực tôm mì thì nấu gì,mi_xao_hai_san
làm món từ đậu xúc xích cơm trứng luộc,com_chien_duong_chau
mình có rau gà,lau_ga
mình có trứng thịt,trung_xao_thit
tôi muốn nấu trứng,trung_chien
tôi muốn nấu bánh mì trứng,banh_mi_op_la
nấu cơm tôm mực được gì,com_chien_hai_san
có trứng thì nấu gì,trung_hap
mình có cà chua đậu hũ,dau_hu_sot_ca
ăn với gà cơm luộc,com_ga
mình có xúc xích trứng cơm đậu nhanh xào,com_chien_duong_chau
tôi muốn nấu sườn cơm,com_tam
làm món từ mực tôm rau xào,lau_thai
món ăn từ thịt rau,thit_xao_rau
có mì mực tôm thì nấu gì xào,mi_xao_hai_san
tôi muốn nấu sườn cơm,com_tam
tôi muốn nấu trứng cà chua,trung_chien_ca_chua
nấu tôm tỏi được gì chiên,tom_xao_toi
nguyên liệu: sườn luộc,suon_kho
ăn với mì,mi_goi
có cá thì nấu gì,ca_chien
ăn với cơm gà,com_ga
ăn với hành trứng cơm,com_chien_trung
mình có cơm rau trứng,com_tron
mình có rau tỏi,rau_xao_toi
tôi muốn nấu trứng hành cơm nhanh trộn,com_chien_trung
có thịt bánh mì thì nấu gì,banh_mi_thit
nguyên liệu: tỏi tôm,tom_xao_toi
thịt trứng đơn giản kho,thit_kho_trung
tôi muốn nấu rau,canh_rau
nguyên liệu: thịt rau nhanh,thit_xao_rau
món ăn từ thịt bánh mì nướng,banh_mi_thit
món ăn từ tỏi rau hấp,rau_xao_toi
có mực tôm cơm thì nấu gì,com_chien_hai_san
tôi có sườn,suon_nuong
món ăn từ trứng cơm xúc xích đậu xào,com_chien_duong_chau
bò cà rốt khoai kho,bo_kho
nấu trứng được gì,trung_op_la
tôi có hành bò chiên,bo_xao_hanh
món ăn từ mì rau,mi_tron
mình có trứng thịt,trung_xao_thit
làm món từ trứng cơm đậu xúc xích,com_chien_duong_chau
có mì thì nấu gì xào,mi_goi
tôi có bánh mì thịt,banh_mi_thit
tôi có cá,ca_chien
trứng ngon luộc,trung_cuon
nấu mì đơn giản được gì hấp,mi_goi
tôi muốn nấu gà,ga_chien
nấu cơm sườn được gì,com_tam
tôi muốn nấu sườn đơn giản,suon_nuong
ăn với rau gà xào,lau_ga
món ăn từ trứng kho,trung_luoc
tôi muốn nấu hành bò đơn giản,bo_xao_hanh
mình có trứng cơm hành,com_chien_trung
sườn đơn giản chiên,suon_nuong
mình có phở bò luộc,pho_bo
tôi muốn nấu trứng thịt,thit_kho_trung
làm món từ trứng thịt,thit_kho_trung
món ăn từ sườn cơm,com_tam
món ăn từ gà luộc,ga_nuong
làm món từ mực tôm rau nhanh chiên,lau_thai
tôi có gà,ga_nuong
nguyên liệu: đậu hũ,dau_hu_chien
nguyên liệu: trứng cà chua gia đình,trung_chien_ca_chua
nấu đậu hũ cà chua được gì,dau_hu_sot_ca
ăn với gà cà rốt chiên,sup_ga
mình có cá chiên,ca_chien
nấu cá được gì,ca_chien
có gà ngon thì nấu gì,ga_chien
mình có thịt xào,thit_nuong
mì rau nhanh,mi_tron
mình có rau gà nhanh,lau_ga
nguyên liệu: rau gà,lau_ga
mình có bò hành nhanh,bo_xao_hanh
tôi có đậu hũ,dau_hu_chien
món ăn từ bún bò trộn,bun_bo
nguyên liệu: đậu hũ xào,dau_hu_chien
mình có trứng chiên,trung_cuon
món ăn từ cà chua trứng,canh_trung_ca_chua
tôi có rau thịt nướng,thit_xao_rau
tôi có trứng,trung_op_la
nguyên liệu: thịt trứng,trung_xao_thit
nguyên liệu: gà cà rốt,sup_ga
làm món từ trứng thịt,thit_kho_trung
tôi có trứng ngon nướng,trung_cuon
mình có trứng luộc,trung_luoc
mình có mì gia đình xào,mi_goi
tôi có tôm mực rau xào,lau_thai
làm món từ hành trứng kho,trung_xao_hanh
có mực cơm tôm thì nấu gì,com_chien_hai_san
món ăn từ gà cơm ngon,com_ga
có trứng thì nấu gì,trung_luoc
ăn với cá trộn,ca_chien
có bún bò thì nấu gì xào,bun_bo
nấu mì nhanh được gì,mi_goi
làm món từ rau trộn,canh_rau
có mì rau ngon thì nấu gì,mi_tron
tôi có tỏi rau,rau_xao_toi
nguyên liệu: mực tôm mì,mi_xao_hai_san
mình có trứng cà chua,canh_trung_ca_chua
tôi có trứng ngon,trung_luoc
nguyên liệu: cà rốt gà,sup_ga
món ăn từ thịt bánh mì ngon,banh_mi_thit
cà chua trứng trộn,trung_chien_ca_chua
món ăn từ rau,canh_rau
món ăn từ đậu hũ chiên,dau_hu_chien
tôi muốn nấu trứng bánh mì,banh_mi_trung
cà rốt gà,sup_ga
thịt trứng,thit_kho_trung
trứng mì nhanh trộn,mi_xao_trung
làm món từ phở bò hấp,pho_bo
món ăn từ mực cơm tôm chiên,com_chien_hai_san
tôi có đậu hũ gia đình,dau_hu_chien
tôi muốn nấu rau,canh_rau
cà chua trứng,trung_chien_ca_chua
bò hành,bo_xao_hanh
trứng bánh mì trộn,banh_mi_op_la
tôi có bò khoai cà rốt,bo_kho
mình có trứng hành ngon luộc,trung_xao_hanh
nguyên liệu: rau tôm mực,lau_thai
mình có trứng thịt,thit_kho_trung
tôi có cà chua trứng xào,canh_trung_ca_chua
làm món từ thịt nướng,thit_nuong
phở bò đơn giản luộc,pho_bo
làm món từ hành cơm trứng,com_chien_trung
nấu trứng cà chua được gì,canh_trung_ca_chua
có gà đơn giản thì nấu gì hấp,ga_chien
làm món từ tôm rau mực đơn giản,lau_thai
món ăn từ gà cà rốt,sup_ga
có cơm đậu trứng xúc xích thì nấu gì xào,com_chien_duong_chau
tôi có đậu hũ,dau_hu_chien
món ăn từ thịt trứng,trung_xao_thit
nấu rau tỏi được gì kho,rau_xao_toi
nấu trứng được gì,trung_hap
ăn với hành cơm trứng trộn,com_chien_trung
món ăn từ cá,ca_kho
ăn với trứng,trung_op_la
tôi có trứng bánh mì nướng,banh_mi_op_la
cà chua đậu hũ,dau_hu_sot_ca
ăn với đậu xúc xích cơm trứng ngon,com_chien_duong_chau
mình có trứng,trung_op_la
món ăn từ bò hành nướng,bo_xao_hanh
có cơm rau trứng thì nấu gì,com_tron
ăn với cà rốt khoai bò,bo_kho
tôi muốn nấu bò mì,mi_xao_bo
trứng bánh mì nướng,banh_mi_trung
nguyên liệu: trứng bánh mì kho,banh_mi_op_la
tôi muốn nấu trứng hành,trung_xao_hanh
nấu đậu hũ cà chua được gì,dau_hu_sot_ca
ăn với cơm hành trứng luộc,com_chien_trung
nguyên liệu: gà,ga_nuong
nấu bò hành được gì,bo_xao_hanh
nấu trứng hành cơm nhanh được gì nướng,com_chien_trung
có rau thịt thì nấu gì,thit_xao_rau
món ăn từ trứng hấp,trung_hap
làm món từ trứng thịt chiên,thit_kho_trung
có mì mực tôm thì nấu gì luộc,mi_xao_hai_san
rau hấp,canh_rau
có trứng thì nấu gì nướng,trung_hap
tôi có bò bún,bun_bo
nấu trứng hành cơm được gì trộn,com_chien_trung
ăn với mì bò,mi_xao_bo
nguyên liệu: mì mực tôm xào,mi_xao_hai_san
ăn với sườn hấp,suon_kho
gà,ga_chien
tôi có gà nướng,canh_ga
cá nướng,ca_chien
món ăn từ gà rau hấp,lau_ga
gà đơn giản,ga_nuong
món ăn từ mì trứng,mi_xao_trung
tôi muốn nấu trứng mì,mi_xao_trung
có rau thì nấu gì,canh_rau
món ăn từ rau ngon luộc,canh_rau
ăn với tôm cơm mực ngon,com_chien_hai_san
tôi muốn nấu trứng trộn,trung_cuon
mình có trứng cà chua,trung_chien_ca_chua
có trứng cà chua nhanh thì nấu gì,canh_trung_ca_chua
ăn với gà cơm,com_ga
ăn với cá xào,ca_kho
sườn,suon_nuong
nguyên liệu: bò bún,bun_bo
có hành bò thì nấu gì hấp,bo_xao_hanh
mì,mi_goi
có gà rau thì nấu gì nướng,lau_ga
tôi muốn nấu trứng,trung_cuon
ăn với trứng,trung_luoc
nguyên liệu: rau đơn giản,canh_rau
ăn với thịt trứng,thit_kho_trung
nấu phở bò được gì,pho_bo
món ăn từ rau gà,lau_ga
nguyên liệu: bún bò,bun_bo
nấu đậu trứng cơm xúc xích được gì,com_chien_duong_chau
nấu thịt rau được gì luộc,thit_xao_rau
nấu trứng được gì,trung_luoc
tôi có thịt rau gia đình,thit_xao_rau
tôi muốn nấu cà rốt khoai bò gia đình chiên,bo_kho
tôi có bánh mì trứng,banh_mi_op_la
gà rau ngon xào,lau_ga
tôi muốn nấu bánh mì trứng luộc,banh_mi_op_la
nguyên liệu: bánh mì thịt,banh_mi_thit
có trứng thì nấu gì,trung_op_la
tôi muốn nấu trứng,trung_hap
có phở bò thì nấu gì,pho_bo
món ăn từ cà rốt gà,sup_ga
mình có gà,ga_chien
nấu rau cơm trứng đơn giản được gì,com_tron
có rau thịt thì nấu gì kho,thit_xao_rau
tôi muốn nấu đậu hũ,dau_hu_chien
tôi muốn nấu bò hành luộc,bo_xao_hanh
cơm trứng hành trộn,com_chien_trung
mình có mì,mi_goi
tôi muốn nấu trứng mì chiên,mi_xao_trung
nguyên liệu: trứng,trung_chien
tôi có sườn,suon_nuong
ăn với thịt bánh mì xào,banh_mi_thit
tôi muốn nấu thịt bánh mì luộc,banh_mi_thit
nguyên liệu: sườn cơm kho,com_tam
mình có gà xào,canh_ga
làm món từ trứng hành nhanh,trung_xao_hanh
tôi có trứng cà chua,trung_chien_ca_chua
món ăn từ gà,ga_chien
nguyên liệu: tôm mực rau kho,lau_thai
món ăn từ cá luộc,ca_kho
có hành trứng thì nấu gì,trung_xao_hanh
có trứng thịt thì nấu gì kho,trung_xao_thit
món ăn từ trứng,trung_luoc
có trứng thì nấu gì,trung_cuon
nguyên liệu: trứng cà chua,canh_trung_ca_chua
làm món từ đậu cơm xúc xích trứng ngon,com_chien_duong_chau
tôi muốn nấu sườn,suon_nuong
có cà chua đậu hũ thì nấu gì,dau_hu_sot_ca
ăn với gà nướng,ga_nuong
có gà cơm thì nấu gì,com_ga
tôi có trứng,trung_hap
làm món từ mì hấp,mi_goi
làm món từ gà rau luộc,lau_ga
ăn với mực cơm tôm chiên,com_chien_hai_san
nấu thịt ngon được gì,thit_nuong
tôi muốn nấu tỏi rau hấp,rau_xao_toi
nấu trứng được gì xào,trung_cuon
mình có trứng chiên,trung_chien
nấu bánh mì trứng được gì nướng,banh_mi_trung
làm món từ trứng gia đình hấp,trung_hap
ăn với gà,ga_nuong
làm món từ trứng cơm hành,com_chien_trung
ăn với mực tôm rau nhanh chiên,lau_thai
nấu gà nhanh được gì kho,canh_ga
làm món từ tỏi rau xào,rau_xao_toi
tôi có cơm sườn,com_tam
nấu rau cơm trứng được gì,com_tron
tôi có mực tôm mì,mi_xao_hai_san
có sườn thì nấu gì,suon_nuong
làm món từ đậu hũ cà chua ngon,dau_hu_sot_ca
phở bò,pho_bo
rau hấp,canh_rau
có xúc xích trứng đậu cơm thì nấu gì,com_chien_duong_chau
có rau thì nấu gì,canh_rau
nấu thịt bánh mì được gì,banh_mi_thit
cơm xúc xích đậu trứng kho,com_chien_duong_chau
tôi muốn nấu trứng bánh mì xào,banh_mi_trung
món ăn từ cà rốt gà,sup_ga
nguyên liệu: bò mì,mi_xao_bo
ăn với cà rốt khoai bò xào,bo_kho
cơm trứng đậu xúc xích,com_chien_duong_chau
tôi muốn nấu cơm sườn chiên,com_tam
mực mì tôm đơn giản trộn,mi_xao_hai_san
mình có hành cơm trứng trộn,com_chien_trung
nguyên liệu: rau tỏi ngon trộn,rau_xao_toi
tôi có cá nhanh hấp,ca_chien
nấu cá được gì,ca_chien
ăn với tôm mực mì trộn,mi_xao_hai_san
làm món từ xúc xích đậu trứng cơm,com_chien_duong_chau
món ăn từ cá luộc,ca_chien
nguyên liệu: gà trộn,ga_chien
món ăn từ trứng kho,trung_luoc
món ăn từ cá,ca_chien
tôi có trứng đậu xúc xích cơm,com_chien_duong_chau
nguyên liệu: cà chua trứng ngon hấp,trung_chien_ca_chua
món ăn từ cà rốt gà,sup_ga
nấu cá được gì xào,ca_kho
làm món từ cá xào,ca_kho
món ăn từ sườn,suon_nuong
tôi muốn nấu cá,ca_chien
gà nhanh,canh_ga
mình có khoai bò cà rốt nướng,bo_kho
món ăn từ gà cà rốt,sup_ga
món ăn từ rau đơn giản chiên,canh_rau
mình có cơm gà nhanh,com_ga
làm món từ rau tỏi nhanh,rau_xao_toi
có trứng thì nấu gì,trung_chien
tôi muốn nấu trứng ngon kho,trung_hap
làm món từ rau gà đơn giản luộc,lau_ga
thịt rau gia đình,thit_xao_rau
nguyên liệu: trứng cà chua hấp,trung_chien_ca_chua
tôi có bánh mì trứng,banh_mi_op_la
tôi có trứng bánh mì gia đình hấp,banh_mi_trung
tôi có thịt trứng trộn,thit_kho_trung
gà rau,lau_ga
nguyên liệu: bánh mì trứng,banh_mi_trung
cơm đậu xúc xích trứng đơn giản,com_chien_duong_chau
nấu bò phở được gì,pho_bo
nấu bò bún được gì trộn,bun_bo
ăn với sườn cơm,com_tam
gà cà rốt,sup_ga
có thịt rau thì nấu gì,thit_xao_rau
tôi có cơm trứng hành,com_chien_trung
nấu trứng được gì,trung_luoc
tôi muốn nấu bò bún kho,bun_bo
nấu trứng cà chua được gì,trung_chien_ca_chua
có xúc xích trứng cơm đậu thì nấu gì nướng,com_chien_duong_chau
tôi muốn nấu trứng cà chua xào,trung_chien_ca_chua
nấu trứng hành cơm được gì trộn,com_chien_trung
có mì trứng thì nấu gì,mi_xao_trung
tôi muốn nấu bò phở,pho_bo
ăn với sườn,suon_nuong
nguyên liệu: trứng xúc xích đậu cơm hấp,com_chien_duong_chau
tôi có rau thịt gia đình trộn,thit_xao_rau
mình có trứng cơm xúc xích đậu kho,com_chien_duong_chau
mình có cơm trứng hành gia đình nướng,com_chien_trung
làm món từ trứng nhanh,trung_cuon
món ăn từ cá chiên,ca_chien
tôi muốn nấu mì trứng nướng,mi_xao_trung
làm món từ trứng cà chua ngon,canh_trung_ca_chua
nguyên liệu: rau xào,canh_rau
bánh mì trứng nướng,banh_mi_op_la
cá,ca_chien
nấu thịt bánh mì được gì nướng,banh_mi_thit
nấu tỏi rau được gì,rau_xao_toi
món ăn từ trứng hành cơm trộn,com_chien_trung
nấu cà chua trứng được gì,trung_chien_ca_chua
nấu cà chua trứng ngon được gì,trung_chien_ca_chua
ăn với rau gà ngon,lau_ga
cơm gà,com_ga
ăn với đậu hũ đơn giản,dau_hu_chien
nấu trứng gia đình được gì,trung_luoc
nguyên liệu: cơm rau trứng luộc,com_tron
có trứng thì nấu gì hấp,trung_op_la
mình có sườn,suon_nuong
làm món từ trứng cà chua luộc,canh_trung_ca_chua
bánh mì trứng hấp,banh_mi_op_la
làm món từ mì rau gia đình nướng,mi_tron
nguyên liệu: tôm cơm mực,com_chien_hai_san
làm món từ thịt trứng,trung_xao_thit
tôi có trứng,trung_op_la
nguyên liệu: cà chua trứng kho,canh_trung_ca_chua
nấu trứng được gì trộn,trung_chien
có rau đơn giản thì nấu gì,canh_rau
mình có mì,mi_goi
ăn với gà gia đình,canh_ga
tôi có hành trứng luộc,trung_xao_hanh
nguyên liệu: cá,ca_chien
nguyên liệu: trứng bánh mì hấp,banh_mi_op_la
làm món từ cơm tôm mực nướng,com_chien_hai_san
có trứng thì nấu gì chiên,trung_chien
tôi có hành bò,bo_xao_hanh
tôi có hành trứng gia đình,trung_xao_hanh
có trứng thì nấu gì,trung_cuon
làm món từ rau gà,lau_ga
món ăn từ trứng ngon,trung_cuon
có trứng thịt thì nấu gì,thit_kho_trung
nấu cà chua trứng được gì,trung_chien_ca_chua
nấu cà chua trứng được gì,trung_chien_ca_chua
trứng hành,trung_xao_hanh
mình có rau mì gia đình,mi_tron
nguyên liệu: gà cơm hấp,com_ga
làm món từ trứng bánh mì chiên,banh_mi_op_la
món ăn từ sườn,suon_nuong
tôi muốn nấu xúc xích trứng cơm đậu luộc,com_chien_duong_chau
ăn với mì kho,mi_goi
tôi muốn nấu sườn nhanh,suon_nuong
nguyên liệu: thịt bánh mì chiên,banh_mi_thit
làm món từ sườn cơm,com_tam
mình có mì đơn giản chiên,mi_goi
món ăn từ sườn xào,suon_nuong
nguyên liệu: mì trứng hấp,mi_xao_trung
thịt nướng,thit_nuong
tôi có cơm sườn,com_tam
nấu hành bò được gì,bo_xao_hanh
tôi muốn nấu sườn,suon_kho
tôi có rau gà,lau_ga
có gà thì nấu gì,ga_chien
làm món từ gà,ga_nuong
nguyên liệu: mực mì tôm,mi_xao_hai_san
tôi có gà,ga_chien
nấu thịt rau được gì nướng,thit_xao_rau
ăn với mì rau,mi_tron
nấu rau gà được gì,lau_ga
món ăn từ trứng thịt hấp,thit_kho_trung
ăn với bò mì đơn giản,mi_xao_bo
tôi muốn nấu rau đơn giản nướng,canh_rau
làm món từ cơm trứng hành,com_chien_trung
có hành bò thì nấu gì,bo_xao_hanh
ăn với thịt nhanh,thit_nuong
nguyên liệu: gà nhanh xào,ga_chien
có mì rau thì nấu gì,mi_tron
nguyên liệu: trứng hành,trung_xao_hanh
làm món từ cá luộc,ca_chien
món ăn từ sườn chiên,suon_kho
nấu bò cà rốt khoai được gì xào,bo_kho
món ăn từ bò phở hấp,pho_bo
nguyên liệu: cà chua đậu hũ trộn,dau_hu_sot_ca
mình có mì trứng nhanh kho,mi_xao_trung
tôi có bánh mì thịt nhanh,banh_mi_thit
nấu trứng được gì luộc,trung_op_la
ăn với gà,ga_chien
món ăn từ bò mì luộc,mi_xao_bo
rau,canh_rau
làm món từ mì,mi_goi
thịt bánh mì chiên,banh_mi_thit
nấu gà được gì,canh_ga
nấu trứng được gì,trung_luoc
có trứng thì nấu gì,trung_hap
món ăn từ trứng bánh mì ngon,banh_mi_op_la
nguyên liệu: trứng hấp,trung_cuon
đậu xúc xích cơm trứng,com_chien_duong_chau
nấu trứng thịt được gì chiên,thit_kho_trung
có trứng thì nấu gì chiên,trung_chien
nguyên liệu: cà chua trứng trộn,trung_chien_ca_chua
cơm sườn,com_tam
làm món từ gà luộc,ga_nuong
làm món từ sườn,suon_kho
có trứng ngon thì nấu gì,trung_chien
nấu mì tôm mực được gì,mi_xao_hai_san
mình có đậu hũ cà chua kho,dau_hu_sot_ca
có mì mực tôm thì nấu gì,mi_xao_hai_san
món ăn từ gà cà rốt chiên,sup_ga
món ăn từ trứng hành chiên,trung_xao_hanh
ăn với trứng chiên,trung_luoc
đậu hũ cà chua,dau_hu_sot_ca
tôm tỏi,tom_xao_toi
có sườn thì nấu gì nướng,suon_kho
nấu cà rốt gà được gì luộc,sup_ga
ăn với gà,ga_nuong
làm món từ bò hành gia đình xào,bo_xao_hanh
bò bún,bun_bo
món ăn từ trứng thịt gia đình nướng,thit_kho_trung
có đậu hũ gia đình thì nấu gì,dau_hu_chien
có mực cơm tôm thì nấu gì,com_chien_hai_san
tôi muốn nấu mì trứng kho,mi_xao_trung
tôi có tôm tỏi,tom_xao_toi
tôi có thịt trứng,trung_xao_thit
mình có gà cơm nhanh,com_ga
ăn với trứng,trung_luoc
trứng nhanh,trung_cuon
có trứng thì nấu gì,trung_chien
tôi muốn nấu tôm tỏi trộn,tom_xao_toi
món ăn từ đậu hũ,dau_hu_chien
mình có trứng mì,mi_xao_trung
có tỏi tôm thì nấu gì hấp,tom_xao_toi
mình có mực tôm mì gia đình kho,mi_xao_hai_san
tôi muốn nấu hành cơm trứng,com_chien_trung
có cơm gà nhanh thì nấu gì chiên,com_ga
có trứng thịt thì nấu gì,thit_kho_trung
có cá gia đình thì nấu gì,ca_kho
mình có sườn đơn giản,suon_kho
làm món từ sườn,suon_nuong
có gà thì nấu gì nướng,ga_chien
món ăn từ trứng,trung_op_la
nguyên liệu: thịt trứng,thit_kho_trung
món ăn từ trứng nhanh,trung_chien
tôi có tôm mực cơm,com_chien_hai_san
nấu trứng bánh mì được gì chiên,banh_mi_trung
tôi có cơm mực tôm,com_chien_hai_san
nấu rau trứng cơm được gì hấp,com_tron
làm món từ cà rốt gà đơn giản,sup_ga
làm món từ sườn,suon_nuong
gà hấp,ga_chien
mình có bò bún,bun_bo
mình có rau cơm trứng,com_tron
nguyên liệu: trứng cơm rau xào,com_tron
xúc xích cơm trứng đậu,com_chien_duong_chau
tôi muốn nấu trứng,trung_cuon
có bò hành thì nấu gì luộc,bo_xao_hanh
làm món từ cá,ca_chien
tôi có bánh mì trứng chiên,banh_mi_trung
tôi có trứng,trung_chien
nấu cá nhanh được gì,ca_chien
có mì mực tôm thì nấu gì,mi_xao_hai_san
làm món từ trứng đơn giản,trung_op_la
làm món từ thịt trứng,thit_kho_trung
có rau mì thì nấu gì,mi_tron
có trứng thì nấu gì,trung_op_la
cá,ca_kho
tôi có cơm gà đơn giản,com_ga
ăn với mực tôm cơm xào,com_chien_hai_san
trứng,trung_hap
nấu đậu hũ cà chua được gì,dau_hu_sot_ca
tôi muốn nấu cà rốt bò khoai đơn giản,bo_kho
tôi muốn nấu trứng nhanh hấp,trung_hap
nấu cá được gì xào,ca_chien
ăn với gà,canh_ga
mình có cơm trứng hành nhanh,com_chien_trung
món ăn từ đậu hũ gia đình,dau_hu_chien
nguyên liệu: trứng,trung_op_la
cơm gà nướng,com_ga
làm món từ sườn,suon_kho
nguyên liệu: tỏi tôm,tom_xao_toi
tôi muốn nấu tỏi tôm trộn,tom_xao_toi
tôi có rau mực tôm chiên,lau_thai
ăn với thịt chiên,thit_nuong
tôi có hành bò,bo_xao_hanh
có cà rốt gà ngon thì nấu gì hấp,sup_ga
làm món từ rau,canh_rau
tôi có cơm sườn trộn,com_tam
ăn với thịt rau,thit_xao_rau
nguyên liệu: cà chua đậu hũ,dau_hu_sot_ca
tôi muốn nấu sườn cơm chiên,com_tam
gà cà rốt,sup_ga
tôi có tôm mực cơm,com_chien_hai_san
nấu cơm trứng hành được gì kho,com_chien_trung
có sườn thì nấu gì luộc,suon_nuong
tôi có cà rốt gà trộn,sup_ga
tôi muốn nấu trứng trộn,trung_op_la
làm món từ gà,ga_nuong
tôi muốn nấu rau gà nhanh xào,lau_ga
tôi muốn nấu trứng,trung_chien
nguyên liệu: bánh mì thịt chiên,banh_mi_thit
tôi muốn nấu cá luộc,ca_kho
món ăn từ trứng,trung_cuon
tôi có rau mì nhanh,mi_tron
món ăn từ rau gà nướng,lau_ga
nguyên liệu: thịt trứng,thit_kho_trung
tôi muốn nấu gà rau,lau_ga
trứng,trung_cuon
ăn với bò phở,pho_bo
đậu hũ cà chua,dau_hu_sot_ca
có trứng cơm xúc xích đậu thì nấu gì xào,com_chien_duong_chau
món ăn từ cà rốt gà luộc,sup_ga
tôi có trứng thịt,thit_kho_trung
tôi muốn nấu mì luộc,mi_goi
món ăn từ gà,ga_chien
làm món từ cà chua đậu hũ ngon kho,dau_hu_sot_ca
ăn với gà hấp,canh_ga
làm món từ mì,mi_goi
tôi muốn nấu trứng cơm xúc xích đậu chiên,com_chien_duong_chau
ăn với gà trộn,ga_nuong
tôi có trứng xúc xích đậu cơm,com_chien_duong_chau
nguyên liệu: cá,ca_kho
nguyên liệu: cá,ca_chien
tôi có mì rau,mi_tron
tôi có trứng nhanh,trung_op_la
tôi muốn nấu mì,mi_goi
nguyên liệu: mì bò,mi_xao_bo
món ăn từ gà cơm,com_ga
ăn với cà chua đậu hũ ngon,dau_hu_sot_ca
tôi có gà,ga_chien
làm món từ đậu hũ,dau_hu_chien
nấu cơm gà được gì,com_ga
nấu bánh mì trứng gia đình được gì,banh_mi_trung
nấu gà được gì,canh_ga
tôi có sườn cơm,com_tam
làm món từ bún bò kho,bun_bo
ăn với bánh mì trứng,banh_mi_op_la
mình có đậu hũ,dau_hu_chien
làm món từ sườn cơm,com_tam
làm món từ hành bò,bo_xao_hanh
có gà cơm thì nấu gì,com_ga
món ăn từ tỏi rau ngon,rau_xao_toi
mình có cá,ca_kho
làm món từ trứng kho,trung_hap
tôi có tỏi rau,rau_xao_toi
ăn với trứng hành,trung_xao_hanh
ăn với gà,ga_nuong
có cá thì nấu gì kho,ca_kho
mình có hành trứng,trung_xao_hanh
tôi muốn nấu trứng bánh mì trộn,banh_mi_op_la
có rau nhanh thì nấu gì,canh_rau
làm món từ tỏi tôm,tom_xao_toi
tôi có sườn đơn giản luộc,suon_kho
làm món từ trứng bánh mì,banh_mi_op_la
nguyên liệu: gà ngon xào,canh_ga
món ăn từ trứng nướng,trung_chien
làm món từ trứng xào,trung_cuon
nguyên liệu: trứng hành cơm,com_chien_trung
tôi muốn nấu mì rau,mi_tron
cà chua trứng,canh_trung_ca_chua
nấu gà được gì,canh_ga
nguyên liệu: trứng thịt,trung_xao_thit
nấu đậu cơm xúc xích trứng được gì chiên,com_chien_duong_chau
tôi muốn nấu phở bò,pho_bo
làm món từ cà rốt bò khoai,bo_kho
món ăn từ trứng hành cơm,com_chien_trung
làm món từ hành trứng kho,trung_xao_hanh
có trứng thì nấu gì chiên,trung_chien
tôi muốn nấu trứng xào,trung_cuon
mình có trứng nướng,trung_cuon
món ăn từ rau thịt,thit_xao_rau
có cơm sườn thì nấu gì hấp,com_tam
rau gà,lau_ga
ăn với gà rau,lau_ga
ăn với trứng,trung_luoc
làm món từ tỏi rau kho,rau_xao_toi
làm món từ bún bò,bun_bo
làm món từ trứng,trung_luoc
làm món từ đậu hũ,dau_hu_chien
món ăn từ bánh mì trứng,banh_mi_op_la
có trứng cà chua thì nấu gì,trung_chien_ca_chua
món ăn từ cà rốt gà,sup_ga
món ăn từ rau mực tôm,lau_thai
ăn với rau mì,mi_tron
đậu trứng cơm xúc xích,com_chien_duong_chau
món ăn từ cá,ca_chien
cá trộn,ca_kho
ăn với trứng nhanh,trung_cuon
mình có hành bò,bo_xao_hanh
món ăn từ mực cơm tôm,com_chien_hai_san
ăn với rau xào,canh_rau
món ăn từ gà đơn giản,ga_nuong
có thịt trứng thì nấu gì,trung_xao_thit
có sườn cơm thì nấu gì nướng,com_tam
có thịt bánh mì nhanh thì nấu gì luộc,banh_mi_thit
mình có cà rốt bò khoai,bo_kho
tôi có trứng,trung_cuon
ăn với trứng thịt,thit_kho_trung
món ăn từ trứng,trung_chien
ăn với gà cơm,com_ga
ăn với cá trộn,ca_kho
làm món từ thịt trứng kho,trung_xao_thit
mình có cơm gà xào,com_ga
tôi muốn nấu gà hấp,ga_chien
tôi có rau gà,lau_ga
món ăn từ rau tỏi,rau_xao_toi
nấu thịt được gì,thit_nuong
có trứng bánh mì thì nấu gì nướng,banh_mi_op_la
tôi có tỏi tôm ngon hấp,tom_xao_toi
mì xào,mi_goi
nấu trứng thịt ngon được gì chiên,trung_xao_thit
làm món từ trứng rau cơm,com_tron
làm món từ gà ngon xào,ga_nuong
trứng,trung_cuon
ăn với cà chua đậu hũ,dau_hu_sot_ca
cà rốt bò khoai,bo_kho
gà cà rốt kho,sup_ga
mình có thịt,thit_nuong
thịt rau gia đình,thit_xao_rau
tôi muốn nấu trứng bánh mì luộc,banh_mi_op_la
tôi có đậu hũ,dau_hu_chien
nấu trứng được gì,trung_hap
có đậu hũ thì nấu gì,dau_hu_chien
tôi có cơm gà,com_ga
làm món từ tỏi tôm kho,tom_xao_toi
có bánh mì thịt thì nấu gì hấp,banh_mi_thit
gà,ga_chien
tôi có gà,ga_nuong
mình có trứng thịt chiên,trung_xao_thit
nguyên liệu: trứng nhanh,trung_hap
món ăn từ thịt trứng,thit_kho_trung
tôi muốn nấu đậu hũ ngon,dau_hu_chien
nguyên liệu: cá,ca_kho
ăn với bánh mì thịt kho,banh_mi_thit
ăn với bò bún nướng,bun_bo
làm món từ cơm tôm mực xào,com_chien_hai_san
mình có trứng hành cơm,com_chien_trung
có trứng đơn giản thì nấu gì,trung_luoc
món ăn từ bò bún,bun_bo
nguyên liệu: rau mì nhanh kho,mi_tron
mình có bánh mì thịt,banh_mi_thit
mình có gà,canh_ga
nguyên liệu: rau mực tôm ngon,lau_thai
tôi muốn nấu hành bò chiên,bo_xao_hanh
mình có rau thịt đơn giản nướng,thit_xao_rau
nguyên liệu: bánh mì trứng,banh_mi_trung
nguyên liệu: gà ngon,ga_chien
nguyên liệu: trứng kho,trung_op_la
trứng cơm hành,com_chien_trung
món ăn từ gà gia đình,ga_nuong
ăn với bún bò gia đình,bun_bo
mực mì tôm chiên,mi_xao_hai_san
nguyên liệu: cá chiên,ca_kho
bò phở hấp,pho_bo
món ăn từ trứng cơm xúc xích đậu,com_chien_duong_chau
ăn với rau cơm trứng nướng,com_tron
có rau thịt đơn giản thì nấu gì,thit_xao_rau
mình có gà luộc,canh_ga
nguyên liệu: sườn trộn,suon_kho
tôi có trứng,trung_cuon
tôi có bò mì luộc,mi_xao_bo
tôi có sườn hấp,suon_kho
tôi có cá luộc,ca_chien
cơm rau trứng,com_tron
làm món từ đậu hũ,dau_hu_chien
rau tôm mực xào,lau_thai
nguyên liệu: mì trộn,mi_goi
cơm sườn trộn,com_tam
làm món từ trứng cà chua,canh_trung_ca_chua
gà trộn,canh_ga
mình có cà chua trứng gia đình nướng,trung_chien_ca_chua
món ăn từ thịt trứng,thit_kho_trung
mình có bò khoai cà rốt,bo_kho
rau gà,lau_ga
tôi có mì bò luộc,mi_xao_bo
có cơm sườn thì nấu gì,com_tam
ăn với tỏi tôm chiên,tom_xao_toi
tôi muốn nấu rau thịt kho,thit_xao_rau
ăn với mì nướng,mi_goi
nấu bò mì được gì xào,mi_xao_bo
món ăn từ phở bò hấp,pho_bo
mình có thịt bánh mì nướng,banh_mi_thit
làm món từ gà,ga_chien
món ăn từ gà,canh_ga
ăn với trứng cơm rau,com_tron
nấu cà rốt gà được gì,sup_ga
tôi muốn nấu khoai bò cà rốt,bo_kho
món ăn từ bánh mì trứng ngon hấp,banh_mi_op_la
nấu hành trứng được gì nướng,trung_xao_hanh
ăn với mì rau trộn,mi_tron
nấu cơm gà được gì hấp,com_ga
có trứng thì nấu gì luộc,trung_chien
xúc xích đậu trứng cơm,com_chien_duong_chau
mình có cà rốt gà,sup_ga
nguyên liệu: trứng,trung_cuon
trứng ngon,trung_chien
mình có trứng xào,trung_cuon
thịt trứng,thit_kho_trung
nguyên liệu: bánh mì thịt,banh_mi_thit
món ăn từ cà chua trứng,trung_chien_ca_chua
ăn với cá,ca_kho
tôi có khoai bò cà rốt,bo_kho
ăn với gà ngon,ga_chien
mình có tỏi tôm,tom_xao_toi
làm món từ rau mì,mi_tron
món ăn từ thịt trứng,thit_kho_trung
tôi muốn nấu mì trứng,mi_xao_trung
nấu tôm cơm mực được gì nướng,com_chien_hai_san
món ăn từ cá ngon hấp,ca_kho
làm món từ cà rốt gà hấp,sup_ga
tôi có rau,canh_rau
có rau thì nấu gì,canh_rau
tôi muốn nấu thịt,thit_nuong
tôi muốn nấu tỏi rau trộn,rau_xao_toi
ăn với tôm mực mì,mi_xao_hai_san
món ăn từ bò phở xào,pho_bo
mình có rau mì xào,mi_tron
tôi có đậu hũ cà chua,dau_hu_sot_ca
làm món từ thịt trứng,trung_xao_thit
mình có đậu cơm xúc xích trứng nhanh,com_chien_duong_chau
mình có bò cà rốt khoai ngon,bo_kho
ăn với tôm mực mì,mi_xao_hai_san
nấu tỏi rau được gì,rau_xao_toi
cà chua đậu hũ chiên,dau_hu_sot_ca
nấu trứng được gì,trung_luoc
làm món từ trứng cà chua kho,canh_trung_ca_chua
nấu tôm mì mực đơn giản được gì kho,mi_xao_hai_san
ăn với trứng,trung_cuon
tôi có sườn xào,suon_nuong
ăn với cà chua trứng nhanh kho,trung_chien_ca_chua
mình có trứng bánh mì,banh_mi_op_la
làm món từ trứng đậu cơm xúc xích kho,com_chien_duong_chau
nấu cá được gì hấp,ca_kho
món ăn từ thịt rau nhanh,thit_xao_rau
tôi có bò bún,bun_bo
tôi có cá,ca_chien
mình có bún bò đơn giản,bun_bo
tôi muốn nấu cơm sườn,com_tam
mình có gà cà rốt,sup_ga
món ăn từ bánh mì trứng xào,banh_mi_trung
làm món từ trứng thịt,trung_xao_thit
có sườn thì nấu gì,suon_nuong
nguyên liệu: đậu hũ,dau_hu_chien
tôi muốn nấu gà cà rốt,sup_ga
làm món từ mì đơn giản,mi_goi
làm món từ trứng cà chua,canh_trung_ca_chua
nấu trứng được gì,trung_op_la
làm món từ rau,canh_rau
làm món từ gà kho,ga_nuong
nấu bò mì được gì,mi_xao_bo
có sườn cơm thì nấu gì,com_tam
ăn với mì,mi_goi
làm món từ bò phở,pho_bo
ăn với mì xào,mi_goi
ăn với gà,canh_ga
sườn,suon_kho
mình có trứng gia đình,trung_cuon
có phở bò thì nấu gì xào,pho_bo
tôi muốn nấu tôm rau mực,lau_thai
nấu trứng mì được gì,mi_xao_trung
nguyên liệu: thịt trứng gia đình,thit_kho_trung
nguyên liệu: trứng,trung_chien
làm món từ gà rau kho,lau_ga
ăn với cà chua đậu hũ,dau_hu_sot_ca
mình có bò bún,bun_bo
tôi có tôm mì mực luộc,mi_xao_hai_san
có mì bò thì nấu gì trộn,mi_xao_bo
có trứng bánh mì thì nấu gì,banh_mi_op_la
tôi có tôm tỏi,tom_xao_toi
món ăn từ gà,ga_nuong
mình có sườn đơn giản,suon_kho
có cà chua trứng thì nấu gì trộn,trung_chien_ca_chua
nguyên liệu: rau,canh_rau
ăn với hành trứng kho,trung_xao_hanh
làm món từ sườn chiên,suon_kho
nguyên liệu: rau kho,canh_rau
nấu rau được gì,canh_rau
nguyên liệu: cà chua trứng,canh_trung_ca_chua
mình có cà rốt gà đơn giản nướng,sup_ga
có cơm tôm mực thì nấu gì,com_chien_hai_san
nguyên liệu: thịt,thit_nuong
nguyên liệu: trứng trộn,trung_cuon
món ăn từ trứng cà chua,trung_chien_ca_chua
tôi muốn nấu trứng bánh mì nướng,banh_mi_trung
ăn với rau thịt,thit_xao_rau
nguyên liệu: trứng,trung_hap
tôi muốn nấu mực cơm tôm,com_chien_hai_san
ăn với cá,ca_chien
nấu bò phở được gì,pho_bo
ăn với thịt trứng,thit_kho_trung
nguyên liệu: mì bò,mi_xao_bo
làm món từ trứng cà chua,trung_chien_ca_chua
tôi muốn nấu bánh mì trứng,banh_mi_op_la
tôi có gà cơm,com_ga
tôi có đậu cơm xúc xích trứng,com_chien_duong_chau
có mực mì tôm ngon thì nấu gì,mi_xao_hai_san
tôi có bánh mì trứng gia đình,banh_mi_op_la
tôi có cà rốt gà,sup_ga
nấu tỏi rau được gì,rau_xao_toi
nấu mì đơn giản được gì xào,mi_goi
tôi muốn nấu cơm sườn đơn giản,com_tam
tôi muốn nấu bò phở gia đình trộn,pho_bo
nguyên liệu: gà cơm,com_ga
tôi có sườn,suon_nuong
món ăn từ tôm rau mực ngon luộc,lau_thai
nguyên liệu: trứng kho,trung_chien
có gà cơm thì nấu gì,com_ga
món ăn từ đậu cơm xúc xích trứng,com_chien_duong_chau
có mì rau nhanh thì nấu gì,mi_tron
món ăn từ xúc xích đậu cơm trứng xào,com_chien_duong_chau
có gà thì nấu gì,ga_chien
làm món từ sườn hấp,suon_nuong
làm món từ cơm trứng hành đơn giản,com_chien_trung
ăn với đậu hũ luộc,dau_hu_chien
tôi có trứng trộn,trung_luoc
ăn với cơm sườn,com_tam
tôi có mì trứng ngon,mi_xao_trung
ăn với hành trứng ngon,trung_xao_hanh
nấu rau gia đình được gì,canh_rau
nguyên liệu: trứng thịt trộn,thit_kho_trung
có tỏi tôm thì nấu gì,tom_xao_toi
mình có trứng ngon chiên,trung_hap
gà trộn,canh_ga
nguyên liệu: gà gia đình trộn,canh_ga
nấu xúc xích cơm trứng đậu ngon được gì chiên,com_chien_duong_chau
tôi muốn nấu tôm cơm mực,com_chien_hai_san
ăn với trứng,trung_op_la
tôi có đậu hũ hấp,dau_hu_chien
làm món từ hành bò chiên,bo_xao_hanh
nấu gà gia đình được gì,ga_chien
nấu trứng cà chua được gì,trung_chien_ca_chua
nguyên liệu: gà,canh_ga
tôi có trứng ngon,trung_hap
tôi muốn nấu cá,ca_kho
làm món từ đậu hũ,dau_hu_chien
mình có gà ngon trộn,ga_nuong
nấu cơm sườn được gì,com_tam
nấu mực tôm mì được gì xào,mi_xao_hai_san
tôi có bò hành,bo_xao_hanh
món ăn từ cá xào,ca_chien
rau gà,lau_ga
tôi có hành bò,bo_xao_hanh
sườn,suon_kho
tôi muốn nấu trứng nhanh chiên,trung_luoc
nguyên liệu: mực rau tôm,lau_thai
tôi có sườn,suon_nuong
món ăn từ trứng,trung_luoc
tôi muốn nấu bánh mì trứng,banh_mi_trung
nguyên liệu: tỏi rau,rau_xao_toi
làm món từ rau kho,canh_rau
làm món từ thịt nhanh kho,thit_nuong
sườn,suon_nuong
làm món từ rau tỏi nhanh kho,rau_xao_toi
tôi có cá,ca_chien
tôi muốn nấu trứng cà chua đơn giản kho,canh_trung_ca_chua
tôi muốn nấu trứng,trung_chien
trứng cà chua trộn,canh_trung_ca_chua
hành trứng đơn giản chiên,trung_xao_hanh
tôi muốn nấu cơm sườn,com_tam
tôi muốn nấu cơm hành trứng,com_chien_trung
mình có trứng cơm đậu xúc xích,com_chien_duong_chau
món ăn từ trứng,trung_chien
mình có rau mực tôm nướng,lau_thai
phở bò nướng,pho_bo
làm món từ mì,mi_goi
có trứng cơm rau thì nấu gì,com_tron
nấu cơm sườn được gì,com_tam
món ăn từ tỏi tôm luộc,tom_xao_toi
làm món từ trứng xào,trung_hap
có trứng bánh mì ngon thì nấu gì nướng,banh_mi_trung
rau gà,lau_ga
tôi muốn nấu cơm gà,com_ga
mình có trứng thịt,trung_xao_thit
tôi muốn nấu cà chua trứng đơn giản,canh_trung_ca_chua
nấu sườn được gì kho,suon_nuong
món ăn từ tôm rau mực,lau_thai
món ăn từ rau,canh_rau
mình có trứng nướng,trung_luoc
món ăn từ gà rau,lau_ga
nguyên liệu: mì nướng,mi_goi
tôi muốn nấu rau tôm mực hấp,lau_thai
có mực tôm rau thì nấu gì kho,lau_thai
cá gia đình luộc,ca_chien
ăn với phở bò chiên,pho_bo
có cơm gà nhanh thì nấu gì,com_ga
mình có cà chua đậu hũ,dau_hu_sot_ca
cá,ca_kho
sườn kho,suon_nuong
có cà chua đậu hũ thì nấu gì,dau_hu_sot_ca
có bánh mì trứng thì nấu gì chiên,banh_mi_op_la
có thịt thì nấu gì trộn,thit_nuong
gà trộn,ga_chien
mình có rau,canh_rau
món ăn từ sườn xào,suon_kho
làm món từ mực tôm cơm xào,com_chien_hai_san
làm món từ bún bò,bun_bo
làm món từ tôm tỏi luộc,tom_xao_toi
cà rốt khoai bò,bo_kho
ăn với gà rau,lau_ga
tôi muốn nấu bò hành,bo_xao_hanh
trứng bánh mì,banh_mi_trung
bánh mì trứng trộn,banh_mi_op_la
tôi muốn nấu trứng xào,trung_op_la
làm món từ gà gia đình,ga_chien
món ăn từ trứng kho,trung_chien
tôi có cơm hành trứng,com_chien_trung
tôi muốn nấu trứng thịt gia đình trộn,trung_xao_thit
nấu phở bò được gì hấp,pho_bo
cà chua đậu hũ kho,dau_hu_sot_ca
nấu cà chua trứng được gì,canh_trung_ca_chua
mình có bánh mì thịt hấp,banh_mi_thit
làm món từ trứng mì hấp,mi_xao_trung
cà rốt gà nướng,sup_ga
tôi có cá gia đình luộc,ca_chien
nấu trứng hành được gì chiên,trung_xao_hanh
nấu sườn cơm được gì,com_tam
trứng cà chua,canh_trung_ca_chua
món ăn từ cà rốt bò khoai gia đình xào,bo_kho
làm món từ thịt rau gia đình,thit_xao_rau
làm món từ cơm gà,com_ga
thịt trứng,thit_kho_trung
tôi có mì đơn giản trộn,mi_goi
làm món từ gà đơn giản chiên,ga_chien
nấu trứng được gì nướng,trung_cuon
mình có rau mì,mi_tron
ăn với mì trứng,mi_xao_trung
có xúc xích đậu trứng cơm thì nấu gì chiên,com_chien_duong_chau
nguyên liệu: sườn nhanh,suon_nuong
làm món từ cơm đậu trứng xúc xích,com_chien_duong_chau
làm món từ bánh mì trứng,banh_mi_op_la
làm món từ mực tôm mì trộn,mi_xao_hai_san
có gà rau thì nấu gì xào,lau_ga
món ăn từ gà đơn giản,canh_ga
rau nhanh,canh_rau
mình có mì,mi_goi
mình có tôm rau mực,lau_thai
ăn với gà rau,lau_ga
món ăn từ sườn trộn,suon_kho
mình có hành bò ngon,bo_xao_hanh
ăn với trứng chiên,trung_chien
trứng thịt,thit_kho_trung
trứng luộc,trung_cuon
làm món từ mì trứng,mi_xao_trung
món ăn từ rau mì,mi_tron
món ăn từ thịt trứng nhanh luộc,trung_xao_thit
tôi muốn nấu gà rau chiên,lau_ga
món ăn từ mì,mi_goi
tôi có trứng,trung_luoc
ăn với gà nhanh chiên,ga_chien
mình có cà chua đậu hũ,dau_hu_sot_ca
ăn với sườn cơm hấp,com_tam
món ăn từ thịt trứng,thit_kho_trung
làm món từ trứng đậu cơm xúc xích ngon,com_chien_duong_chau
nấu bò mì ngon được gì,mi_xao_bo
làm món từ đậu hũ ngon,dau_hu_chien
nguyên liệu: bún bò,bun_bo
món ăn từ trứng,trung_cuon
đậu hũ xào,dau_hu_chien
nguyên liệu: gà cơm,com_ga
nguyên liệu: rau tỏi kho,rau_xao_toi
tôi có sườn nướng,suon_kho
nấu gà được gì,canh_ga
trứng đơn giản trộn,trung_op_la
trứng bánh mì,banh_mi_op_la
trứng đậu xúc xích cơm nhanh chiên,com_chien_duong_chau
ăn với trứng,trung_op_la
thịt trứng,thit_kho_trung
tôi có sườn kho,suon_kho
ăn với gà cơm,com_ga
làm món từ sườn cơm kho,com_tam
tôi muốn nấu bò khoai cà rốt,bo_kho
làm món từ trứng,trung_luoc
làm món từ tỏi tôm nhanh,tom_xao_toi
mình có trứng mì nướng,mi_xao_trung
nấu gà rau được gì,lau_ga
ăn với đậu hũ gia đình,dau_hu_chien
món ăn từ sườn,suon_kho
tôi muốn nấu mì bò gia đình trộn,mi_xao_bo
nấu tỏi tôm được gì,tom_xao_toi
có mực tôm mì thì nấu gì chiên,mi_xao_hai_san
tôi có trứng đơn giản,trung_luoc
có đậu hũ thì nấu gì kho,dau_hu_chien
có trứng thịt thì nấu gì,trung_xao_thit
món ăn từ bò hành,bo_xao_hanh
ăn với mì mực tôm,mi_xao_hai_san
có đậu hũ thì nấu gì xào,dau_hu_chien
làm món từ bún bò kho,bun_bo
tôi có bò mì xào,mi_xao_bo
nguyên liệu: trứng bánh mì hấp,banh_mi_op_la
mình có trứng rau cơm,com_tron
nguyên liệu: thịt đơn giản,thit_nuong
mình có tôm tỏi trộn,tom_xao_toi
món ăn từ trứng mì luộc,mi_xao_trung
mình có sườn hấp,suon_kho
tôi có trứng bánh mì hấp,banh_mi_trung
có cà chua đậu hũ thì nấu gì xào,dau_hu_sot_ca
tỏi rau đơn giản,rau_xao_toi
nấu bò mì được gì,mi_xao_bo
nguyên liệu: mì mực tôm,mi_xao_hai_san
ăn với tôm mực cơm,com_chien_hai_san
mình có sườn luộc,suon_kho
tôi có mì tôm mực nhanh chiên,mi_xao_hai_san
nguyên liệu: tôm mực rau,lau_thai
tôi muốn nấu trứng thịt,trung_xao_thit
mình có cơm mực tôm,com_chien_hai_san
có đậu hũ cà chua thì nấu gì,dau_hu_sot_ca
ăn với mực rau tôm,lau_thai
làm món từ trứng mì kho,mi_xao_trung
nguyên liệu: mì,mi_goi
món ăn từ bò phở đơn giản xào,pho_bo
nấu bò hành nhanh được gì,bo_xao_hanh
nấu cá được gì,ca_chien
ăn với rau mực tôm nhanh,lau_thai
nguyên liệu: trứng gia đình,trung_luoc
nguyên liệu: thịt rau,thit_xao_rau
ăn với mì xào,mi_goi
mình có trứng nướng,trung_op_la
thịt bánh mì nướng,banh_mi_thit
nấu trứng bánh mì được gì,banh_mi_trung
bò hành,bo_xao_hanh
món ăn từ cà rốt gà,sup_ga
làm món từ trứng rau cơm nướng,com_tron
làm món từ gà cà rốt hấp,sup_ga
có đậu hũ đơn giản thì nấu gì trộn,dau_hu_chien
nấu thịt trứng được gì nướng,trung_xao_thit
làm món từ trứng thịt,thit_kho_trung
thịt trứng nướng,trung_xao_thit
có trứng thì nấu gì xào,trung_chien
bò phở xào,pho_bo
có trứng bánh mì thì nấu gì,banh_mi_trung
món ăn từ bánh mì thịt nướng,banh_mi_thit
bò phở gia đình hấp,pho_bo
ăn với sườn nhanh,suon_kho
ăn với trứng hành,trung_xao_hanh
sườn,suon_kho
tôi có bò hành chiên,bo_xao_hanh
nấu trứng được gì nướng,trung_luoc
làm món từ tôm cơm mực ngon hấp,com_chien_hai_san
nấu gà cà rốt được gì hấp,sup_ga
nấu rau đơn giản được gì,canh_rau
tôm tỏi,tom_xao_toi
nấu bò bún được gì,bun_bo
tôi muốn nấu cà chua trứng,canh_trung_ca_chua
ăn với sườn nhanh hấp,suon_nuong
tôi muốn nấu cà rốt gà ngon,sup_ga
ăn với gà rau nhanh,lau_ga
món ăn từ trứng mì trộn,mi_xao_trung
có cà chua trứng thì nấu gì,canh_trung_ca_chua
thịt đơn giản,thit_nuong
ăn với cà chua trứng nhanh luộc,canh_trung_ca_chua
mình có hành trứng,trung_xao_hanh
nguyên liệu: trứng cà chua,canh_trung_ca_chua
món ăn từ mực tôm cơm kho,com_chien_hai_san
mình có trứng,trung_cuon
nguyên liệu: phở bò,pho_bo
ăn với mì ngon chiên,mi_goi
tôi có xúc xích cơm trứng đậu,com_chien_duong_chau
tôi muốn nấu bún bò hấp,bun_bo
ăn với tỏi tôm chiên,tom_xao_toi
tôi có khoai bò cà rốt,bo_kho
nấu trứng nhanh được gì,trung_op_la
tôi muốn nấu hành bò,bo_xao_hanh
nấu trứng được gì,trung_luoc
tôi có gà,canh_ga
món ăn từ gà kho,ga_nuong
món ăn từ tôm tỏi luộc,tom_xao_toi
tôi muốn nấu cơm gà,com_ga
ăn với tỏi tôm ngon nướng,tom_xao_toi
tôi muốn nấu sườn cơm,com_tam
tôi có đậu hũ luộc,dau_hu_chien
ăn với trứng luộc,trung_hap
có rau thì nấu gì kho,canh_rau
nấu thịt được gì,thit_nuong
trứng trộn,trung_chien
mình có trứng mì chiên,mi_xao_trung
bò hành gia đình,bo_xao_hanh
nấu trứng đơn giản được gì hấp,trung_op_la
tôi muốn nấu gà cơm,com_ga
bò mì gia đình,mi_xao_bo
làm món từ mực mì tôm,mi_xao_hai_san
ăn với gà nhanh xào,canh_ga
ăn với cá,ca_chien
tôi có cơm mực tôm trộn,com_chien_hai_san
mình có cà chua trứng,canh_trung_ca_chua
ăn với cá trộn,ca_chien
ăn với đậu hũ,dau_hu_chien
tôi muốn nấu tôm mì mực,mi_xao_hai_san
nấu tôm cơm mực được gì,com_chien_hai_san
mình có bánh mì thịt hấp,banh_mi_thit
tôi có hành trứng,trung_xao_hanh
làm món từ trứng cơm hành,com_chien_trung
ăn với trứng thịt,trung_xao_thit
tôi có trứng đơn giản,trung_hap
làm món từ mì bò,mi_xao_bo
làm món từ đậu hũ,dau_hu_chien
tôi muốn nấu tỏi rau nhanh xào,rau_xao_toi
nấu khoai cà rốt bò được gì nướng,bo_kho
có cơm sườn thì nấu gì trộn,com_tam
tôi có thịt,thit_nuong
tôi muốn nấu tỏi rau,rau_xao_toi
có thịt bánh mì gia đình thì nấu gì,banh_mi_thit
nấu rau tôm mực gia đình được gì luộc,lau_thai
ăn với gà,ga_nuong
làm món từ cá ngon,ca_chien
mình có cà rốt khoai bò nướng,bo_kho
nấu gà được gì,ga_chien
mình có trứng mì chiên,mi_xao_trung
trứng,trung_op_la
làm món từ cá,ca_kho
tôi có cá,ca_kho
tôi muốn nấu rau thịt ngon luộc,thit_xao_rau
ăn với hành bò,bo_xao_hanh
mì ngon nướng,mi_goi
món ăn từ tỏi tôm trộn,tom_xao_toi
nguyên liệu: gà,ga_chien
tôi muốn nấu cà rốt gà,sup_ga
tôi muốn nấu đậu hũ,dau_hu_chien
mình có bò phở luộc,pho_bo
mình có trứng gia đình,trung_op_la
tôi có bánh mì trứng,banh_mi_trung
tôi muốn nấu đậu hũ,dau_hu_chien
ăn với bánh mì trứng hấp,banh_mi_trung
tôi muốn nấu trứng hấp,trung_hap
mình có trứng,trung_op_la
mình có hành bò nướng,bo_xao_hanh
ăn với cá trộn,ca_kho
ăn với cà chua trứng nhanh kho,trung_chien_ca_chua
tôi muốn nấu rau mì,mi_tron
nguyên liệu: đậu hũ kho,dau_hu_chien
tôi có cà rốt gà hấp,sup_ga
ăn với đậu hũ cà chua,dau_hu_sot_ca
món ăn từ trứng hành luộc,trung_xao_hanh
tôi muốn nấu trứng,trung_op_la
tôi muốn nấu hành bò,bo_xao_hanh
nguyên liệu: rau gà đơn giản xào,lau_ga
làm món từ phở bò xào,pho_bo
mình có trứng gia đình,trung_cuon
thịt,thit_nuong
nguyên liệu: khoai bò cà rốt,bo_kho
rau tôm mực chiên,lau_thai
ăn với trứng nướng,trung_luoc
gà,ga_nuong
gà cà rốt xào,sup_ga
mì,mi_goi
làm món từ gà cơm,com_ga
nấu tôm tỏi được gì hấp,tom_xao_toi
làm món từ bánh mì trứng nhanh chiên,banh_mi_op_la
món ăn từ hành trứng gia đình,trung_xao_hanh
món ăn từ trứng gia đình,trung_luoc
mình có đậu hũ xào,dau_hu_chien
nguyên liệu: trứng hấp,trung_hap
nguyên liệu: bò mì,mi_xao_bo
món ăn từ hành bò xào,bo_xao_hanh
gà nướng,canh_ga
tôi muốn nấu mì trứng gia đình,mi_xao_trung
thịt trứng gia đình luộc,thit_kho_trung
làm món từ bò cà rốt khoai nướng,bo_kho
làm món từ cơm mực tôm,com_chien_hai_san
mình có bánh mì trứng,banh_mi_trung
mình có bò phở,pho_bo
nguyên liệu: trứng,trung_cuon
làm món từ mì,mi_goi
nguyên liệu: rau trứng cơm nhanh,com_tron
nấu cà chua trứng ngon được gì,trung_chien_ca_chua
ăn với cơm sườn ngon luộc,com_tam
tôi có trứng mì kho,mi_xao_trung
nguyên liệu: rau thịt trộn,thit_xao_rau
có mì tôm mực thì nấu gì,mi_xao_hai_san
mình có đậu hũ,dau_hu_chien
tôi có rau mì luộc,mi_tron
cơm đậu trứng xúc xích,com_chien_duong_chau
mình có bún bò ngon,bun_bo
mình có cà rốt khoai bò nướng,bo_kho
nguyên liệu: trứng bánh mì,banh_mi_op_la
mực tôm cơm,com_chien_hai_san
ăn với bò bún chiên,bun_bo
tôi có trứng bánh mì,banh_mi_trung
mình có cá,ca_chien
nấu sườn được gì hấp,suon_nuong
ăn với mì rau,mi_tron
mình có cà chua trứng trộn,canh_trung_ca_chua
tôi có hành trứng cơm,com_chien_trung
nguyên liệu: trứng mì hấp,mi_xao_trung
tôi có gà nhanh kho,ga_chien
tôi có tôm rau mực ngon,lau_thai
có trứng bánh mì thì nấu gì,banh_mi_trung
tôi có mì bò,mi_xao_bo
nguyên liệu: tỏi tôm đơn giản xào,tom_xao_toi
nguyên liệu: gà xào,ga_chien
mình có thịt gia đình,thit_nuong
bò khoai cà rốt,bo_kho
tôi có sườn ngon nướng,suon_nuong
nấu cơm gà được gì,com_ga
nguyên liệu: cà chua trứng,trung_chien_ca_chua
nấu thịt được gì,thit_nuong
làm món từ tỏi rau chiên,rau_xao_toi
tôi có cá gia đình luộc,ca_chien
làm món từ gà đơn giản,canh_ga
tôi có gà rau,lau_ga
món ăn từ cơm hành trứng kho,com_chien_trung
trứng luộc,trung_cuon
nguyên liệu: mì gia đình,mi_goi
làm món từ rau,canh_rau
món ăn từ trứng,trung_op_la
nấu thịt được gì,thit_nuong
món ăn từ thịt rau nướng,thit_xao_rau
làm món từ rau gà,lau_ga
tôi muốn nấu gà xào,ga_nuong
mình có hành bò,bo_xao_hanh
tôi muốn nấu trứng hành kho,trung_xao_hanh
nấu trứng bánh mì được gì,banh_mi_trung
có sườn thì nấu gì,suon_kho
làm món từ gà,canh_ga
tôi muốn nấu thịt rau,thit_xao_rau
tôi muốn nấu tỏi rau,rau_xao_toi
làm món từ thịt hấp,thit_nuong
nguyên liệu: thịt đơn giản,thit_nuong
tôi có mì chiên,mi_goi
tôi có tôm mực cơm gia đình,com_chien_hai_san
mình có mực cơm tôm,com_chien_hai_san
mình có gà,ga_chien
ăn với bánh mì trứng nhanh,banh_mi_trung
món ăn từ phở bò,pho_bo
rau gà,lau_ga
món ăn từ mì trứng,mi_xao_trung
nguyên liệu: đậu hũ cà chua,dau_hu_sot_ca
tôi muốn nấu tỏi rau đơn giản nướng,rau_xao_toi
ăn với cá chiên,ca_kho
mình có gà gia đình,ga_chien
tôi muốn nấu cà chua trứng,canh_trung_ca_chua
có bánh mì trứng thì nấu gì,banh_mi_op_la
ăn với gà,ga_chien
nấu trứng đơn giản được gì,trung_chien
ăn với mì nướng,mi_goi
làm món từ mì gia đình,mi_goi
ăn với cơm hành trứng,com_chien_trung
có trứng bánh mì nhanh thì nấu gì,banh_mi_op_la
nguyên liệu: gà,ga_nuong
tôm mực cơm,com_chien_hai_san
món ăn từ mì nhanh,mi_goi
có mì thì nấu gì,mi_goi
ăn với gà cơm chiên,com_ga
tôi muốn nấu cà chua đậu hũ đơn giản,dau_hu_sot_ca
tôi có cá luộc,ca_chien
có mực tôm mì gia đình thì nấu gì,mi_xao_hai_san
ăn với thịt bánh mì đơn giản,banh_mi_thit
ăn với gà rau,lau_ga
món ăn từ sườn cơm,com_tam
tôi muốn nấu cơm gà,com_ga
ăn với đậu hũ,dau_hu_chien
tôi muốn nấu mực tôm cơm,com_chien_hai_san
nguyên liệu: đậu hũ cà chua luộc,dau_hu_sot_ca
món ăn từ trứng,trung_cuon
tôi có thịt đơn giản luộc,thit_nuong
làm món từ gà nhanh,ga_nuong
làm món từ cơm gà hấp,com_ga
nấu đậu hũ cà chua được gì,dau_hu_sot_ca
ăn với khoai cà rốt bò,bo_kho
làm món từ cà chua trứng hấp,trung_chien_ca_chua
ăn với trứng hành chiên,trung_xao_hanh
món ăn từ sườn nướng,suon_kho
mình có trứng,trung_hap
món ăn từ trứng mì hấp,mi_xao_trung
tôi muốn nấu trứng,trung_chien
sườn,suon_nuong
nấu cá được gì kho,ca_chien
có thịt thì nấu gì nướng,thit_nuong
trứng thịt,thit_kho_trung
ăn với sườn,suon_nuong
tôi muốn nấu trứng thịt,thit_kho_trung
làm món từ mì mực tôm chiên,mi_xao_hai_san
tôi có cà chua trứng,trung_chien_ca_chua
làm món từ mì,mi_goi
món ăn từ trứng,trung_hap
nguyên liệu: tôm mì mực luộc,mi_xao_hai_san
tôm mực cơm,com_chien_hai_san
ăn với bò mì trộn,mi_xao_bo
có sườn thì nấu gì hấp,suon_kho
tôi có trứng,trung_luoc
tôi có trứng rau cơm,com_tron
bò hành,bo_xao_hanh
nấu trứng cà chua được gì chiên,trung_chien_ca_chua
trứng,trung_luoc
làm món từ hành trứng,trung_xao_hanh
ăn với trứng kho,trung_luoc
mì chiên,mi_goi
món ăn từ cá gia đình,ca_chien
mình có sườn luộc,suon_nuong
bánh mì trứng ngon nướng,banh_mi_trung
thịt trứng,trung_xao_thit
nguyên liệu: cà chua trứng,trung_chien_ca_chua
nguyên liệu: trứng đơn giản,trung_cuon
nguyên liệu: gà,ga_nuong
làm món từ đậu hũ cà chua nhanh kho,dau_hu_sot_ca
ăn với trứng,trung_hap
phở bò,pho_bo
tôi muốn nấu cá nướng,ca_chien
nguyên liệu: sườn,suon_kho
tôi có tôm cơm mực gia đình,com_chien_hai_san
tôi muốn nấu bò cà rốt khoai kho,bo_kho
nấu trứng được gì hấp,trung_cuon
làm món từ sườn ngon,suon_kho
tôi muốn nấu gà,ga_nuong
có rau thì nấu gì,canh_rau
có bò phở thì nấu gì hấp,pho_bo
có cá thì nấu gì,ca_kho
nấu trứng thịt được gì,thit_kho_trung
nguyên liệu: sườn,suon_kho
tôi muốn nấu trứng chiên,trung_hap
ăn với rau,canh_rau
nấu thịt rau được gì hấp,thit_xao_rau
món ăn từ rau mực tôm,lau_thai
làm món từ trứng chiên,trung_cuon
bánh mì trứng,banh_mi_op_la
tỏi rau chiên,rau_xao_toi
mình có bánh mì trứng,banh_mi_op_la
tôi muốn nấu cà chua trứng nhanh kho,trung_chien_ca_chua
tôi có trứng,trung_op_la
có gà rau thì nấu gì luộc,lau_ga
tôi muốn nấu bò mì,mi_xao_bo
làm món từ trứng chiên,trung_op_la
có trứng thịt thì nấu gì hấp,thit_kho_trung
mình có trứng bánh mì,banh_mi_trung
ăn với cà rốt khoai bò đơn giản,bo_kho
gà,canh_ga
món ăn từ trứng cà chua,canh_trung_ca_chua
có cơm hành trứng thì nấu gì,com_chien_trung
rau mì,mi_tron
tôi có cà chua đậu hũ,dau_hu_sot_ca
món ăn từ bánh mì trứng nướng,banh_mi_trung
nguyên liệu: cà chua trứng,trung_chien_ca_chua
tôi muốn nấu trứng cơm xúc xích đậu chiên,com_chien_duong_chau
nấu cá được gì,ca_chien
nấu sườn được gì hấp,suon_kho
nấu bò phở được gì hấp,pho_bo
ăn với trứng,trung_luoc
ăn với thịt trứng kho,thit_kho_trung
ăn với bánh mì thịt nướng,banh_mi_thit
nguyên liệu: hành trứng nhanh,trung_xao_hanh
nguyên liệu: trứng gia đình nướng,trung_op_la
đậu hũ nhanh trộn,dau_hu_chien
nấu đậu hũ được gì,dau_hu_chien
ăn với đậu hũ kho,dau_hu_chien
món ăn từ sườn cơm gia đình,com_tam
ăn với tôm tỏi đơn giản,tom_xao_toi
mình có rau,canh_rau
ăn với gà cơm,com_ga
tôi muốn nấu trứng,trung_luoc
tôi muốn nấu gà rau nướng,lau_ga
ăn với thịt rau,thit_xao_rau
có trứng bánh mì thì nấu gì xào,banh_mi_op_la
món ăn từ gà cơm,com_ga
trứng bánh mì,banh_mi_trung
mực tôm rau,lau_thai
nguyên liệu: gà,ga_chien
nấu mì tôm mực ngon được gì,mi_xao_hai_san
món ăn từ gà cà rốt đơn giản,sup_ga
có thịt bánh mì thì nấu gì luộc,banh_mi_thit
nấu gà đơn giản được gì,canh_ga
nguyên liệu: trứng cơm rau,com_tron
nguyên liệu: tôm cơm mực ngon luộc,com_chien_hai_san
ăn với trứng nhanh,trung_cuon
tôi muốn nấu hành trứng cơm,com_chien_trung
cơm sườn kho,com_tam
nguyên liệu: thịt rau xào,thit_xao_rau
nấu trứng thịt được gì,trung_xao_thit
nguyên liệu: rau nhanh,canh_rau
món ăn từ cơm tôm mực,com_chien_hai_san
bò phở,pho_bo
ăn với trứng,trung_chien
có cá thì nấu gì chiên,ca_chien
nguyên liệu: rau thịt kho,thit_xao_rau
món ăn từ đậu cơm xúc xích trứng gia đình xào,com_chien_duong_chau
có gà gia đình thì nấu gì,ga_nuong
làm món từ cà chua trứng,trung_chien_ca_chua
có tôm mực rau thì nấu gì,lau_thai
nấu mì bò được gì,mi_xao_bo
tôi có tỏi tôm,tom_xao_toi
tôi muốn nấu bò mì,mi_xao_bo
nấu cá đơn giản được gì,ca_chien
nguyên liệu: sườn xào,suon_kho
ăn với cá,ca_kho
ăn với trứng,trung_chien
làm món từ rau hấp,canh_rau
nguyên liệu: thịt trứng chiên,trung_xao_thit
món ăn từ bún bò ngon,bun_bo
có trứng thịt thì nấu gì,thit_kho_trung
mình có trứng thịt ngon,thit_kho_trung
đậu hũ luộc,dau_hu_chien
món ăn từ rau thịt,thit_xao_rau
ăn với bò mì ngon,mi_xao_bo
có hành trứng đơn giản thì nấu gì kho,trung_xao_hanh
mình có hành bò nướng,bo_xao_hanh
gà cà rốt,sup_ga
nguyên liệu: thịt nhanh kho,thit_nuong
đậu hũ xào,dau_hu_chien
mình có cá,ca_kho
tôi có mì rau trộn,mi_tron
ăn với đậu hũ nướng,dau_hu_chien
có tỏi rau thì nấu gì,rau_xao_toi
ăn với trứng mì xào,mi_xao_trung
tôi có cà rốt gà hấp,sup_ga
món ăn từ sườn nhanh,suon_nuong
nấu gà nhanh được gì hấp,canh_ga
tôi muốn nấu trứng,trung_cuon
món ăn từ trứng cà chua trộn,trung_chien_ca_chua
ăn với bánh mì thịt luộc,banh_mi_thit
tôi có thịt nướng,thit_nuong
ăn với bò hành gia đình,bo_xao_hanh
tôi muốn nấu tôm mực rau kho,lau_thai
có rau mì thì nấu gì hấp,mi_tron
tôi muốn nấu bò bún gia đình,bun_bo
mình có gà đơn giản,ga_nuong
nguyên liệu: tỏi rau xào,rau_xao_toi
nấu sườn được gì,suon_nuong
làm món từ trứng,trung_op_la
món ăn từ trứng,trung_cuon
tôi có rau tỏi,rau_xao_toi
ăn với khoai cà rốt bò nhanh kho,bo_kho
mình có gà cơm kho,com_ga
tôi có phở bò nướng,pho_bo
làm món từ thịt trứng kho,trung_xao_thit
làm món từ cơm gà,com_ga
món ăn từ rau trứng cơm,com_tron
tôi muốn nấu tôm mực mì đơn giản,mi_xao_hai_san
nấu bò mì được gì,mi_xao_bo
nguyên liệu: cơm sườn,com_tam
nguyên liệu: gà,ga_nuong
nấu gà được gì,canh_ga
ăn với bò mì đơn giản nướng,mi_xao_bo
nấu đậu hũ cà chua được gì,dau_hu_sot_ca
nấu cà chua trứng đơn giản được gì,canh_trung_ca_chua
có mì bò thì nấu gì,mi_xao_bo
nguyên liệu: tỏi rau nhanh,rau_xao_toi
tôi có tôm mực mì,mi_xao_hai_san
tôi có trứng bánh mì,banh_mi_trung
làm món từ trứng,trung_hap
nấu bò cà rốt khoai ngon được gì,bo_kho
thịt rau chiên,thit_xao_rau
ăn với rau nhanh,canh_rau
tôi muốn nấu gà rau,lau_ga
rau thịt ngon,thit_xao_rau
mình có gà,ga_chien
ăn với trứng gia đình,trung_cuon
mình có đậu hũ cà chua nướng,dau_hu_sot_ca
nguyên liệu: cá đơn giản,ca_chien
ăn với trứng,trung_hap
món ăn từ thịt,thit_nuong
làm món từ gà cà rốt chiên,sup_ga
làm món từ sườn cơm trộn,com_tam
có trứng bánh mì thì nấu gì trộn,banh_mi_op_la
mình có sườn,suon_kho
nguyên liệu: trứng cà chua,trung_chien_ca_chua
tôi muốn nấu bún bò,bun_bo
nấu tôm mực rau được gì,lau_thai
món ăn từ cà chua trứng đơn giản,canh_trung_ca_chua
có rau thịt ngon thì nấu gì xào,thit_xao_rau
làm món từ mì hấp,mi_goi
món ăn từ sườn hấp,suon_kho
tôi có cà rốt gà luộc,sup_ga
tôi có trứng,trung_luoc
mình có trứng,trung_cuon
làm món từ gà,canh_ga
nguyên liệu: tôm mực mì luộc,mi_xao_hai_san
có bún bò thì nấu gì,bun_bo
nấu thịt trứng được gì,trung_xao_thit
nguyên liệu: trứng cà chua,trung_chien_ca_chua
tôi có trứng cơm rau,com_tron
ăn với gà rau xào,lau_ga
món ăn từ trứng hành,trung_xao_hanh
gà,ga_chien
làm món từ mì trứng,mi_xao_trung
ăn với mực tôm cơm gia đình chiên,com_chien_hai_san
ăn với phở bò đơn giản,pho_bo
tôi có rau tỏi gia đình,rau_xao_toi
làm món từ cà rốt gà,sup_ga
thịt trứng,thit_kho_trung
tôi có bánh mì thịt,banh_mi_thit
có trứng cơm rau đơn giản thì nấu gì,com_tron
tôi muốn nấu mực tôm rau,lau_thai
tôi muốn nấu mì rau,mi_tron
món ăn từ bánh mì trứng đơn giản xào,banh_mi_trung
tôi muốn nấu hành cơm trứng đơn giản,com_chien_trung
có gà cơm thì nấu gì,com_ga
món ăn từ thịt rau nướng,thit_xao_rau
tôi muốn nấu sườn xào,suon_nuong
làm món từ gà nướng,ga_chien
món ăn từ thịt rau hấp,thit_xao_rau
ăn với gà hấp,ga_nuong
trứng gia đình trộn,trung_hap
tôi có mì trứng,mi_xao_trung
nấu gà cà rốt được gì hấp,sup_ga
mình có gà gia đình,ga_nuong
tôi có cà rốt bò khoai,bo_kho
mình có gà chiên,canh_ga
ăn với bò hành ngon xào,bo_xao_hanh
tôi muốn nấu đậu hũ cà chua hấp,dau_hu_sot_ca
món ăn từ rau cơm trứng,com_tron
tôi muốn nấu trứng cà chua,canh_trung_ca_chua
làm món từ gà trộn,canh_ga
ăn với gà kho,ga_chien
mình có gà cà rốt chiên,sup_ga
mì bò chiên,mi_xao_bo
tôi có đậu trứng cơm xúc xích chiên,com_chien_duong_chau
mình có gà kho,canh_ga
làm món từ rau tôm mực kho,lau_thai
ăn với bò hành luộc,bo_xao_hanh
tôi muốn nấu gà,ga_chien
món ăn từ mì trứng,mi_xao_trung
món ăn từ trứng kho,trung_chien
tôi muốn nấu trứng bánh mì,banh_mi_trung
nguyên liệu: gà nhanh chiên,ga_chien
món ăn từ thịt trứng,thit_kho_trung
mình có trứng cà chua,canh_trung_ca_chua
mình có phở bò gia đình xào,pho_bo
món ăn từ trứng rau cơm chiên,com_tron
có gà gia đình thì nấu gì,canh_ga
tôi muốn nấu phở bò,pho_bo
làm món từ mực mì tôm,mi_xao_hai_san
bò phở xào,pho_bo
trứng đậu xúc xích cơm,com_chien_duong_chau
nguyên liệu: trứng nướng,trung_op_la
mình có thịt bánh mì,banh_mi_thit
có thịt thì nấu gì hấp,thit_nuong
trứng cà chua trộn,canh_trung_ca_chua
nguyên liệu: gà,ga_chien
nấu tôm mì mực ngon được gì,mi_xao_hai_san
có đậu hũ cà chua thì nấu gì chiên,dau_hu_sot_ca
có bò hành thì nấu gì,bo_xao_hanh
trứng mì,mi_xao_trung
mình có gà gia đình chiên,ga_chien
làm món từ thịt rau ngon luộc,thit_xao_rau
tôi có gà gia đình,canh_ga
nấu mực cơm tôm được gì,com_chien_hai_san
tôi muốn nấu gà xào,ga_nuong
ăn với cơm trứng hành,com_chien_trung
ăn với đậu hũ,dau_hu_chien
món ăn từ sườn hấp,suon_nuong
nguyên liệu: trứng hành,trung_xao_hanh
có bò cà rốt khoai thì nấu gì hấp,bo_kho
mình có cá gia đình,ca_chien
nấu thịt rau được gì hấp,thit_xao_rau
nấu cà chua đậu hũ được gì,dau_hu_sot_ca
tôi muốn nấu trứng mì,mi_xao_trung
mình có hành cơm trứng,com_chien_trung
mực tôm mì ngon,mi_xao_hai_san
làm món từ sườn ngon,suon_kho
món ăn từ gà,ga_chien
trứng gia đình luộc,trung_cuon
tôi có mì trứng,mi_xao_trung
nấu tỏi rau đơn giản được gì trộn,rau_xao_toi
tôi có sườn,suon_kho
sườn,suon_nuong
làm món từ trứng rau cơm,com_tron
có phở bò gia đình thì nấu gì,pho_bo
tôi có bò mì ngon hấp,mi_xao_bo
món ăn từ hành bò hấp,bo_xao_hanh
cà chua trứng,trung_chien_ca_chua
ăn với trứng xào,trung_hap
mình có bánh mì trứng chiên,banh_mi_trung
mình có trứng,trung_luoc
mình có gà rau,lau_ga
nguyên liệu: rau,canh_rau
mình có mì hấp,mi_goi
mì bò,mi_xao_bo
gà xào,canh_ga
làm món từ trứng cà chua,trung_chien_ca_chua
món ăn từ trứng nhanh xào,trung_luoc
món ăn từ trứng gia đình,trung_luoc
tôi muốn nấu trứng,trung_chien
có bò phở thì nấu gì,pho_bo
tôi muốn nấu bò phở nhanh,pho_bo
nguyên liệu: tỏi tôm,tom_xao_toi
ăn với rau mực tôm,lau_thai
có mực tôm cơm thì nấu gì,com_chien_hai_san
tôm rau mực,lau_thai
tôi muốn nấu trứng,trung_cuon
nấu bò cà rốt khoai được gì xào,bo_kho
tôi có cá,ca_chien
làm món từ đậu hũ cà chua gia đình luộc,dau_hu_sot_ca
có trứng thì nấu gì,trung_luoc
nấu rau mì được gì,mi_tron
nấu trứng thịt được gì,thit_kho_trung
tôi muốn nấu rau ngon luộc,canh_rau
bánh mì thịt,banh_mi_thit
tôi muốn nấu gà rau xào,lau_ga
mình có phở bò gia đình nướng,pho_bo
tôi có trứng cơm đậu xúc xích,com_chien_duong_chau
ăn với rau tôm mực,lau_thai
món ăn từ rau thịt,thit_xao_rau
tôi muốn nấu gà,ga_chien
nguyên liệu: đậu hũ cà chua,dau_hu_sot_ca
nấu mực tôm cơm được gì,com_chien_hai_san
làm món từ hành trứng đơn giản chiên,trung_xao_hanh
nguyên liệu: mực tôm cơm trộn,com_chien_hai_san
làm món từ sườn,suon_nuong
rau xào,canh_rau
nguyên liệu: sườn cơm,com_tam
món ăn từ cơm trứng hành gia đình,com_chien_trung
làm món từ trứng chiên,trung_hap
tôi muốn nấu cà chua đậu hũ trộn,dau_hu_sot_ca
nấu sườn được gì,suon_kho
thịt trứng chiên,trung_xao_thit
có gà thì nấu gì xào,ga_nuong
mình có trứng cà chua,canh_trung_ca_chua
nấu gà được gì,ga_nuong
nấu bánh mì trứng được gì,banh_mi_trung
cá kho,ca_kho
cà chua trứng ngon,trung_chien_ca_chua
tôi có bún bò hấp,bun_bo
tôi có bánh mì trứng,banh_mi_op_la
nguyên liệu: bò phở,pho_bo
nấu gà được gì hấp,ga_chien
mình có gà rau,lau_ga
có gà rau ngon thì nấu gì,lau_ga
nấu sườn được gì,suon_nuong
làm món từ hành trứng cơm trộn,com_chien_trung
mình có đậu hũ trộn,dau_hu_chien
tôi muốn nấu tôm cơm mực ngon,com_chien_hai_san
tôi có cơm rau trứng,com_tron
hành bò,bo_xao_hanh
tôi có mì trứng gia đình,mi_xao_trung
ăn với sườn cơm,com_tam
nguyên liệu: khoai cà rốt bò,bo_kho
làm món từ rau tỏi,rau_xao_toi
ăn với cơm sườn,com_tam
ăn với hành bò,bo_xao_hanh
ăn với trứng đơn giản,trung_hap
nguyên liệu: tỏi rau xào,rau_xao_toi
nguyên liệu: trứng luộc,trung_op_la
nấu cơm sườn được gì hấp,com_tam
nấu đậu hũ được gì,dau_hu_chien
làm món từ sườn cơm,com_tam
trứng thịt xào,trung_xao_thit
cà chua trứng đơn giản luộc,trung_chien_ca_chua
ăn với gà cà rốt xào,sup_ga
ăn với trứng bánh mì ngon,banh_mi_op_la
mình có trứng rau cơm,com_tron
tôi có bánh mì thịt,banh_mi_thit
ăn với cà chua trứng,canh_trung_ca_chua
làm món từ hành cơm trứng,com_chien_trung
tôi muốn nấu trứng xào,trung_luoc
nguyên liệu: bò hành,bo_xao_hanh
mình có mì tôm mực đơn giản hấp,mi_xao_hai_san
tôi muốn nấu cà chua đậu hũ,dau_hu_sot_ca
nấu cà rốt gà gia đình được gì,sup_ga
có sườn thì nấu gì,suon_nuong
tôi có thịt trứng nướng,trung_xao_thit
nguyên liệu: cá ngon,ca_kho
mình có mì rau xào,mi_tron
làm món từ trứng mì,mi_xao_trung
ăn với bún bò trộn,bun_bo
tôi có cà chua trứng,canh_trung_ca_chua
trứng,trung_op_la
nguyên liệu: trứng,trung_hap
làm món từ trứng,trung_hap
tôi có gà trộn,canh_ga
có trứng hành cơm nhanh thì nấu gì,com_chien_trung
trứng xào,trung_op_la
tôm tỏi,tom_xao_toi
tôi muốn nấu cá xào,ca_kho
mình có cơm gà ngon hấp,com_ga
tôi có trứng cà chua chiên,canh_trung_ca_chua
mình có gà,ga_nuong
có sườn thì nấu gì chiên,suon_nuong
ăn với trứng,trung_chien
sườn hấp,suon_nuong
mì,mi_goi
nguyên liệu: mì,mi_goi
có thịt thì nấu gì trộn,thit_nuong
tôi có cơm trứng rau ngon,com_tron
bò phở,pho_bo
món ăn từ cà chua đậu hũ kho,dau_hu_sot_ca
có mì trứng thì nấu gì,mi_xao_trung
tôi có thịt trộn,thit_nuong
ăn với trứng nướng,trung_op_la
món ăn từ cơm rau trứng,com_tron
tôi có cà rốt bò khoai chiên,bo_kho
làm món từ trứng cà chua chiên,canh_trung_ca_chua
có trứng bánh mì thì nấu gì,banh_mi_op_la
bò hành gia đình trộn,bo_xao_hanh
mì trứng,mi_xao_trung
thịt,thit_nuong
tỏi tôm hấp,tom_xao_toi
tôi có sườn chiên,suon_kho
sườn,suon_kho
tôi có trứng thịt kho,thit_kho_trung
tôi có trứng gia đình nướng,trung_op_la
nấu trứng bánh mì đơn giản được gì,banh_mi_op_la
ăn với trứng cà chua trộn,trung_chien_ca_chua
có đậu hũ cà chua thì nấu gì,dau_hu_sot_ca
nấu trứng thịt được gì kho,thit_kho_trung
mình có bún bò luộc,bun_bo
món ăn từ tỏi tôm,tom_xao_toi
món ăn từ mì bò xào,mi_xao_bo
hành trứng luộc,trung_xao_hanh
nguyên liệu: cà chua đậu hũ,dau_hu_sot_ca
tôi muốn nấu cá,ca_chien
mình có trứng ngon nướng,trung_op_la
tôi có rau tỏi nướng,rau_xao_toi
trứng hành,trung_xao_hanh
món ăn từ rau tôm mực luộc,lau_thai
món ăn từ đậu hũ chiên,dau_hu_chien
tôi có gà hấp,ga_chien
ăn với gà,ga_chien
ăn với cơm sườn,com_tam
món ăn từ gà rau,lau_ga
mực tôm rau,lau_thai
nấu mì bò được gì,mi_xao_bo
sườn cơm gia đình luộc,com_tam
tôi muốn nấu sườn,suon_nuong
tôi có cà rốt bò khoai,bo_kho
mình có gà rau,lau_ga
bò khoai cà rốt,bo_kho
mình có rau,canh_rau
ăn với mì trứng,mi_xao_trung
nấu đậu hũ được gì,dau_hu_chien
mực tôm rau ngon,lau_thai
tôi có trứng mì,mi_xao_trung
có trứng thì nấu gì,trung_chien
tôi có trứng rau cơm nướng,com_tron
tôi có mực tôm mì nướng,mi_xao_hai_san
mình có bánh mì trứng gia đình,banh_mi_op_la
nguyên liệu: bánh mì trứng,banh_mi_op_la
có trứng hành thì nấu gì,trung_xao_hanh
ăn với cà chua trứng,canh_trung_ca_chua
ăn với cá kho,ca_chien
mực tôm mì,mi_xao_hai_san
tôi có sườn cơm,com_tam
cà chua trứng,canh_trung_ca_chua
bò khoai cà rốt,bo_kho
làm món từ bánh mì trứng kho,banh_mi_trung
món ăn từ trứng cà chua,trung_chien_ca_chua
nguyên liệu: tỏi tôm hấp,tom_xao_toi
tôi có tôm tỏi,tom_xao_toi
tôi có trứng xào,trung_cuon
tôi muốn nấu sườn xào,suon_nuong
nguyên liệu: mì,mi_goi
mình có thịt,thit_nuong
hành bò trộn,bo_xao_hanh
sườn hấp,suon_kho
ăn với thịt bánh mì xào,banh_mi_thit
tôi muốn nấu trứng luộc,trung_hap
rau tỏi,rau_xao_toi
món ăn từ gà cơm xào,com_ga
mình có gà cơm đơn giản,com_ga
nấu trứng được gì nướng,trung_op_la
tôi muốn nấu cơm rau trứng đơn giản trộn,com_tron
nấu gà được gì,ga_chien
làm món từ bò mì trộn,mi_xao_bo
nấu bánh mì trứng đơn giản được gì kho,banh_mi_trung
tôi có thịt trứng,trung_xao_thit
ăn với thịt,thit_nuong
nguyên liệu: trứng đơn giản nướng,trung_op_la
làm món từ mực mì tôm,mi_xao_hai_san
mình có trứng hấp,trung_cuon
tôi muốn nấu cà chua trứng xào,trung_chien_ca_chua
tôi có tôm mực rau kho,lau_thai
món ăn từ phở bò,pho_bo
nấu trứng cà chua được gì,trung_chien_ca_chua
tôi có trứng hành,trung_xao_hanh
tôi muốn nấu hành cơm trứng trộn,com_chien_trung
nguyên liệu: thịt rau,thit_xao_rau
món ăn từ gà cà rốt,sup_ga
rau tỏi ngon chiên,rau_xao_toi
mình có trứng luộc,trung_chien
nguyên liệu: cơm trứng hành xào,com_chien_trung
tôi có tôm mực rau,lau_thai
nguyên liệu: tôm rau mực,lau_thai
ăn với gà trộn,ga_chien
tôi có gà rau đơn giản,lau_ga
tôi muốn nấu đậu hũ cà chua nhanh,dau_hu_sot_ca
nguyên liệu: trứng cơm hành hấp,com_chien_trung
món ăn từ đậu hũ,dau_hu_chien
tôi có cá,ca_kho
rau gia đình,canh_rau
nguyên liệu: mực tôm mì,mi_xao_hai_san
nấu trứng rau cơm được gì,com_tron
có đậu hũ cà chua thì nấu gì luộc,dau_hu_sot_ca
mình có gà ngon kho,ga_nuong
nấu bò bún được gì,bun_bo
món ăn từ bánh mì trứng ngon xào,banh_mi_op_la
làm món từ trứng cơm đậu xúc xích nướng,com_chien_duong_chau
ăn với sườn,suon_kho
tôi có gà ngon,ga_nuong
nguyên liệu: cà rốt bò khoai nướng,bo_kho
tôi muốn nấu hành trứng cơm,com_chien_trung
sườn,suon_nuong
nguyên liệu: thịt bánh mì,banh_mi_thit
ăn với bánh mì trứng,banh_mi_op_la
nguyên liệu: thịt trứng hấp,trung_xao_thit
nấu trứng được gì luộc,trung_luoc
món ăn từ bò bún,bun_bo
nấu sườn được gì,suon_nuong
nấu đậu hũ được gì kho,dau_hu_chien
tôi có mì đơn giản,mi_goi
có trứng đơn giản thì nấu gì,trung_hap
có mực tôm mì thì nấu gì luộc,mi_xao_hai_san
món ăn từ gà kho,ga_chien
thịt trứng nhanh,thit_kho_trung
làm món từ cơm trứng hành xào,com_chien_trung
sườn cơm,com_tam
làm món từ cơm trứng hành,com_chien_trung
nấu trứng được gì,trung_chien
làm món từ trứng cơm rau,com_tron
tôi muốn nấu cà rốt bò khoai,bo_kho
tôi có thịt,thit_nuong
ăn với rau nướng,canh_rau
món ăn từ thịt,thit_nuong
mình có trứng hấp,trung_hap
ăn với bánh mì trứng,banh_mi_op_la
làm món từ phở bò đơn giản trộn,pho_bo
có trứng hành nhanh thì nấu gì,trung_xao_hanh
tôi muốn nấu rau thịt,thit_xao_rau
có mực tôm cơm thì nấu gì,com_chien_hai_san
làm món từ rau mì,mi_tron
làm món từ trứng hành cơm,com_chien_trung
món ăn từ đậu xúc xích trứng cơm xào,com_chien_duong_chau
làm món từ trứng,trung_luoc
tôi muốn nấu trứng thịt gia đình xào,thit_kho_trung
tôi muốn nấu trứng,trung_op_la
nguyên liệu: bò cà rốt khoai đơn giản,bo_kho
có bò mì thì nấu gì,mi_xao_bo
nấu phở bò gia đình được gì nướng,pho_bo
ăn với gà cà rốt chiên,sup_ga
mình có trứng đơn giản,trung_luoc
nấu tỏi tôm được gì hấp,tom_xao_toi
món ăn từ tỏi tôm,tom_xao_toi
ăn với thịt trứng,trung_xao_thit
mình có gà,ga_nuong
ăn với trứng,trung_luoc
tôi muốn nấu trứng,trung_cuon
tôi có sườn,suon_kho
trứng hành,trung_xao_hanh
có thịt bánh mì thì nấu gì,banh_mi_thit
thịt rau kho,thit_xao_rau
mình có cá xào,ca_chien
làm món từ trứng,trung_op_la
ăn với trứng ngon,trung_cuon
nấu trứng bánh mì được gì,banh_mi_op_la
có rau mì thì nấu gì,mi_tron
ăn với mì nhanh kho,mi_goi
tôi muốn nấu đậu hũ nướng,dau_hu_chien
rau cơm trứng nhanh xào,com_tron
nguyên liệu: hành trứng,trung_xao_hanh
tôi có trứng cà chua,canh_trung_ca_chua
trứng cà chua luộc,trung_chien_ca_chua
mình có thịt trứng luộc,thit_kho_trung
ăn với tôm mực mì,mi_xao_hai_san
nấu mì bò được gì,mi_xao_bo
ăn với rau mì,mi_tron
làm món từ trứng cà chua,trung_chien_ca_chua
tôi có trứng đơn giản,trung_chien
mình có mì trứng kho,mi_xao_trung
tôi có mực tôm cơm,com_chien_hai_san
mình có mực tôm mì ngon chiên,mi_xao_hai_san
có trứng thì nấu gì trộn,trung_cuon
món ăn từ gà rau,lau_ga
có cá thì nấu gì,ca_chien
món ăn từ trứng thịt chiên,trung_xao_thit
mình có gà cà rốt,sup_ga
mình có cà rốt khoai bò,bo_kho
mình có bún bò,bun_bo
rau gà,lau_ga
làm món từ bánh mì thịt,banh_mi_thit
tôi có trứng bánh mì hấp,banh_mi_op_la
mình có sườn cơm,com_tam
làm món từ sườn kho,suon_kho
nấu tôm cơm mực được gì,com_chien_hai_san
ăn với trứng,trung_cuon
nguyên liệu: rau mì,mi_tron
nấu thịt trứng được gì,thit_kho_trung
món ăn từ trứng nướng,trung_op_la
tôi muốn nấu trứng chiên,trung_op_la
trứng nhanh,trung_cuon
tôi muốn nấu sườn,suon_kho
cà rốt gà,sup_ga
ăn với trứng luộc,trung_hap
mực tôm mì gia đình,mi_xao_hai_san
làm món từ mì trứng,mi_xao_trung
trứng chiên,trung_op_la
nấu đậu hũ được gì,dau_hu_chien
tôi có khoai cà rốt bò kho,bo_kho
làm món từ trứng cơm rau,com_tron
nguyên liệu: cà chua trứng nướng,canh_trung_ca_chua
làm món từ hành trứng cơm,com_chien_trung
trứng chiên,trung_hap
ăn với cá chiên,ca_chien
nấu rau được gì,canh_rau
nấu thịt rau được gì chiên,thit_xao_rau
nấu trứng được gì kho,trung_cuon
tôi có cá luộc,ca_kho
tôi muốn nấu rau ngon,canh_rau
mình có cơm gà,com_ga
tôi có mì,mi_goi
nguyên liệu: hành trứng,trung_xao_hanh
có rau cơm trứng gia đình thì nấu gì,com_tron
có đậu hũ thì nấu gì kho,dau_hu_chien
mình có cơm gà,com_ga
tôi muốn nấu rau nướng,canh_rau
có trứng bánh mì thì nấu gì,banh_mi_op_la
rau thịt,thit_xao_rau
mình có rau mì ngon,mi_tron
nguyên liệu: rau thịt,thit_xao_rau
tôi muốn nấu rau tỏi,rau_xao_toi
ăn với trứng xào,trung_chien
tôi có sườn gia đình,suon_nuong
tôi muốn nấu gà,ga_chien
món ăn từ trứng mì,mi_xao_trung
tôi có mì gia đình,mi_goi
nguyên liệu: cà chua đậu hũ gia đình nướng,dau_hu_sot_ca
rau luộc,canh_rau
nguyên liệu: bò bún,bun_bo
có trứng đơn giản thì nấu gì nướng,trung_hap
món ăn từ bún bò gia đình,bun_bo
có cà chua trứng nhanh thì nấu gì hấp,trung_chien_ca_chua
ăn với tôm tỏi,tom_xao_toi
nấu đậu hũ được gì xào,dau_hu_chien
tôi có đậu hũ cà chua,dau_hu_sot_ca
món ăn từ bò cà rốt khoai trộn,bo_kho
món ăn từ rau thịt,thit_xao_rau
tôi có trứng luộc,trung_hap
nấu cà chua đậu hũ được gì,dau_hu_sot_ca
làm món từ trứng bánh mì,banh_mi_trung
mình có trứng gia đình,trung_op_la
ăn với trứng,trung_cuon
mình có phở bò trộn,pho_bo
tôi có cá chiên,ca_kho
làm món từ sườn luộc,suon_kho
ăn với gà ngon,ga_chien
có trứng mì thì nấu gì trộn,mi_xao_trung
hành trứng nhanh xào,trung_xao_hanh
nguyên liệu: gà,canh_ga
làm món từ thịt rau đơn giản,thit_xao_rau
món ăn từ bò hành chiên,bo_xao_hanh
làm món từ gà ngon kho,ga_nuong
có hành bò thì nấu gì kho,bo_xao_hanh
mình có mì rau,mi_tron
nấu gà được gì hấp,canh_ga
có mì trứng thì nấu gì xào,mi_xao_trung
nấu mì ngon được gì xào,mi_goi
tôi muốn nấu bún bò nhanh,bun_bo
có trứng thì nấu gì,trung_op_la
tôi có trứng,trung_hap
nấu trứng được gì,trung_op_la
bò mì xào,mi_xao_bo
ăn với hành trứng,trung_xao_hanh
có rau trứng cơm thì nấu gì hấp,com_tron
tôi có trứng đơn giản,trung_luoc
làm món từ trứng đơn giản kho,trung_op_la
mình có thịt bánh mì luộc,banh_mi_thit
có cà chua đậu hũ thì nấu gì kho,dau_hu_sot_ca
có thịt rau thì nấu gì trộn,thit_xao_rau
nguyên liệu: bò mì luộc,mi_xao_bo
nguyên liệu: hành cơm trứng nướng,com_chien_trung
nguyên liệu: sườn chiên,suon_nuong
mình có mực tôm mì kho,mi_xao_hai_san
mình có đậu hũ cà chua nướng,dau_hu_sot_ca
sườn cơm nhanh,com_tam
nguyên liệu: gà cà rốt hấp,sup_ga
nguyên liệu: cơm sườn hấp,com_tam
tôi có gà,canh_ga
tôi muốn nấu mì đơn giản,mi_goi
tôi muốn nấu mì bò gia đình chiên,mi_xao_bo
ăn với đậu hũ cà chua,dau_hu_sot_ca
nguyên liệu: mực cơm tôm,com_chien_hai_san
nấu xúc xích trứng đậu cơm được gì,com_chien_duong_chau
nấu cá được gì kho,ca_kho
tôi muốn nấu cơm hành trứng nướng,com_chien_trung
gà ngon trộn,canh_ga
tôi có mì rau trộn,mi_tron
mình có sườn,suon_kho
món ăn từ bún bò hấp,bun_bo
tôi muốn nấu thịt,thit_nuong
tôi muốn nấu bánh mì trứng nhanh,banh_mi_op_la
nấu sườn được gì,suon_kho
nấu tôm mực mì được gì,mi_xao_hai_san
ăn với thịt rau đơn giản,thit_xao_rau
món ăn từ rau,canh_rau
có bò cà rốt khoai thì nấu gì,bo_kho
nấu trứng hành cơm được gì,com_chien_trung
món ăn từ tôm tỏi chiên,tom_xao_toi
tôi muốn nấu mì rau xào,mi_tron
tôi muốn nấu mì đơn giản,mi_goi
nấu trứng được gì nướng,trung_luoc
tôi muốn nấu bò mì,mi_xao_bo
có sườn thì nấu gì nướng,suon_kho
tôi muốn nấu gà,ga_nuong
có gà thì nấu gì,ga_chien
tôi muốn nấu thịt bánh mì,banh_mi_thit
món ăn từ bò hành,bo_xao_hanh
nấu cá được gì hấp,ca_chien
nguyên liệu: phở bò,pho_bo
tôi có tôm rau mực nướng,lau_thai
làm món từ trứng cà chua gia đình xào,canh_trung_ca_chua
mì mực tôm,mi_xao_hai_san
mực cơm tôm gia đình,com_chien_hai_san
cá,ca_chien
tôi muốn nấu rau gà đơn giản,lau_ga
nguyên liệu: mực cơm tôm xào,com_chien_hai_san
cà chua đậu hũ,dau_hu_sot_ca
mình có tôm rau mực nướng,lau_thai
mình có gà nhanh,canh_ga
món ăn từ sườn,suon_kho
có trứng thịt thì nấu gì,trung_xao_thit
tôi có gà cơm,com_ga
cá hấp,ca_chien
mình có gà trộn,canh_ga
tôi muốn nấu trứng bánh mì đơn giản nướng,banh_mi_op_la
nguyên liệu: gà,ga_nuong
làm món từ bò phở,pho_bo
món ăn từ tỏi tôm đơn giản,tom_xao_toi
nấu bò bún được gì trộn,bun_bo
tôi muốn nấu tôm mì mực xào,mi_xao_hai_san
tôi có bò bún,bun_bo
nấu rau được gì nướng,canh_rau
nguyên liệu: trứng bánh mì,banh_mi_op_la
nấu trứng cơm rau gia đình được gì,com_tron
tôi có trứng rau cơm,com_tron
tôi có trứng nhanh luộc,trung_hap
nguyên liệu: trứng chiên,trung_hap
tôi có trứng bánh mì,banh_mi_trung
tôi muốn nấu trứng,trung_luoc
món ăn từ trứng thịt đơn giản,trung_xao_thit
nấu cơm gà gia đình được gì xào,com_ga
làm món từ đậu hũ luộc,dau_hu_chien
có tôm mực cơm thì nấu gì,com_chien_hai_san
món ăn từ trứng bánh mì,banh_mi_op_la
có trứng thì nấu gì,trung_cuon
ăn với sườn cơm,com_tam
nấu cà chua trứng được gì,trung_chien_ca_chua
tôi muốn nấu trứng,trung_hap
tôi có thịt rau ngon,thit_xao_rau
tôi muốn nấu cà chua trứng chiên,trung_chien_ca_chua
làm món từ mì rau nhanh,mi_tron
tôi muốn nấu trứng,trung_op_la
nấu trứng cà chua được gì,trung_chien_ca_chua
làm món từ rau,canh_rau
ăn với trứng mì,mi_xao_trung
mình có sườn cơm kho,com_tam
ăn với cơm rau trứng,com_tron
món ăn từ gà cà rốt đơn giản chiên,sup_ga
món ăn từ tỏi tôm nhanh trộn,tom_xao_toi
mì,mi_goi
ăn với bánh mì trứng ngon,banh_mi_op_la
món ăn từ trứng ngon,trung_hap
tôi có bánh mì trứng,banh_mi_trung
có tôm cơm mực thì nấu gì trộn,com_chien_hai_san
tôi có trứng kho,trung_cuon
có thịt trứng ngon thì nấu gì,trung_xao_thit
có đậu hũ thì nấu gì xào,dau_hu_chien
tôi có trứng thịt,trung_xao_thit
tôi muốn nấu cá,ca_kho
tôi có sườn,suon_nuong
tôi muốn nấu bánh mì trứng,banh_mi_op_la
cà chua trứng,trung_chien_ca_chua
thịt,thit_nuong
nguyên liệu: trứng thịt nhanh luộc,trung_xao_thit
cà chua đậu hũ,dau_hu_sot_ca
rau ngon luộc,canh_rau
có bò mì thì nấu gì,mi_xao_bo
nấu trứng bánh mì được gì,banh_mi_trung
mình có mì rau,mi_tron
món ăn từ bò hành,bo_xao_hanh
tôi muốn nấu cơm trứng rau kho,com_tron
tôi có tỏi rau nhanh,rau_xao_toi
nguyên liệu: sườn,suon_kho
tôi có trứng mì,mi_xao_trung
làm món từ đậu hũ,dau_hu_chien
mì,mi_goi
tôi muốn nấu rau,canh_rau
nguyên liệu: cơm gà,com_ga
tôi muốn nấu sườn,suon_nuong
ăn với cá nhanh,ca_chien
có bánh mì trứng thì nấu gì,banh_mi_trung
mình có sườn cơm đơn giản,com_tam
có bánh mì trứng nhanh thì nấu gì,banh_mi_trung
nấu thịt rau được gì,thit_xao_rau
có trứng cà chua thì nấu gì,trung_chien_ca_chua
có mì trứng thì nấu gì,mi_xao_trung
nguyên liệu: mì rau,mi_tron
tôi muốn nấu rau mì kho,mi_tron
ăn với bánh mì trứng chiên,banh_mi_op_la
nguyên liệu: sườn ngon chiên,suon_nuong
làm món từ hành trứng cơm ngon luộc,com_chien_trung
nguyên liệu: sườn luộc,suon_nuong
tôi muốn nấu trứng,trung_cuon
cà rốt khoai bò luộc,bo_kho
nấu sườn được gì,suon_kho
tôi muốn nấu gà,canh_ga
món ăn từ cá,ca_chien
tôi muốn nấu thịt trứng,thit_kho_trung
có cá thì nấu gì,ca_chien
tôi muốn nấu hành trứng,trung_xao_hanh
ăn với rau ngon,canh_rau
nấu cà chua trứng được gì hấp,trung_chien_ca_chua
nấu trứng đậu xúc xích cơm được gì,com_chien_duong_chau
nguyên liệu: mì bò,mi_xao_bo
tôi có cơm rau trứng,com_tron
rau mực tôm hấp,lau_thai
làm món từ bò mì nướng,mi_xao_bo
món ăn từ rau mì,mi_tron
mình có cá,ca_chien
nấu sườn ngon được gì chiên,suon_nuong
mình có trứng hành luộc,trung_xao_hanh
món ăn từ bò hành,bo_xao_hanh
ăn với mực rau tôm gia đình chiên,lau_thai
tôi muốn nấu bò mì trộn,mi_xao_bo
mình có bánh mì thịt,banh_mi_thit
mình có rau tỏi,rau_xao_toi
rau mì,mi_tron
tôi có thịt nướng,thit_nuong
làm món từ gà cà rốt trộn,sup_ga
bò hành,bo_xao_hanh
nguyên liệu: trứng xúc xích cơm đậu gia đình nướng,com_chien_duong_chau
món ăn từ đậu hũ xào,dau_hu_chien
nấu cà chua trứng được gì hấp,trung_chien_ca_chua
tôi muốn nấu gà,canh_ga
có trứng mì thì nấu gì trộn,mi_xao_trung
nấu gà được gì nướng,canh_ga
có gà thì nấu gì kho,canh_ga
có cà rốt gà thì nấu gì,sup_ga
làm món từ gà cà rốt trộn,sup_ga
mình có đậu trứng xúc xích cơm,com_chien_duong_chau
mình có rau,canh_rau
làm món từ cá kho,ca_chien
làm món từ hành bò nướng,bo_xao_hanh
mình có cơm sườn,com_tam
tôi có thịt rau,thit_xao_rau
làm món từ trứng bánh mì xào,banh_mi_op_la
ăn với gà đơn giản,ga_chien
ăn với gà,ga_chien
món ăn từ sườn,suon_nuong
trứng,trung_cuon
món ăn từ bò mì,mi_xao_bo
ăn với gà ngon,canh_ga
tôi có đậu hũ nướng,dau_hu_chien
có tỏi rau thì nấu gì,rau_xao_toi
nguyên liệu: bánh mì thịt,banh_mi_thit
có trứng thì nấu gì,trung_chien
mình có bánh mì thịt đơn giản kho,banh_mi_thit
nấu bánh mì trứng được gì hấp,banh_mi_op_la
mình có mì rau trộn,mi_tron
mình có trứng gia đình,trung_op_la
có hành bò thì nấu gì,bo_xao_hanh
ăn với sườn cơm,com_tam
mình có cá,ca_chien
trứng bánh mì,banh_mi_trung
món ăn từ mì bò,mi_xao_bo
tôi có tỏi tôm ngon,tom_xao_toi
nguyên liệu: hành trứng nướng,trung_xao_hanh
có cà chua trứng thì nấu gì,canh_trung_ca_chua
món ăn từ hành bò nhanh,bo_xao_hanh
tôi có bò bún,bun_bo
trứng chiên,trung_op_la
có gà thì nấu gì,ga_nuong
ăn với mì trứng,mi_xao_trung
nguyên liệu: tôm tỏi,tom_xao_toi
có rau thịt gia đình thì nấu gì,thit_xao_rau
mình có bún bò xào,bun_bo
tôi có cơm xúc xích trứng đậu kho,com_chien_duong_chau
nấu rau mì được gì,mi_tron
tôi có trứng ngon hấp,trung_op_la
có gà thì nấu gì,ga_nuong
có sườn cơm đơn giản thì nấu gì,com_tam
tôi có thịt chiên,thit_nuong
mình có sườn,suon_nuong
nấu sườn cơm nhanh được gì trộn,com_tam
nấu cơm mực tôm được gì,com_chien_hai_san
tôi có cà chua trứng ngon trộn,canh_trung_ca_chua
tôi có mực tôm rau nhanh chiên,lau_thai
mực tôm rau chiên,lau_thai
hành trứng,trung_xao_hanh
có gà thì nấu gì,canh_ga
nấu mì bò được gì trộn,mi_xao_bo
món ăn từ gà chiên,ga_chien
nấu gà được gì,ga_nuong
có trứng thì nấu gì,trung_chien
mình có cơm sườn,com_tam
tôi có trứng trộn,trung_cuon
ăn với bánh mì trứng,banh_mi_trung
tôi có cá gia đình trộn,ca_chien
tôi có trứng cà chua nướng,canh_trung_ca_chua
nguyên liệu: trứng đơn giản,trung_chien
món ăn từ rau thịt trộn,thit_xao_rau
tôi muốn nấu trứng kho,trung_op_la
làm món từ bánh mì thịt xào,banh_mi_thit
có bánh mì trứng thì nấu gì,banh_mi_trung
làm món từ trứng thịt gia đình,trung_xao_thit
cà chua trứng gia đình,canh_trung_ca_chua
mình có cá,ca_kho
món ăn từ thịt bánh mì xào,banh_mi_thit
nguyên liệu: mực mì tôm luộc,mi_xao_hai_san
mình có trứng mì,mi_xao_trung
tôi muốn nấu thịt rau chiên,thit_xao_rau
tôi muốn nấu gà,ga_chien
mực tôm cơm hấp,com_chien_hai_san
món ăn từ cá nướng,ca_chien
tôi có cá,ca_kho
ăn với trứng kho,trung_hap
có trứng cà chua gia đình thì nấu gì chiên,canh_trung_ca_chua
có đậu cơm xúc xích trứng thì nấu gì chiên,com_chien_duong_chau
mì rau,mi_tron
tôi muốn nấu rau mì,mi_tron
món ăn từ trứng nướng,trung_op_la
mình có cơm tôm mực,com_chien_hai_san
món ăn từ gà cơm nướng,com_ga
ăn với trứng thịt,trung_xao_thit
ăn với đậu hũ cà chua gia đình,dau_hu_sot_ca
tôi có khoai cà rốt bò nhanh hấp,bo_kho
nấu mì được gì luộc,mi_goi
ăn với trứng hấp,trung_chien
tôi muốn nấu trứng rau cơm,com_tron
nấu mì rau được gì hấp,mi_tron
tôi muốn nấu mì rau luộc,mi_tron
có trứng mì thì nấu gì,mi_xao_trung
có trứng thì nấu gì,trung_luoc
ăn với trứng cà chua,canh_trung_ca_chua
mực cơm tôm,com_chien_hai_san
rau tôm mực,lau_thai
ăn với sườn nhanh,suon_kho
món ăn từ mực rau tôm,lau_thai
tôi có cơm sườn ngon kho,com_tam
nấu rau được gì,canh_rau
sườn,suon_kho
tôi có thịt,thit_nuong
trứng hành,trung_xao_hanh
mình có gà hấp,ga_chien
làm món từ bò cà rốt khoai,bo_kho
trứng,trung_hap
mì rau luộc,mi_tron
nguyên liệu: tỏi tôm,tom_xao_toi
tôi muốn nấu trứng,trung_op_la
tôi muốn nấu bún bò luộc,bun_bo
mình có sườn đơn giản chiên,suon_nuong
làm món từ thịt,thit_nuong
có gà cơm thì nấu gì,com_ga
có gà cơm thì nấu gì chiên,com_ga
rau mực tôm luộc,lau_thai
làm món từ gà đơn giản,ga_chien
làm món từ bò phở,pho_bo
nguyên liệu: đậu cơm trứng xúc xích chiên,com_chien_duong_chau
nấu trứng ngon được gì hấp,trung_cuon
tôi có cá luộc,ca_chien
món ăn từ mì rau,mi_tron
món ăn từ xúc xích trứng cơm đậu,com_chien_duong_chau
nấu bánh mì trứng được gì hấp,banh_mi_trung
có thịt rau nhanh thì nấu gì,thit_xao_rau
gà rau,lau_ga
sườn,suon_kho
tôi có trứng,trung_cuon
có trứng đơn giản thì nấu gì,trung_op_la
nguyên liệu: cơm trứng rau,com_tron
tôi có trứng cơm rau trộn,com_tron
ăn với đậu hũ trộn,dau_hu_chien
tôi muốn nấu trứng thịt,trung_xao_thit
tôi có phở bò,pho_bo
nấu rau gà gia đình được gì nướng,lau_ga
có mì trứng thì nấu gì,mi_xao_trung
nấu sườn được gì chiên,suon_nuong
gà,ga_chien
làm món từ xúc xích trứng đậu cơm kho,com_chien_duong_chau
làm món từ bánh mì trứng nướng,banh_mi_trung
mình có bánh mì trứng,banh_mi_op_la
ăn với cơm gà chiên,com_ga
tôi có rau thịt,thit_xao_rau
có thịt rau gia đình thì nấu gì trộn,thit_xao_rau
nguyên liệu: bánh mì thịt,banh_mi_thit
có trứng thì nấu gì trộn,trung_luoc
mình có trứng,trung_op_la
tôi có phở bò,pho_bo
làm món từ cá,ca_chien
tôi có mì bò xào,mi_xao_bo
mình có trứng thịt luộc,trung_xao_thit
làm món từ trứng đơn giản chiên,trung_op_la
có trứng mì thì nấu gì,mi_xao_trung
nấu trứng được gì,trung_luoc
có cơm sườn đơn giản thì nấu gì,com_tam
có trứng bánh mì thì nấu gì nướng,banh_mi_trung
có cà rốt gà thì nấu gì,sup_ga
mình có bánh mì thịt,banh_mi_thit
tôi muốn nấu gà cà rốt luộc,sup_ga
mình có trứng,trung_luoc
nguyên liệu: gà,canh_ga
cơm gà đơn giản,com_ga
cơm trứng hành,com_chien_trung
tôm mực cơm,com_chien_hai_san
mình có hành bò đơn giản,bo_xao_hanh
món ăn từ trứng xúc xích đậu cơm xào,com_chien_duong_chau
tôi muốn nấu sườn cơm gia đình,com_tam
tôi có tỏi tôm trộn,tom_xao_toi
nấu cà chua trứng gia đình được gì,trung_chien_ca_chua
ăn với thịt chiên,thit_nuong
món ăn từ đậu hũ đơn giản nướng,dau_hu_chien
tôi có tỏi tôm nhanh,tom_xao_toi
nấu rau được gì xào,canh_rau
tôi có trứng hành trộn,trung_xao_hanh
có mì rau thì nấu gì,mi_tron
món ăn từ bò mì xào,mi_xao_bo
ăn với rau tỏi,rau_xao_toi
nấu trứng nhanh được gì,trung_hap
làm món từ bò bún nướng,bun_bo
làm món từ tôm cơm mực chiên,com_chien_hai_san
có cà chua trứng thì nấu gì,trung_chien_ca_chua
tôi muốn nấu sườn kho,suon_kho
làm món từ trứng,trung_hap
hành trứng cơm,com_chien_trung
trứng hành cơm,com_chien_trung
nguyên liệu: rau gà,lau_ga
tôi muốn nấu sườn cơm,com_tam
tôi có trứng bánh mì,banh_mi_trung
trứng cà chua,canh_trung_ca_chua
mình có cơm trứng hành,com_chien_trung
làm món từ gà,ga_nuong
có tôm mì mực thì nấu gì hấp,mi_xao_hai_san
món ăn từ tôm mực cơm,com_chien_hai_san
nấu trứng thịt được gì,trung_xao_thit
nguyên liệu: tôm mì mực,mi_xao_hai_san
tôi muốn nấu mì trứng luộc,mi_xao_trung
ăn với bánh mì thịt,banh_mi_thit
sườn,suon_nuong
có gà thì nấu gì,canh_ga
làm món từ bò hành,bo_xao_hanh
bánh mì thịt xào,banh_mi_thit
tôi có bánh mì trứng,banh_mi_trung
ăn với trứng,trung_op_la
nấu sườn được gì nướng,suon_nuong
ăn với thịt bánh mì,banh_mi_thit
rau tôm mực trộn,lau_thai
làm món từ trứng chiên,trung_op_la
tôi có gà nướng,ga_nuong
